candidate,office,district,party,county,precinct,votes
,Registered Voters,,REP,Camden,Barnumton,925.0
,Ballots Cast,,REP,Camden,Barnumton,249.0
Tony Monetti,U.S. Senate,,REP,Camden,Barnumton,17.0
Austin Petersen,U.S. Senate,,REP,Camden,Barnumton,16.0
Josh Hawley,U.S. Senate,,REP,Camden,Barnumton,156.0
Fred Ryman,U.S. Senate,,REP,Camden,Barnumton,2.0
Christina Smith,U.S. Senate,,REP,Camden,Barnumton,9.0
Kristi Nichols,U.S. Senate,,REP,Camden,Barnumton,30.0
Bradley Krembs,U.S. Senate,,REP,Camden,Barnumton,0.0
Ken Patterson,U.S. Senate,,REP,Camden,Barnumton,8.0
Brian G Hagg,U.S. Senate,,REP,Camden,Barnumton,0.0
Courtland Sykes,U.S. Senate,,REP,Camden,Barnumton,6.0
Peter Pfeifer,U.S. Senate,,REP,Camden,Barnumton,5.0
Kevin M Roach,State Auditor,,REP,Camden,Barnumton,55.0
David Wasinger,State Auditor,,REP,Camden,Barnumton,58.0
Paul Curtman,State Auditor,,REP,Camden,Barnumton,27.0
Saundra McDowell,State Auditor,,REP,Camden,Barnumton,78.0
Chadwick Bicknell,U S House,3,REP,Camden,Barnumton,
Blaine Luetkemeyer,U S House,3,REP,Camden,Barnumton,
John Webb,U S House,4,REP,Camden,Barnumton,83.0
Vicky Hartzler,U S House,4,REP,Camden,Barnumton,167.0
Justin Dan Brown,State Senate,16,REP,Camden,Barnumton,93.0
Diane Franklin,State Senate,16,REP,Camden,Barnumton,126.0
Keith Frederick,State Senate,16,REP,Camden,Barnumton,34.0
Suzie Pollock,State Representative,123,REP,Camden,Barnumton,
Thomas Wyatt,State Representative,123,REP,Camden,Barnumton,
Wes Powell,State Representative,123,REP,Camden,Barnumton,
Nathan Williams,State Representative,123,REP,Camden,Barnumton,
Rocky Miller,State Representative,124,REP,Camden,Barnumton,210.0
,Registered Voters,,DEM,Camden,Barnumton,925.0
,Ballots Cast,,DEM,Camden,Barnumton,117.0
Carla (Coffee) Wright,U S Senate,,DEM,Camden,Barnumton,2.0
Angelica Earl,U S Senate,,DEM,Camden,Barnumton,2.0
Leonard Joseph Steinman II,U S Senate,,DEM,Camden,Barnumton,1.0
John Hogan,U S Senate,,DEM,Camden,Barnumton,2.0
Travis Gonzalez,U S Senate,,DEM,Camden,Barnumton,1.0
David Faust,U S Senate,,DEM,Camden,Barnumton,1.0
Claire McCaskill,U S Senate,,DEM,Camden,Barnumton,108.0
Nicole Galloway,State Auditor,,DEM,Camden,Barnumton,103.0
Katy Geppert,U S House,3,DEM,Camden,Barnumton,
Renee Hoagenson,U S House,4,DEM,Camden,Barnumton,33.0
Hallie J Thompson,U S House,4,DEM,Camden,Barnumton,77.0
Ryan Dillon,State Senate,16,DEM,Camden,Barnumton,103.0
Joe Register,State Representative,123,DEM,Camden,Barnumton,
Steve Dakopolos,State Representative,124,DEM,Camden,Barnumton,102.0
,Registered Voters,,LIB,Camden,Barnumton,925.0
,Ballots Cast,,LIB,Camden,Barnumton,0.0
Japheth Campbell,U S Senate,,LIB,Camden,Barnumton,0.0
Sean O'Toole,State Auditor,,LIB,Camden,Barnumton,0.0
Donald V Stolle,U S House,3,LIB,Camden,Barnumton,0.0
Steven Koonse,U S House,4,LIB,Camden,Barnumton,0.0
Mark Bliss,U S House,4,LIB,Camden,Barnumton,0.0
,Registered Voters,,GRN,Camden,Barnumton,925.0
,Ballots Cast,,GRN,Camden,Barnumton,0.0
Jo Crain,U S Senate,,GRN,Camden,Barnumton,0.0
Jerome Bauer,U S Senate,,GRN,Camden,Barnumton,0.0
Don Fitz,State Auditor,,GRN,Camden,Barnumton,0.0
,Registered Voters,,CON,Camden,Barnumton,925.0
,Ballots Cast,,CON,Camden,Barnumton,0.0
Jacob Luetkemeyer,State Auditor,,CON,Camden,Barnumton,0.0
,Registered Voters,,REP,Camden,Camdenton 1,1998.0
,Ballots Cast,,REP,Camden,Camdenton 1,490.0
Tony Monetti,U.S. Senate,,REP,Camden,Camdenton 1,44.0
Austin Petersen,U.S. Senate,,REP,Camden,Camdenton 1,33.0
Josh Hawley,U.S. Senate,,REP,Camden,Camdenton 1,276.0
Fred Ryman,U.S. Senate,,REP,Camden,Camdenton 1,6.0
Christina Smith,U.S. Senate,,REP,Camden,Camdenton 1,36.0
Kristi Nichols,U.S. Senate,,REP,Camden,Camdenton 1,38.0
Bradley Krembs,U.S. Senate,,REP,Camden,Camdenton 1,4.0
Ken Patterson,U.S. Senate,,REP,Camden,Camdenton 1,20.0
Brian G Hagg,U.S. Senate,,REP,Camden,Camdenton 1,11.0
Courtland Sykes,U.S. Senate,,REP,Camden,Camdenton 1,9.0
Peter Pfeifer,U.S. Senate,,REP,Camden,Camdenton 1,13.0
Kevin M Roach,State Auditor,,REP,Camden,Camdenton 1,100.0
David Wasinger,State Auditor,,REP,Camden,Camdenton 1,115.0
Paul Curtman,State Auditor,,REP,Camden,Camdenton 1,78.0
Saundra McDowell,State Auditor,,REP,Camden,Camdenton 1,159.0
Chadwick Bicknell,U S House,3,REP,Camden,Camdenton 1,69.0
Blaine Luetkemeyer,U S House,3,REP,Camden,Camdenton 1,306.0
John Webb,U S House,4,REP,Camden,Camdenton 1,45.0
Vicky Hartzler,U S House,4,REP,Camden,Camdenton 1,87.0
Justin Dan Brown,State Senate,16,REP,Camden,Camdenton 1,112.0
Diane Franklin,State Senate,16,REP,Camden,Camdenton 1,317.0
Keith Frederick,State Senate,16,REP,Camden,Camdenton 1,111.0
Suzie Pollock,State Representative,123,REP,Camden,Camdenton 1,117.0
Thomas Wyatt,State Representative,123,REP,Camden,Camdenton 1,191.0
Wes Powell,State Representative,123,REP,Camden,Camdenton 1,23.0
Nathan Williams,State Representative,123,REP,Camden,Camdenton 1,178.0
Rocky Miller,State Representative,124,REP,Camden,Camdenton 1,
,Registered Voters,,DEM,Camden,Camdenton 1,1998.0
,Ballots Cast,,DEM,Camden,Camdenton 1,102.0
Carla (Coffee) Wright,U S Senate,,DEM,Camden,Camdenton 1,5.0
Angelica Earl,U S Senate,,DEM,Camden,Camdenton 1,2.0
Leonard Joseph Steinman II,U S Senate,,DEM,Camden,Camdenton 1,1.0
John Hogan,U S Senate,,DEM,Camden,Camdenton 1,2.0
Travis Gonzalez,U S Senate,,DEM,Camden,Camdenton 1,4.0
David Faust,U S Senate,,DEM,Camden,Camdenton 1,4.0
Claire McCaskill,U S Senate,,DEM,Camden,Camdenton 1,84.0
Nicole Galloway,State Auditor,,DEM,Camden,Camdenton 1,97.0
Katy Geppert,U S House,3,DEM,Camden,Camdenton 1,61.0
Renee Hoagenson,U S House,4,DEM,Camden,Camdenton 1,10.0
Hallie J Thompson,U S House,4,DEM,Camden,Camdenton 1,21.0
Ryan Dillon,State Senate,16,DEM,Camden,Camdenton 1,96.0
Joe Register,State Representative,123,DEM,Camden,Camdenton 1,92.0
Steve Dakopolos,State Representative,124,DEM,Camden,Camdenton 1,
,Registered Voters,,LIB,Camden,Camdenton 1,1998.0
,Ballots Cast,,LIB,Camden,Camdenton 1,1.0
Japheth Campbell,U S Senate,,LIB,Camden,Camdenton 1,1.0
Sean O'Toole,State Auditor,,LIB,Camden,Camdenton 1,1.0
Donald V Stolle,U S House,3,LIB,Camden,Camdenton 1,0.0
Steven Koonse,U S House,4,LIB,Camden,Camdenton 1,0.0
Mark Bliss,U S House,4,LIB,Camden,Camdenton 1,1.0
,Registered Voters,,GRN,Camden,Camdenton 1,1998.0
,Ballots Cast,,GRN,Camden,Camdenton 1,0.0
Jo Crain,U S Senate,,GRN,Camden,Camdenton 1,0.0
Jerome Bauer,U S Senate,,GRN,Camden,Camdenton 1,0.0
Don Fitz,State Auditor,,GRN,Camden,Camdenton 1,0.0
,Registered Voters,,CON,Camden,Camdenton 1,1998.0
,Ballots Cast,,CON,Camden,Camdenton 1,0.0
Jacob Luetkemeyer,State Auditor,,CON,Camden,Camdenton 1,0.0
,Registered Voters,,REP,Camden,Camdenton 2,2052.0
,Ballots Cast,,REP,Camden,Camdenton 2,512.0
Tony Monetti,U.S. Senate,,REP,Camden,Camdenton 2,35.0
Austin Petersen,U.S. Senate,,REP,Camden,Camdenton 2,37.0
Josh Hawley,U.S. Senate,,REP,Camden,Camdenton 2,288.0
Fred Ryman,U.S. Senate,,REP,Camden,Camdenton 2,9.0
Christina Smith,U.S. Senate,,REP,Camden,Camdenton 2,29.0
Kristi Nichols,U.S. Senate,,REP,Camden,Camdenton 2,72.0
Bradley Krembs,U.S. Senate,,REP,Camden,Camdenton 2,3.0
Ken Patterson,U.S. Senate,,REP,Camden,Camdenton 2,16.0
Brian G Hagg,U.S. Senate,,REP,Camden,Camdenton 2,6.0
Courtland Sykes,U.S. Senate,,REP,Camden,Camdenton 2,3.0
Peter Pfeifer,U.S. Senate,,REP,Camden,Camdenton 2,14.0
Kevin M Roach,State Auditor,,REP,Camden,Camdenton 2,100.0
David Wasinger,State Auditor,,REP,Camden,Camdenton 2,126.0
Paul Curtman,State Auditor,,REP,Camden,Camdenton 2,77.0
Saundra McDowell,State Auditor,,REP,Camden,Camdenton 2,169.0
Chadwick Bicknell,U S House,3,REP,Camden,Camdenton 2,129.0
Blaine Luetkemeyer,U S House,3,REP,Camden,Camdenton 2,386.0
John Webb,U S House,4,REP,Camden,Camdenton 2,
Vicky Hartzler,U S House,4,REP,Camden,Camdenton 2,
Justin Dan Brown,State Senate,16,REP,Camden,Camdenton 2,142.0
Diane Franklin,State Senate,16,REP,Camden,Camdenton 2,305.0
Keith Frederick,State Senate,16,REP,Camden,Camdenton 2,99.0
Suzie Pollock,State Representative,123,REP,Camden,Camdenton 2,153.0
Thomas Wyatt,State Representative,123,REP,Camden,Camdenton 2,143.0
Wes Powell,State Representative,123,REP,Camden,Camdenton 2,30.0
Nathan Williams,State Representative,123,REP,Camden,Camdenton 2,196.0
Rocky Miller,State Representative,124,REP,Camden,Camdenton 2,
,Registered Voters,,DEM,Camden,Camdenton 2,2052.0
,Ballots Cast,,DEM,Camden,Camdenton 2,116.0
Carla (Coffee) Wright,U S Senate,,DEM,Camden,Camdenton 2,10.0
Angelica Earl,U S Senate,,DEM,Camden,Camdenton 2,1.0
Leonard Joseph Steinman II,U S Senate,,DEM,Camden,Camdenton 2,1.0
John Hogan,U S Senate,,DEM,Camden,Camdenton 2,2.0
Travis Gonzalez,U S Senate,,DEM,Camden,Camdenton 2,2.0
David Faust,U S Senate,,DEM,Camden,Camdenton 2,4.0
Claire McCaskill,U S Senate,,DEM,Camden,Camdenton 2,96.0
Nicole Galloway,State Auditor,,DEM,Camden,Camdenton 2,97.0
Katy Geppert,U S House,3,DEM,Camden,Camdenton 2,97.0
Renee Hoagenson,U S House,4,DEM,Camden,Camdenton 2,
Hallie J Thompson,U S House,4,DEM,Camden,Camdenton 2,
Ryan Dillon,State Senate,16,DEM,Camden,Camdenton 2,93.0
Joe Register,State Representative,123,DEM,Camden,Camdenton 2,95.0
Steve Dakopolos,State Representative,124,DEM,Camden,Camdenton 2,
,Registered Voters,,LIB,Camden,Camdenton 2,2052.0
,Ballots Cast,,LIB,Camden,Camdenton 2,4.0
Japheth Campbell,U S Senate,,LIB,Camden,Camdenton 2,4.0
Sean O'Toole,State Auditor,,LIB,Camden,Camdenton 2,4.0
Donald V Stolle,U S House,3,LIB,Camden,Camdenton 2,4.0
Steven Koonse,U S House,4,LIB,Camden,Camdenton 2,
Mark Bliss,U S House,4,LIB,Camden,Camdenton 2,
,Registered Voters,,GRN,Camden,Camdenton 2,2052.0
,Ballots Cast,,GRN,Camden,Camdenton 2,0.0
Jo Crain,U S Senate,,GRN,Camden,Camdenton 2,0.0
Jerome Bauer,U S Senate,,GRN,Camden,Camdenton 2,0.0
Don Fitz,State Auditor,,GRN,Camden,Camdenton 2,0.0
,Registered Voters,,CON,Camden,Camdenton 2,2052.0
,Ballots Cast,,CON,Camden,Camdenton 2,0.0
Jacob Luetkemeyer,State Auditor,,CON,Camden,Camdenton 2,0.0
,Registered Voters,,REP,Camden,Camdenton 3 & Ha Ha Tonka,2533.0
,Ballots Cast,,REP,Camden,Camdenton 3 & Ha Ha Tonka,680.0
Tony Monetti,U.S. Senate,,REP,Camden,Camdenton 3 & Ha Ha Tonka,56.0
Austin Petersen,U.S. Senate,,REP,Camden,Camdenton 3 & Ha Ha Tonka,50.0
Josh Hawley,U.S. Senate,,REP,Camden,Camdenton 3 & Ha Ha Tonka,397.0
Fred Ryman,U.S. Senate,,REP,Camden,Camdenton 3 & Ha Ha Tonka,11.0
Christina Smith,U.S. Senate,,REP,Camden,Camdenton 3 & Ha Ha Tonka,37.0
Kristi Nichols,U.S. Senate,,REP,Camden,Camdenton 3 & Ha Ha Tonka,73.0
Bradley Krembs,U.S. Senate,,REP,Camden,Camdenton 3 & Ha Ha Tonka,6.0
Ken Patterson,U.S. Senate,,REP,Camden,Camdenton 3 & Ha Ha Tonka,18.0
Brian G Hagg,U.S. Senate,,REP,Camden,Camdenton 3 & Ha Ha Tonka,11.0
Courtland Sykes,U.S. Senate,,REP,Camden,Camdenton 3 & Ha Ha Tonka,9.0
Peter Pfeifer,U.S. Senate,,REP,Camden,Camdenton 3 & Ha Ha Tonka,12.0
Kevin M Roach,State Auditor,,REP,Camden,Camdenton 3 & Ha Ha Tonka,136.0
David Wasinger,State Auditor,,REP,Camden,Camdenton 3 & Ha Ha Tonka,174.0
Paul Curtman,State Auditor,,REP,Camden,Camdenton 3 & Ha Ha Tonka,92.0
Saundra McDowell,State Auditor,,REP,Camden,Camdenton 3 & Ha Ha Tonka,217.0
Chadwick Bicknell,U S House,3,REP,Camden,Camdenton 3 & Ha Ha Tonka,120.0
Blaine Luetkemeyer,U S House,3,REP,Camden,Camdenton 3 & Ha Ha Tonka,452.0
John Webb,U S House,4,REP,Camden,Camdenton 3 & Ha Ha Tonka,38.0
Vicky Hartzler,U S House,4,REP,Camden,Camdenton 3 & Ha Ha Tonka,91.0
Justin Dan Brown,State Senate,16,REP,Camden,Camdenton 3 & Ha Ha Tonka,177.0
Diane Franklin,State Senate,16,REP,Camden,Camdenton 3 & Ha Ha Tonka,405.0
Keith Frederick,State Senate,16,REP,Camden,Camdenton 3 & Ha Ha Tonka,149.0
Suzie Pollock,State Representative,123,REP,Camden,Camdenton 3 & Ha Ha Tonka,211.0
Thomas Wyatt,State Representative,123,REP,Camden,Camdenton 3 & Ha Ha Tonka,192.0
Wes Powell,State Representative,123,REP,Camden,Camdenton 3 & Ha Ha Tonka,50.0
Nathan Williams,State Representative,123,REP,Camden,Camdenton 3 & Ha Ha Tonka,231.0
Rocky Miller,State Representative,124,REP,Camden,Camdenton 3 & Ha Ha Tonka,
,Registered Voters,,DEM,Camden,Camdenton 3 & Ha Ha Tonka,2533.0
,Ballots Cast,,DEM,Camden,Camdenton 3 & Ha Ha Tonka,135.0
Carla (Coffee) Wright,U S Senate,,DEM,Camden,Camdenton 3 & Ha Ha Tonka,3.0
Angelica Earl,U S Senate,,DEM,Camden,Camdenton 3 & Ha Ha Tonka,3.0
Leonard Joseph Steinman II,U S Senate,,DEM,Camden,Camdenton 3 & Ha Ha Tonka,1.0
John Hogan,U S Senate,,DEM,Camden,Camdenton 3 & Ha Ha Tonka,6.0
Travis Gonzalez,U S Senate,,DEM,Camden,Camdenton 3 & Ha Ha Tonka,2.0
David Faust,U S Senate,,DEM,Camden,Camdenton 3 & Ha Ha Tonka,2.0
Claire McCaskill,U S Senate,,DEM,Camden,Camdenton 3 & Ha Ha Tonka,118.0
Nicole Galloway,State Auditor,,DEM,Camden,Camdenton 3 & Ha Ha Tonka,119.0
Katy Geppert,U S House,3,DEM,Camden,Camdenton 3 & Ha Ha Tonka,106.0
Renee Hoagenson,U S House,4,DEM,Camden,Camdenton 3 & Ha Ha Tonka,6.0
Hallie J Thompson,U S House,4,DEM,Camden,Camdenton 3 & Ha Ha Tonka,13.0
Ryan Dillon,State Senate,16,DEM,Camden,Camdenton 3 & Ha Ha Tonka,122.0
Joe Register,State Representative,123,DEM,Camden,Camdenton 3 & Ha Ha Tonka,121.0
Steve Dakopolos,State Representative,124,DEM,Camden,Camdenton 3 & Ha Ha Tonka,
,Registered Voters,,LIB,Camden,Camdenton 3 & Ha Ha Tonka,2533.0
,Ballots Cast,,LIB,Camden,Camdenton 3 & Ha Ha Tonka,4.0
Japheth Campbell,U S Senate,,LIB,Camden,Camdenton 3 & Ha Ha Tonka,4.0
Sean O'Toole,State Auditor,,LIB,Camden,Camdenton 3 & Ha Ha Tonka,4.0
Donald V Stolle,U S House,3,LIB,Camden,Camdenton 3 & Ha Ha Tonka,2.0
Steven Koonse,U S House,4,LIB,Camden,Camdenton 3 & Ha Ha Tonka,1.0
Mark Bliss,U S House,4,LIB,Camden,Camdenton 3 & Ha Ha Tonka,1.0
,Registered Voters,,GRN,Camden,Camdenton 3 & Ha Ha Tonka,2533.0
,Ballots Cast,,GRN,Camden,Camdenton 3 & Ha Ha Tonka,0.0
Jo Crain,U S Senate,,GRN,Camden,Camdenton 3 & Ha Ha Tonka,0.0
Jerome Bauer,U S Senate,,GRN,Camden,Camdenton 3 & Ha Ha Tonka,0.0
Don Fitz,State Auditor,,GRN,Camden,Camdenton 3 & Ha Ha Tonka,0.0
,Registered Voters,,CON,Camden,Camdenton 3 & Ha Ha Tonka,2533.0
,Ballots Cast,,CON,Camden,Camdenton 3 & Ha Ha Tonka,2.0
Jacob Luetkemeyer,State Auditor,,CON,Camden,Camdenton 3 & Ha Ha Tonka,2.0
,Registered Voters,,REP,Camden,Climax Springs,965.0
,Ballots Cast,,REP,Camden,Climax Springs,272.0
Tony Monetti,U.S. Senate,,REP,Camden,Climax Springs,17.0
Austin Petersen,U.S. Senate,,REP,Camden,Climax Springs,16.0
Josh Hawley,U.S. Senate,,REP,Camden,Climax Springs,177.0
Fred Ryman,U.S. Senate,,REP,Camden,Climax Springs,4.0
Christina Smith,U.S. Senate,,REP,Camden,Climax Springs,15.0
Kristi Nichols,U.S. Senate,,REP,Camden,Climax Springs,24.0
Bradley Krembs,U.S. Senate,,REP,Camden,Climax Springs,1.0
Ken Patterson,U.S. Senate,,REP,Camden,Climax Springs,8.0
Brian G Hagg,U.S. Senate,,REP,Camden,Climax Springs,2.0
Courtland Sykes,U.S. Senate,,REP,Camden,Climax Springs,2.0
Peter Pfeifer,U.S. Senate,,REP,Camden,Climax Springs,6.0
Kevin M Roach,State Auditor,,REP,Camden,Climax Springs,58.0
David Wasinger,State Auditor,,REP,Camden,Climax Springs,62.0
Paul Curtman,State Auditor,,REP,Camden,Climax Springs,25.0
Saundra McDowell,State Auditor,,REP,Camden,Climax Springs,101.0
Chadwick Bicknell,U S House,3,REP,Camden,Climax Springs,
Blaine Luetkemeyer,U S House,3,REP,Camden,Climax Springs,
John Webb,U S House,4,REP,Camden,Climax Springs,79.0
Vicky Hartzler,U S House,4,REP,Camden,Climax Springs,194.0
Justin Dan Brown,State Senate,16,REP,Camden,Climax Springs,98.0
Diane Franklin,State Senate,16,REP,Camden,Climax Springs,147.0
Keith Frederick,State Senate,16,REP,Camden,Climax Springs,26.0
Suzie Pollock,State Representative,123,REP,Camden,Climax Springs,
Thomas Wyatt,State Representative,123,REP,Camden,Climax Springs,
Wes Powell,State Representative,123,REP,Camden,Climax Springs,
Nathan Williams,State Representative,123,REP,Camden,Climax Springs,
Rocky Miller,State Representative,124,REP,Camden,Climax Springs,235.0
,Registered Voters,,DEM,Camden,Climax Springs,965.0
,Ballots Cast,,DEM,Camden,Climax Springs,113.0
Carla (Coffee) Wright,U S Senate,,DEM,Camden,Climax Springs,1.0
Angelica Earl,U S Senate,,DEM,Camden,Climax Springs,1.0
Leonard Joseph Steinman II,U S Senate,,DEM,Camden,Climax Springs,1.0
John Hogan,U S Senate,,DEM,Camden,Climax Springs,9.0
Travis Gonzalez,U S Senate,,DEM,Camden,Climax Springs,1.0
David Faust,U S Senate,,DEM,Camden,Climax Springs,5.0
Claire McCaskill,U S Senate,,DEM,Camden,Climax Springs,95.0
Nicole Galloway,State Auditor,,DEM,Camden,Climax Springs,93.0
Katy Geppert,U S House,3,DEM,Camden,Climax Springs,
Renee Hoagenson,U S House,4,DEM,Camden,Climax Springs,46.0
Hallie J Thompson,U S House,4,DEM,Camden,Climax Springs,54.0
Ryan Dillon,State Senate,16,DEM,Camden,Climax Springs,96.0
Joe Register,State Representative,123,DEM,Camden,Climax Springs,
Steve Dakopolos,State Representative,124,DEM,Camden,Climax Springs,95.0
,Registered Voters,,LIB,Camden,Climax Springs,965.0
,Ballots Cast,,LIB,Camden,Climax Springs,0.0
Japheth Campbell,U S Senate,,LIB,Camden,Climax Springs,0.0
Sean O'Toole,State Auditor,,LIB,Camden,Climax Springs,0.0
Donald V Stolle,U S House,3,LIB,Camden,Climax Springs,0.0
Steven Koonse,U S House,4,LIB,Camden,Climax Springs,0.0
Mark Bliss,U S House,4,LIB,Camden,Climax Springs,0.0
,Registered Voters,,GRN,Camden,Climax Springs,965.0
,Ballots Cast,,GRN,Camden,Climax Springs,0.0
Jo Crain,U S Senate,,GRN,Camden,Climax Springs,0.0
Jerome Bauer,U S Senate,,GRN,Camden,Climax Springs,0.0
Don Fitz,State Auditor,,GRN,Camden,Climax Springs,0.0
,Registered Voters,,CON,Camden,Climax Springs,965.0
,Ballots Cast,,CON,Camden,Climax Springs,0.0
Jacob Luetkemeyer,State Auditor,,CON,Camden,Climax Springs,0.0
,Registered Voters,,REP,Camden,Decaturville,1088.0
,Ballots Cast,,REP,Camden,Decaturville,336.0
Tony Monetti,U.S. Senate,,REP,Camden,Decaturville,31.0
Austin Petersen,U.S. Senate,,REP,Camden,Decaturville,24.0
Josh Hawley,U.S. Senate,,REP,Camden,Decaturville,190.0
Fred Ryman,U.S. Senate,,REP,Camden,Decaturville,8.0
Christina Smith,U.S. Senate,,REP,Camden,Decaturville,27.0
Kristi Nichols,U.S. Senate,,REP,Camden,Decaturville,28.0
Bradley Krembs,U.S. Senate,,REP,Camden,Decaturville,2.0
Ken Patterson,U.S. Senate,,REP,Camden,Decaturville,7.0
Brian G Hagg,U.S. Senate,,REP,Camden,Decaturville,6.0
Courtland Sykes,U.S. Senate,,REP,Camden,Decaturville,7.0
Peter Pfeifer,U.S. Senate,,REP,Camden,Decaturville,6.0
Kevin M Roach,State Auditor,,REP,Camden,Decaturville,57.0
David Wasinger,State Auditor,,REP,Camden,Decaturville,85.0
Paul Curtman,State Auditor,,REP,Camden,Decaturville,57.0
Saundra McDowell,State Auditor,,REP,Camden,Decaturville,114.0
Chadwick Bicknell,U S House,3,REP,Camden,Decaturville,
Blaine Luetkemeyer,U S House,3,REP,Camden,Decaturville,
John Webb,U S House,4,REP,Camden,Decaturville,112.0
Vicky Hartzler,U S House,4,REP,Camden,Decaturville,236.0
Justin Dan Brown,State Senate,16,REP,Camden,Decaturville,99.0
Diane Franklin,State Senate,16,REP,Camden,Decaturville,200.0
Keith Frederick,State Senate,16,REP,Camden,Decaturville,65.0
Suzie Pollock,State Representative,123,REP,Camden,Decaturville,94.0
Thomas Wyatt,State Representative,123,REP,Camden,Decaturville,110.0
Wes Powell,State Representative,123,REP,Camden,Decaturville,18.0
Nathan Williams,State Representative,123,REP,Camden,Decaturville,133.0
Rocky Miller,State Representative,124,REP,Camden,Decaturville,
,Registered Voters,,DEM,Camden,Decaturville,1088.0
,Ballots Cast,,DEM,Camden,Decaturville,41.0
Carla (Coffee) Wright,U S Senate,,DEM,Camden,Decaturville,1.0
Angelica Earl,U S Senate,,DEM,Camden,Decaturville,1.0
Leonard Joseph Steinman II,U S Senate,,DEM,Camden,Decaturville,0.0
John Hogan,U S Senate,,DEM,Camden,Decaturville,0.0
Travis Gonzalez,U S Senate,,DEM,Camden,Decaturville,0.0
David Faust,U S Senate,,DEM,Camden,Decaturville,0.0
Claire McCaskill,U S Senate,,DEM,Camden,Decaturville,39.0
Nicole Galloway,State Auditor,,DEM,Camden,Decaturville,34.0
Katy Geppert,U S House,3,DEM,Camden,Decaturville,
Renee Hoagenson,U S House,4,DEM,Camden,Decaturville,15.0
Hallie J Thompson,U S House,4,DEM,Camden,Decaturville,21.0
Ryan Dillon,State Senate,16,DEM,Camden,Decaturville,34.0
Joe Register,State Representative,123,DEM,Camden,Decaturville,34.0
Steve Dakopolos,State Representative,124,DEM,Camden,Decaturville,
,Registered Voters,,LIB,Camden,Decaturville,1088.0
,Ballots Cast,,LIB,Camden,Decaturville,0.0
Japheth Campbell,U S Senate,,LIB,Camden,Decaturville,0.0
Sean O'Toole,State Auditor,,LIB,Camden,Decaturville,0.0
Donald V Stolle,U S House,3,LIB,Camden,Decaturville,0.0
Steven Koonse,U S House,4,LIB,Camden,Decaturville,0.0
Mark Bliss,U S House,4,LIB,Camden,Decaturville,0.0
,Registered Voters,,GRN,Camden,Decaturville,1088.0
,Ballots Cast,,GRN,Camden,Decaturville,0.0
Jo Crain,U S Senate,,GRN,Camden,Decaturville,0.0
Jerome Bauer,U S Senate,,GRN,Camden,Decaturville,0.0
Don Fitz,State Auditor,,GRN,Camden,Decaturville,0.0
,Registered Voters,,CON,Camden,Decaturville,1088.0
,Ballots Cast,,CON,Camden,Decaturville,0.0
Jacob Luetkemeyer,State Auditor,,CON,Camden,Decaturville,0.0
,Registered Voters,,REP,Camden,Freedom,507.0
,Ballots Cast,,REP,Camden,Freedom,174.0
Tony Monetti,U.S. Senate,,REP,Camden,Freedom,17.0
Austin Petersen,U.S. Senate,,REP,Camden,Freedom,14.0
Josh Hawley,U.S. Senate,,REP,Camden,Freedom,99.0
Fred Ryman,U.S. Senate,,REP,Camden,Freedom,3.0
Christina Smith,U.S. Senate,,REP,Camden,Freedom,7.0
Kristi Nichols,U.S. Senate,,REP,Camden,Freedom,15.0
Bradley Krembs,U.S. Senate,,REP,Camden,Freedom,2.0
Ken Patterson,U.S. Senate,,REP,Camden,Freedom,13.0
Brian G Hagg,U.S. Senate,,REP,Camden,Freedom,1.0
Courtland Sykes,U.S. Senate,,REP,Camden,Freedom,0.0
Peter Pfeifer,U.S. Senate,,REP,Camden,Freedom,3.0
Kevin M Roach,State Auditor,,REP,Camden,Freedom,33.0
David Wasinger,State Auditor,,REP,Camden,Freedom,43.0
Paul Curtman,State Auditor,,REP,Camden,Freedom,24.0
Saundra McDowell,State Auditor,,REP,Camden,Freedom,56.0
Chadwick Bicknell,U S House,3,REP,Camden,Freedom,40.0
Blaine Luetkemeyer,U S House,3,REP,Camden,Freedom,141.0
John Webb,U S House,4,REP,Camden,Freedom,
Vicky Hartzler,U S House,4,REP,Camden,Freedom,
Justin Dan Brown,State Senate,16,REP,Camden,Freedom,49.0
Diane Franklin,State Senate,16,REP,Camden,Freedom,120.0
Keith Frederick,State Senate,16,REP,Camden,Freedom,19.0
Suzie Pollock,State Representative,123,REP,Camden,Freedom,47.0
Thomas Wyatt,State Representative,123,REP,Camden,Freedom,39.0
Wes Powell,State Representative,123,REP,Camden,Freedom,11.0
Nathan Williams,State Representative,123,REP,Camden,Freedom,83.0
Rocky Miller,State Representative,124,REP,Camden,Freedom,
,Registered Voters,,DEM,Camden,Freedom,507.0
,Ballots Cast,,DEM,Camden,Freedom,21.0
Carla (Coffee) Wright,U S Senate,,DEM,Camden,Freedom,4.0
Angelica Earl,U S Senate,,DEM,Camden,Freedom,0.0
Leonard Joseph Steinman II,U S Senate,,DEM,Camden,Freedom,1.0
John Hogan,U S Senate,,DEM,Camden,Freedom,1.0
Travis Gonzalez,U S Senate,,DEM,Camden,Freedom,0.0
David Faust,U S Senate,,DEM,Camden,Freedom,1.0
Claire McCaskill,U S Senate,,DEM,Camden,Freedom,14.0
Nicole Galloway,State Auditor,,DEM,Camden,Freedom,19.0
Katy Geppert,U S House,3,DEM,Camden,Freedom,19.0
Renee Hoagenson,U S House,4,DEM,Camden,Freedom,
Hallie J Thompson,U S House,4,DEM,Camden,Freedom,
Ryan Dillon,State Senate,16,DEM,Camden,Freedom,19.0
Joe Register,State Representative,123,DEM,Camden,Freedom,19.0
Steve Dakopolos,State Representative,124,DEM,Camden,Freedom,
,Registered Voters,,LIB,Camden,Freedom,507.0
,Ballots Cast,,LIB,Camden,Freedom,0.0
Japheth Campbell,U S Senate,,LIB,Camden,Freedom,0.0
Sean O'Toole,State Auditor,,LIB,Camden,Freedom,0.0
Donald V Stolle,U S House,3,LIB,Camden,Freedom,0.0
Steven Koonse,U S House,4,LIB,Camden,Freedom,
Mark Bliss,U S House,4,LIB,Camden,Freedom,
,Registered Voters,,GRN,Camden,Freedom,507.0
,Ballots Cast,,GRN,Camden,Freedom,0.0
Jo Crain,U S Senate,,GRN,Camden,Freedom,0.0
Jerome Bauer,U S Senate,,GRN,Camden,Freedom,0.0
Don Fitz,State Auditor,,GRN,Camden,Freedom,0.0
,Registered Voters,,CON,Camden,Freedom,507.0
,Ballots Cast,,CON,Camden,Freedom,0.0
Jacob Luetkemeyer,State Auditor,,CON,Camden,Freedom,0.0
,Registered Voters,,REP,Camden,Greenview,1292.0
,Ballots Cast,,REP,Camden,Greenview,380.0
Tony Monetti,U.S. Senate,,REP,Camden,Greenview,23.0
Austin Petersen,U.S. Senate,,REP,Camden,Greenview,27.0
Josh Hawley,U.S. Senate,,REP,Camden,Greenview,251.0
Fred Ryman,U.S. Senate,,REP,Camden,Greenview,4.0
Christina Smith,U.S. Senate,,REP,Camden,Greenview,15.0
Kristi Nichols,U.S. Senate,,REP,Camden,Greenview,37.0
Bradley Krembs,U.S. Senate,,REP,Camden,Greenview,1.0
Ken Patterson,U.S. Senate,,REP,Camden,Greenview,9.0
Brian G Hagg,U.S. Senate,,REP,Camden,Greenview,5.0
Courtland Sykes,U.S. Senate,,REP,Camden,Greenview,3.0
Peter Pfeifer,U.S. Senate,,REP,Camden,Greenview,5.0
Kevin M Roach,State Auditor,,REP,Camden,Greenview,55.0
David Wasinger,State Auditor,,REP,Camden,Greenview,98.0
Paul Curtman,State Auditor,,REP,Camden,Greenview,56.0
Saundra McDowell,State Auditor,,REP,Camden,Greenview,140.0
Chadwick Bicknell,U S House,3,REP,Camden,Greenview,
Blaine Luetkemeyer,U S House,3,REP,Camden,Greenview,
John Webb,U S House,4,REP,Camden,Greenview,107.0
Vicky Hartzler,U S House,4,REP,Camden,Greenview,272.0
Justin Dan Brown,State Senate,16,REP,Camden,Greenview,128.0
Diane Franklin,State Senate,16,REP,Camden,Greenview,181.0
Keith Frederick,State Senate,16,REP,Camden,Greenview,75.0
Suzie Pollock,State Representative,123,REP,Camden,Greenview,
Thomas Wyatt,State Representative,123,REP,Camden,Greenview,
Wes Powell,State Representative,123,REP,Camden,Greenview,
Nathan Williams,State Representative,123,REP,Camden,Greenview,
Rocky Miller,State Representative,124,REP,Camden,Greenview,341.0
,Registered Voters,,DEM,Camden,Greenview,1292.0
,Ballots Cast,,DEM,Camden,Greenview,117.0
Carla (Coffee) Wright,U S Senate,,DEM,Camden,Greenview,8.0
Angelica Earl,U S Senate,,DEM,Camden,Greenview,3.0
Leonard Joseph Steinman II,U S Senate,,DEM,Camden,Greenview,0.0
John Hogan,U S Senate,,DEM,Camden,Greenview,3.0
Travis Gonzalez,U S Senate,,DEM,Camden,Greenview,1.0
David Faust,U S Senate,,DEM,Camden,Greenview,5.0
Claire McCaskill,U S Senate,,DEM,Camden,Greenview,97.0
Nicole Galloway,State Auditor,,DEM,Camden,Greenview,103.0
Katy Geppert,U S House,3,DEM,Camden,Greenview,
Renee Hoagenson,U S House,4,DEM,Camden,Greenview,55.0
Hallie J Thompson,U S House,4,DEM,Camden,Greenview,52.0
Ryan Dillon,State Senate,16,DEM,Camden,Greenview,103.0
Joe Register,State Representative,123,DEM,Camden,Greenview,
Steve Dakopolos,State Representative,124,DEM,Camden,Greenview,103.0
,Registered Voters,,LIB,Camden,Greenview,1292.0
,Ballots Cast,,LIB,Camden,Greenview,2.0
Japheth Campbell,U S Senate,,LIB,Camden,Greenview,2.0
Sean O'Toole,State Auditor,,LIB,Camden,Greenview,2.0
Donald V Stolle,U S House,3,LIB,Camden,Greenview,0.0
Steven Koonse,U S House,4,LIB,Camden,Greenview,2.0
Mark Bliss,U S House,4,LIB,Camden,Greenview,0.0
,Registered Voters,,GRN,Camden,Greenview,1292.0
,Ballots Cast,,GRN,Camden,Greenview,0.0
Jo Crain,U S Senate,,GRN,Camden,Greenview,0.0
Jerome Bauer,U S Senate,,GRN,Camden,Greenview,0.0
Don Fitz,State Auditor,,GRN,Camden,Greenview,0.0
,Registered Voters,,CON,Camden,Greenview,1292.0
,Ballots Cast,,CON,Camden,Greenview,0.0
Jacob Luetkemeyer,State Auditor,,CON,Camden,Greenview,0.0
,Registered Voters,,REP,Camden,Hillhouse,455.0
,Ballots Cast,,REP,Camden,Hillhouse,119.0
Tony Monetti,U.S. Senate,,REP,Camden,Hillhouse,10.0
Austin Petersen,U.S. Senate,,REP,Camden,Hillhouse,10.0
Josh Hawley,U.S. Senate,,REP,Camden,Hillhouse,71.0
Fred Ryman,U.S. Senate,,REP,Camden,Hillhouse,1.0
Christina Smith,U.S. Senate,,REP,Camden,Hillhouse,6.0
Kristi Nichols,U.S. Senate,,REP,Camden,Hillhouse,9.0
Bradley Krembs,U.S. Senate,,REP,Camden,Hillhouse,0.0
Ken Patterson,U.S. Senate,,REP,Camden,Hillhouse,5.0
Brian G Hagg,U.S. Senate,,REP,Camden,Hillhouse,2.0
Courtland Sykes,U.S. Senate,,REP,Camden,Hillhouse,1.0
Peter Pfeifer,U.S. Senate,,REP,Camden,Hillhouse,4.0
Kevin M Roach,State Auditor,,REP,Camden,Hillhouse,24.0
David Wasinger,State Auditor,,REP,Camden,Hillhouse,30.0
Paul Curtman,State Auditor,,REP,Camden,Hillhouse,29.0
Saundra McDowell,State Auditor,,REP,Camden,Hillhouse,28.0
Chadwick Bicknell,U S House,3,REP,Camden,Hillhouse,
Blaine Luetkemeyer,U S House,3,REP,Camden,Hillhouse,
John Webb,U S House,4,REP,Camden,Hillhouse,23.0
Vicky Hartzler,U S House,4,REP,Camden,Hillhouse,102.0
Justin Dan Brown,State Senate,16,REP,Camden,Hillhouse,35.0
Diane Franklin,State Senate,16,REP,Camden,Hillhouse,75.0
Keith Frederick,State Senate,16,REP,Camden,Hillhouse,16.0
Suzie Pollock,State Representative,123,REP,Camden,Hillhouse,9.0
Thomas Wyatt,State Representative,123,REP,Camden,Hillhouse,26.0
Wes Powell,State Representative,123,REP,Camden,Hillhouse,11.0
Nathan Williams,State Representative,123,REP,Camden,Hillhouse,21.0
Rocky Miller,State Representative,124,REP,Camden,Hillhouse,
,Registered Voters,,DEM,Camden,Hillhouse,455.0
,Ballots Cast,,DEM,Camden,Hillhouse,22.0
Carla (Coffee) Wright,U S Senate,,DEM,Camden,Hillhouse,2.0
Angelica Earl,U S Senate,,DEM,Camden,Hillhouse,0.0
Leonard Joseph Steinman II,U S Senate,,DEM,Camden,Hillhouse,0.0
John Hogan,U S Senate,,DEM,Camden,Hillhouse,3.0
Travis Gonzalez,U S Senate,,DEM,Camden,Hillhouse,0.0
David Faust,U S Senate,,DEM,Camden,Hillhouse,0.0
Claire McCaskill,U S Senate,,DEM,Camden,Hillhouse,17.0
Nicole Galloway,State Auditor,,DEM,Camden,Hillhouse,17.0
Katy Geppert,U S House,3,DEM,Camden,Hillhouse,
Renee Hoagenson,U S House,4,DEM,Camden,Hillhouse,6.0
Hallie J Thompson,U S House,4,DEM,Camden,Hillhouse,12.0
Ryan Dillon,State Senate,16,DEM,Camden,Hillhouse,18.0
Joe Register,State Representative,123,DEM,Camden,Hillhouse,18.0
Steve Dakopolos,State Representative,124,DEM,Camden,Hillhouse,
,Registered Voters,,LIB,Camden,Hillhouse,455.0
,Ballots Cast,,LIB,Camden,Hillhouse,0.0
Japheth Campbell,U S Senate,,LIB,Camden,Hillhouse,0.0
Sean O'Toole,State Auditor,,LIB,Camden,Hillhouse,0.0
Donald V Stolle,U S House,3,LIB,Camden,Hillhouse,
Steven Koonse,U S House,4,LIB,Camden,Hillhouse,0.0
Mark Bliss,U S House,4,LIB,Camden,Hillhouse,0.0
,Registered Voters,,GRN,Camden,Hillhouse,455.0
,Ballots Cast,,GRN,Camden,Hillhouse,0.0
Jo Crain,U S Senate,,GRN,Camden,Hillhouse,0.0
Jerome Bauer,U S Senate,,GRN,Camden,Hillhouse,0.0
Don Fitz,State Auditor,,GRN,Camden,Hillhouse,0.0
,Registered Voters,,CON,Camden,Hillhouse,455.0
,Ballots Cast,,CON,Camden,Hillhouse,0.0
Jacob Luetkemeyer,State Auditor,,CON,Camden,Hillhouse,0.0
,Registered Voters,,REP,Camden,Horseshoe Bend,3041.0
,Ballots Cast,,REP,Camden,Horseshoe Bend,838.0
Tony Monetti,U.S. Senate,,REP,Camden,Horseshoe Bend,48.0
Austin Petersen,U.S. Senate,,REP,Camden,Horseshoe Bend,49.0
Josh Hawley,U.S. Senate,,REP,Camden,Horseshoe Bend,569.0
Fred Ryman,U.S. Senate,,REP,Camden,Horseshoe Bend,7.0
Christina Smith,U.S. Senate,,REP,Camden,Horseshoe Bend,40.0
Kristi Nichols,U.S. Senate,,REP,Camden,Horseshoe Bend,62.0
Bradley Krembs,U.S. Senate,,REP,Camden,Horseshoe Bend,5.0
Ken Patterson,U.S. Senate,,REP,Camden,Horseshoe Bend,18.0
Brian G Hagg,U.S. Senate,,REP,Camden,Horseshoe Bend,10.0
Courtland Sykes,U.S. Senate,,REP,Camden,Horseshoe Bend,13.0
Peter Pfeifer,U.S. Senate,,REP,Camden,Horseshoe Bend,17.0
Kevin M Roach,State Auditor,,REP,Camden,Horseshoe Bend,164.0
David Wasinger,State Auditor,,REP,Camden,Horseshoe Bend,158.0
Paul Curtman,State Auditor,,REP,Camden,Horseshoe Bend,137.0
Saundra McDowell,State Auditor,,REP,Camden,Horseshoe Bend,265.0
Chadwick Bicknell,U S House,3,REP,Camden,Horseshoe Bend,152.0
Blaine Luetkemeyer,U S House,3,REP,Camden,Horseshoe Bend,679.0
John Webb,U S House,4,REP,Camden,Horseshoe Bend,
Vicky Hartzler,U S House,4,REP,Camden,Horseshoe Bend,
Justin Dan Brown,State Senate,16,REP,Camden,Horseshoe Bend,248.0
Diane Franklin,State Senate,16,REP,Camden,Horseshoe Bend,421.0
Keith Frederick,State Senate,16,REP,Camden,Horseshoe Bend,175.0
Suzie Pollock,State Representative,123,REP,Camden,Horseshoe Bend,
Thomas Wyatt,State Representative,123,REP,Camden,Horseshoe Bend,
Wes Powell,State Representative,123,REP,Camden,Horseshoe Bend,
Nathan Williams,State Representative,123,REP,Camden,Horseshoe Bend,
Rocky Miller,State Representative,124,REP,Camden,Horseshoe Bend,752.0
,Registered Voters,,DEM,Camden,Horseshoe Bend,3041.0
,Ballots Cast,,DEM,Camden,Horseshoe Bend,235.0
Carla (Coffee) Wright,U S Senate,,DEM,Camden,Horseshoe Bend,9.0
Angelica Earl,U S Senate,,DEM,Camden,Horseshoe Bend,1.0
Leonard Joseph Steinman II,U S Senate,,DEM,Camden,Horseshoe Bend,0.0
John Hogan,U S Senate,,DEM,Camden,Horseshoe Bend,3.0
Travis Gonzalez,U S Senate,,DEM,Camden,Horseshoe Bend,0.0
David Faust,U S Senate,,DEM,Camden,Horseshoe Bend,1.0
Claire McCaskill,U S Senate,,DEM,Camden,Horseshoe Bend,221.0
Nicole Galloway,State Auditor,,DEM,Camden,Horseshoe Bend,219.0
Katy Geppert,U S House,3,DEM,Camden,Horseshoe Bend,217.0
Renee Hoagenson,U S House,4,DEM,Camden,Horseshoe Bend,
Hallie J Thompson,U S House,4,DEM,Camden,Horseshoe Bend,
Ryan Dillon,State Senate,16,DEM,Camden,Horseshoe Bend,219.0
Joe Register,State Representative,123,DEM,Camden,Horseshoe Bend,
Steve Dakopolos,State Representative,124,DEM,Camden,Horseshoe Bend,220.0
,Registered Voters,,LIB,Camden,Horseshoe Bend,3041.0
,Ballots Cast,,LIB,Camden,Horseshoe Bend,5.0
Japheth Campbell,U S Senate,,LIB,Camden,Horseshoe Bend,5.0
Sean O'Toole,State Auditor,,LIB,Camden,Horseshoe Bend,5.0
Donald V Stolle,U S House,3,LIB,Camden,Horseshoe Bend,5.0
Steven Koonse,U S House,4,LIB,Camden,Horseshoe Bend,
Mark Bliss,U S House,4,LIB,Camden,Horseshoe Bend,
,Registered Voters,,GRN,Camden,Horseshoe Bend,3041.0
,Ballots Cast,,GRN,Camden,Horseshoe Bend,1.0
Jo Crain,U S Senate,,GRN,Camden,Horseshoe Bend,1.0
Jerome Bauer,U S Senate,,GRN,Camden,Horseshoe Bend,0.0
Don Fitz,State Auditor,,GRN,Camden,Horseshoe Bend,1.0
,Registered Voters,,CON,Camden,Horseshoe Bend,3041.0
,Ballots Cast,,CON,Camden,Horseshoe Bend,0.0
Jacob Luetkemeyer,State Auditor,,CON,Camden,Horseshoe Bend,0.0
,Registered Voters,,REP,Camden,Linn Creek,1227.0
,Ballots Cast,,REP,Camden,Linn Creek,335.0
Tony Monetti,U.S. Senate,,REP,Camden,Linn Creek,35.0
Austin Petersen,U.S. Senate,,REP,Camden,Linn Creek,18.0
Josh Hawley,U.S. Senate,,REP,Camden,Linn Creek,212.0
Fred Ryman,U.S. Senate,,REP,Camden,Linn Creek,2.0
Christina Smith,U.S. Senate,,REP,Camden,Linn Creek,21.0
Kristi Nichols,U.S. Senate,,REP,Camden,Linn Creek,25.0
Bradley Krembs,U.S. Senate,,REP,Camden,Linn Creek,2.0
Ken Patterson,U.S. Senate,,REP,Camden,Linn Creek,11.0
Brian G Hagg,U.S. Senate,,REP,Camden,Linn Creek,1.0
Courtland Sykes,U.S. Senate,,REP,Camden,Linn Creek,3.0
Peter Pfeifer,U.S. Senate,,REP,Camden,Linn Creek,5.0
Kevin M Roach,State Auditor,,REP,Camden,Linn Creek,64.0
David Wasinger,State Auditor,,REP,Camden,Linn Creek,75.0
Paul Curtman,State Auditor,,REP,Camden,Linn Creek,40.0
Saundra McDowell,State Auditor,,REP,Camden,Linn Creek,122.0
Chadwick Bicknell,U S House,3,REP,Camden,Linn Creek,70.0
Blaine Luetkemeyer,U S House,3,REP,Camden,Linn Creek,264.0
John Webb,U S House,4,REP,Camden,Linn Creek,
Vicky Hartzler,U S House,4,REP,Camden,Linn Creek,
Justin Dan Brown,State Senate,16,REP,Camden,Linn Creek,90.0
Diane Franklin,State Senate,16,REP,Camden,Linn Creek,173.0
Keith Frederick,State Senate,16,REP,Camden,Linn Creek,87.0
Suzie Pollock,State Representative,123,REP,Camden,Linn Creek,60.0
Thomas Wyatt,State Representative,123,REP,Camden,Linn Creek,63.0
Wes Powell,State Representative,123,REP,Camden,Linn Creek,12.0
Nathan Williams,State Representative,123,REP,Camden,Linn Creek,68.0
Rocky Miller,State Representative,124,REP,Camden,Linn Creek,114.0
,Registered Voters,,DEM,Camden,Linn Creek,1227.0
,Ballots Cast,,DEM,Camden,Linn Creek,77.0
Carla (Coffee) Wright,U S Senate,,DEM,Camden,Linn Creek,1.0
Angelica Earl,U S Senate,,DEM,Camden,Linn Creek,1.0
Leonard Joseph Steinman II,U S Senate,,DEM,Camden,Linn Creek,2.0
John Hogan,U S Senate,,DEM,Camden,Linn Creek,2.0
Travis Gonzalez,U S Senate,,DEM,Camden,Linn Creek,0.0
David Faust,U S Senate,,DEM,Camden,Linn Creek,2.0
Claire McCaskill,U S Senate,,DEM,Camden,Linn Creek,69.0
Nicole Galloway,State Auditor,,DEM,Camden,Linn Creek,66.0
Katy Geppert,U S House,3,DEM,Camden,Linn Creek,65.0
Renee Hoagenson,U S House,4,DEM,Camden,Linn Creek,
Hallie J Thompson,U S House,4,DEM,Camden,Linn Creek,
Ryan Dillon,State Senate,16,DEM,Camden,Linn Creek,65.0
Joe Register,State Representative,123,DEM,Camden,Linn Creek,32.0
Steve Dakopolos,State Representative,124,DEM,Camden,Linn Creek,31.0
,Registered Voters,,LIB,Camden,Linn Creek,1227.0
,Ballots Cast,,LIB,Camden,Linn Creek,0.0
Japheth Campbell,U S Senate,,LIB,Camden,Linn Creek,0.0
Sean O'Toole,State Auditor,,LIB,Camden,Linn Creek,0.0
Donald V Stolle,U S House,3,LIB,Camden,Linn Creek,0.0
Steven Koonse,U S House,4,LIB,Camden,Linn Creek,
Mark Bliss,U S House,4,LIB,Camden,Linn Creek,
,Registered Voters,,GRN,Camden,Linn Creek,1227.0
,Ballots Cast,,GRN,Camden,Linn Creek,0.0
Jo Crain,U S Senate,,GRN,Camden,Linn Creek,0.0
Jerome Bauer,U S Senate,,GRN,Camden,Linn Creek,0.0
Don Fitz,State Auditor,,GRN,Camden,Linn Creek,0.0
,Registered Voters,,CON,Camden,Linn Creek,1227.0
,Ballots Cast,,CON,Camden,Linn Creek,0.0
Jacob Luetkemeyer,State Auditor,,CON,Camden,Linn Creek,0.0
,Registered Voters,,REP,Camden,Macks Creek,1420.0
,Ballots Cast,,REP,Camden,Macks Creek,430.0
Tony Monetti,U.S. Senate,,REP,Camden,Macks Creek,37.0
Austin Petersen,U.S. Senate,,REP,Camden,Macks Creek,22.0
Josh Hawley,U.S. Senate,,REP,Camden,Macks Creek,258.0
Fred Ryman,U.S. Senate,,REP,Camden,Macks Creek,3.0
Christina Smith,U.S. Senate,,REP,Camden,Macks Creek,22.0
Kristi Nichols,U.S. Senate,,REP,Camden,Macks Creek,42.0
Bradley Krembs,U.S. Senate,,REP,Camden,Macks Creek,3.0
Ken Patterson,U.S. Senate,,REP,Camden,Macks Creek,15.0
Brian G Hagg,U.S. Senate,,REP,Camden,Macks Creek,7.0
Courtland Sykes,U.S. Senate,,REP,Camden,Macks Creek,11.0
Peter Pfeifer,U.S. Senate,,REP,Camden,Macks Creek,10.0
Kevin M Roach,State Auditor,,REP,Camden,Macks Creek,104.0
David Wasinger,State Auditor,,REP,Camden,Macks Creek,119.0
Paul Curtman,State Auditor,,REP,Camden,Macks Creek,52.0
Saundra McDowell,State Auditor,,REP,Camden,Macks Creek,113.0
Chadwick Bicknell,U S House,3,REP,Camden,Macks Creek,
Blaine Luetkemeyer,U S House,3,REP,Camden,Macks Creek,
John Webb,U S House,4,REP,Camden,Macks Creek,140.0
Vicky Hartzler,U S House,4,REP,Camden,Macks Creek,307.0
Justin Dan Brown,State Senate,16,REP,Camden,Macks Creek,162.0
Diane Franklin,State Senate,16,REP,Camden,Macks Creek,223.0
Keith Frederick,State Senate,16,REP,Camden,Macks Creek,72.0
Suzie Pollock,State Representative,123,REP,Camden,Macks Creek,123.0
Thomas Wyatt,State Representative,123,REP,Camden,Macks Creek,114.0
Wes Powell,State Representative,123,REP,Camden,Macks Creek,29.0
Nathan Williams,State Representative,123,REP,Camden,Macks Creek,166.0
Rocky Miller,State Representative,124,REP,Camden,Macks Creek,
,Registered Voters,,DEM,Camden,Macks Creek,1420.0
,Ballots Cast,,DEM,Camden,Macks Creek,81.0
Carla (Coffee) Wright,U S Senate,,DEM,Camden,Macks Creek,4.0
Angelica Earl,U S Senate,,DEM,Camden,Macks Creek,3.0
Leonard Joseph Steinman II,U S Senate,,DEM,Camden,Macks Creek,0.0
John Hogan,U S Senate,,DEM,Camden,Macks Creek,1.0
Travis Gonzalez,U S Senate,,DEM,Camden,Macks Creek,0.0
David Faust,U S Senate,,DEM,Camden,Macks Creek,3.0
Claire McCaskill,U S Senate,,DEM,Camden,Macks Creek,70.0
Nicole Galloway,State Auditor,,DEM,Camden,Macks Creek,67.0
Katy Geppert,U S House,3,DEM,Camden,Macks Creek,
Renee Hoagenson,U S House,4,DEM,Camden,Macks Creek,30.0
Hallie J Thompson,U S House,4,DEM,Camden,Macks Creek,39.0
Ryan Dillon,State Senate,16,DEM,Camden,Macks Creek,64.0
Joe Register,State Representative,123,DEM,Camden,Macks Creek,69.0
Steve Dakopolos,State Representative,124,DEM,Camden,Macks Creek,
,Registered Voters,,LIB,Camden,Macks Creek,1420.0
,Ballots Cast,,LIB,Camden,Macks Creek,1.0
Japheth Campbell,U S Senate,,LIB,Camden,Macks Creek,1.0
Sean O'Toole,State Auditor,,LIB,Camden,Macks Creek,1.0
Donald V Stolle,U S House,3,LIB,Camden,Macks Creek,
Steven Koonse,U S House,4,LIB,Camden,Macks Creek,0.0
Mark Bliss,U S House,4,LIB,Camden,Macks Creek,1.0
,Registered Voters,,GRN,Camden,Macks Creek,1420.0
,Ballots Cast,,GRN,Camden,Macks Creek,0.0
Jo Crain,U S Senate,,GRN,Camden,Macks Creek,0.0
Jerome Bauer,U S Senate,,GRN,Camden,Macks Creek,0.0
Don Fitz,State Auditor,,GRN,Camden,Macks Creek,0.0
,Registered Voters,,CON,Camden,Macks Creek,1420.0
,Ballots Cast,,CON,Camden,Macks Creek,0.0
Jacob Luetkemeyer,State Auditor,,CON,Camden,Macks Creek,0.0
,Registered Voters,,REP,Camden,Montreal,451.0
,Ballots Cast,,REP,Camden,Montreal,156.0
Tony Monetti,U.S. Senate,,REP,Camden,Montreal,13.0
Austin Petersen,U.S. Senate,,REP,Camden,Montreal,13.0
Josh Hawley,U.S. Senate,,REP,Camden,Montreal,95.0
Fred Ryman,U.S. Senate,,REP,Camden,Montreal,3.0
Christina Smith,U.S. Senate,,REP,Camden,Montreal,7.0
Kristi Nichols,U.S. Senate,,REP,Camden,Montreal,14.0
Bradley Krembs,U.S. Senate,,REP,Camden,Montreal,0.0
Ken Patterson,U.S. Senate,,REP,Camden,Montreal,5.0
Brian G Hagg,U.S. Senate,,REP,Camden,Montreal,2.0
Courtland Sykes,U.S. Senate,,REP,Camden,Montreal,1.0
Peter Pfeifer,U.S. Senate,,REP,Camden,Montreal,3.0
Kevin M Roach,State Auditor,,REP,Camden,Montreal,22.0
David Wasinger,State Auditor,,REP,Camden,Montreal,45.0
Paul Curtman,State Auditor,,REP,Camden,Montreal,28.0
Saundra McDowell,State Auditor,,REP,Camden,Montreal,50.0
Chadwick Bicknell,U S House,3,REP,Camden,Montreal,
Blaine Luetkemeyer,U S House,3,REP,Camden,Montreal,
John Webb,U S House,4,REP,Camden,Montreal,47.0
Vicky Hartzler,U S House,4,REP,Camden,Montreal,123.0
Justin Dan Brown,State Senate,16,REP,Camden,Montreal,47.0
Diane Franklin,State Senate,16,REP,Camden,Montreal,92.0
Keith Frederick,State Senate,16,REP,Camden,Montreal,35.0
Suzie Pollock,State Representative,123,REP,Camden,Montreal,45.0
Thomas Wyatt,State Representative,123,REP,Camden,Montreal,54.0
Wes Powell,State Representative,123,REP,Camden,Montreal,21.0
Nathan Williams,State Representative,123,REP,Camden,Montreal,47.0
Rocky Miller,State Representative,124,REP,Camden,Montreal,
,Registered Voters,,DEM,Camden,Montreal,451.0
,Ballots Cast,,DEM,Camden,Montreal,28.0
Carla (Coffee) Wright,U S Senate,,DEM,Camden,Montreal,0.0
Angelica Earl,U S Senate,,DEM,Camden,Montreal,1.0
Leonard Joseph Steinman II,U S Senate,,DEM,Camden,Montreal,1.0
John Hogan,U S Senate,,DEM,Camden,Montreal,1.0
Travis Gonzalez,U S Senate,,DEM,Camden,Montreal,0.0
David Faust,U S Senate,,DEM,Camden,Montreal,4.0
Claire McCaskill,U S Senate,,DEM,Camden,Montreal,21.0
Nicole Galloway,State Auditor,,DEM,Camden,Montreal,26.0
Katy Geppert,U S House,3,DEM,Camden,Montreal,
Renee Hoagenson,U S House,4,DEM,Camden,Montreal,7.0
Hallie J Thompson,U S House,4,DEM,Camden,Montreal,20.0
Ryan Dillon,State Senate,16,DEM,Camden,Montreal,27.0
Joe Register,State Representative,123,DEM,Camden,Montreal,26.0
Steve Dakopolos,State Representative,124,DEM,Camden,Montreal,
,Registered Voters,,LIB,Camden,Montreal,451.0
,Ballots Cast,,LIB,Camden,Montreal,0.0
Japheth Campbell,U S Senate,,LIB,Camden,Montreal,0.0
Sean O'Toole,State Auditor,,LIB,Camden,Montreal,0.0
Donald V Stolle,U S House,3,LIB,Camden,Montreal,
Steven Koonse,U S House,4,LIB,Camden,Montreal,0.0
Mark Bliss,U S House,4,LIB,Camden,Montreal,0.0
,Registered Voters,,GRN,Camden,Montreal,451.0
,Ballots Cast,,GRN,Camden,Montreal,0.0
Jo Crain,U S Senate,,GRN,Camden,Montreal,0.0
Jerome Bauer,U S Senate,,GRN,Camden,Montreal,0.0
Don Fitz,State Auditor,,GRN,Camden,Montreal,0.0
,Registered Voters,,CON,Camden,Montreal,451.0
,Ballots Cast,,CON,Camden,Montreal,0.0
Jacob Luetkemeyer,State Auditor,,CON,Camden,Montreal,0.0
,Registered Voters,,REP,Camden,"Osage Beach 1,2 & 3",3723.0
,Ballots Cast,,REP,Camden,"Osage Beach 1,2 & 3",971.0
Tony Monetti,U.S. Senate,,REP,Camden,"Osage Beach 1,2 & 3",62.0
Austin Petersen,U.S. Senate,,REP,Camden,"Osage Beach 1,2 & 3",51.0
Josh Hawley,U.S. Senate,,REP,Camden,"Osage Beach 1,2 & 3",641.0
Fred Ryman,U.S. Senate,,REP,Camden,"Osage Beach 1,2 & 3",15.0
Christina Smith,U.S. Senate,,REP,Camden,"Osage Beach 1,2 & 3",39.0
Kristi Nichols,U.S. Senate,,REP,Camden,"Osage Beach 1,2 & 3",94.0
Bradley Krembs,U.S. Senate,,REP,Camden,"Osage Beach 1,2 & 3",2.0
Ken Patterson,U.S. Senate,,REP,Camden,"Osage Beach 1,2 & 3",27.0
Brian G Hagg,U.S. Senate,,REP,Camden,"Osage Beach 1,2 & 3",8.0
Courtland Sykes,U.S. Senate,,REP,Camden,"Osage Beach 1,2 & 3",17.0
Peter Pfeifer,U.S. Senate,,REP,Camden,"Osage Beach 1,2 & 3",15.0
Kevin M Roach,State Auditor,,REP,Camden,"Osage Beach 1,2 & 3",152.0
David Wasinger,State Auditor,,REP,Camden,"Osage Beach 1,2 & 3",208.0
Paul Curtman,State Auditor,,REP,Camden,"Osage Beach 1,2 & 3",138.0
Saundra McDowell,State Auditor,,REP,Camden,"Osage Beach 1,2 & 3",328.0
Chadwick Bicknell,U S House,3,REP,Camden,"Osage Beach 1,2 & 3",214.0
Blaine Luetkemeyer,U S House,3,REP,Camden,"Osage Beach 1,2 & 3",749.0
John Webb,U S House,4,REP,Camden,"Osage Beach 1,2 & 3",
Vicky Hartzler,U S House,4,REP,Camden,"Osage Beach 1,2 & 3",
Justin Dan Brown,State Senate,16,REP,Camden,"Osage Beach 1,2 & 3",267.0
Diane Franklin,State Senate,16,REP,Camden,"Osage Beach 1,2 & 3",531.0
Keith Frederick,State Senate,16,REP,Camden,"Osage Beach 1,2 & 3",196.0
Suzie Pollock,State Representative,123,REP,Camden,"Osage Beach 1,2 & 3",
Thomas Wyatt,State Representative,123,REP,Camden,"Osage Beach 1,2 & 3",
Wes Powell,State Representative,123,REP,Camden,"Osage Beach 1,2 & 3",
Nathan Williams,State Representative,123,REP,Camden,"Osage Beach 1,2 & 3",
Rocky Miller,State Representative,124,REP,Camden,"Osage Beach 1,2 & 3",853.0
,Registered Voters,,DEM,Camden,"Osage Beach 1,2 & 3",3723.0
,Ballots Cast,,DEM,Camden,"Osage Beach 1,2 & 3",269.0
Carla (Coffee) Wright,U S Senate,,DEM,Camden,"Osage Beach 1,2 & 3",11.0
Angelica Earl,U S Senate,,DEM,Camden,"Osage Beach 1,2 & 3",4.0
Leonard Joseph Steinman II,U S Senate,,DEM,Camden,"Osage Beach 1,2 & 3",2.0
John Hogan,U S Senate,,DEM,Camden,"Osage Beach 1,2 & 3",4.0
Travis Gonzalez,U S Senate,,DEM,Camden,"Osage Beach 1,2 & 3",5.0
David Faust,U S Senate,,DEM,Camden,"Osage Beach 1,2 & 3",3.0
Claire McCaskill,U S Senate,,DEM,Camden,"Osage Beach 1,2 & 3",240.0
Nicole Galloway,State Auditor,,DEM,Camden,"Osage Beach 1,2 & 3",240.0
Katy Geppert,U S House,3,DEM,Camden,"Osage Beach 1,2 & 3",236.0
Renee Hoagenson,U S House,4,DEM,Camden,"Osage Beach 1,2 & 3",
Hallie J Thompson,U S House,4,DEM,Camden,"Osage Beach 1,2 & 3",
Ryan Dillon,State Senate,16,DEM,Camden,"Osage Beach 1,2 & 3",240.0
Joe Register,State Representative,123,DEM,Camden,"Osage Beach 1,2 & 3",
Steve Dakopolos,State Representative,124,DEM,Camden,"Osage Beach 1,2 & 3",237.0
,Registered Voters,,LIB,Camden,"Osage Beach 1,2 & 3",3723.0
,Ballots Cast,,LIB,Camden,"Osage Beach 1,2 & 3",1.0
Japheth Campbell,U S Senate,,LIB,Camden,"Osage Beach 1,2 & 3",1.0
Sean O'Toole,State Auditor,,LIB,Camden,"Osage Beach 1,2 & 3",1.0
Donald V Stolle,U S House,3,LIB,Camden,"Osage Beach 1,2 & 3",1.0
Steven Koonse,U S House,4,LIB,Camden,"Osage Beach 1,2 & 3",
Mark Bliss,U S House,4,LIB,Camden,"Osage Beach 1,2 & 3",
,Registered Voters,,GRN,Camden,"Osage Beach 1,2 & 3",3723.0
,Ballots Cast,,GRN,Camden,"Osage Beach 1,2 & 3",0.0
Jo Crain,U S Senate,,GRN,Camden,"Osage Beach 1,2 & 3",0.0
Jerome Bauer,U S Senate,,GRN,Camden,"Osage Beach 1,2 & 3",0.0
Don Fitz,State Auditor,,GRN,Camden,"Osage Beach 1,2 & 3",0.0
,Registered Voters,,CON,Camden,"Osage Beach 1,2 & 3",3723.0
,Ballots Cast,,CON,Camden,"Osage Beach 1,2 & 3",0.0
Jacob Luetkemeyer,State Auditor,,CON,Camden,"Osage Beach 1,2 & 3",0.0
,Registered Voters,,REP,Camden,Roach,1086.0
,Ballots Cast,,REP,Camden,Roach,357.0
Tony Monetti,U.S. Senate,,REP,Camden,Roach,28.0
Austin Petersen,U.S. Senate,,REP,Camden,Roach,22.0
Josh Hawley,U.S. Senate,,REP,Camden,Roach,240.0
Fred Ryman,U.S. Senate,,REP,Camden,Roach,3.0
Christina Smith,U.S. Senate,,REP,Camden,Roach,12.0
Kristi Nichols,U.S. Senate,,REP,Camden,Roach,33.0
Bradley Krembs,U.S. Senate,,REP,Camden,Roach,2.0
Ken Patterson,U.S. Senate,,REP,Camden,Roach,8.0
Brian G Hagg,U.S. Senate,,REP,Camden,Roach,1.0
Courtland Sykes,U.S. Senate,,REP,Camden,Roach,8.0
Peter Pfeifer,U.S. Senate,,REP,Camden,Roach,0.0
Kevin M Roach,State Auditor,,REP,Camden,Roach,93.0
David Wasinger,State Auditor,,REP,Camden,Roach,66.0
Paul Curtman,State Auditor,,REP,Camden,Roach,53.0
Saundra McDowell,State Auditor,,REP,Camden,Roach,107.0
Chadwick Bicknell,U S House,3,REP,Camden,Roach,
Blaine Luetkemeyer,U S House,3,REP,Camden,Roach,
John Webb,U S House,4,REP,Camden,Roach,79.0
Vicky Hartzler,U S House,4,REP,Camden,Roach,289.0
Justin Dan Brown,State Senate,16,REP,Camden,Roach,69.0
Diane Franklin,State Senate,16,REP,Camden,Roach,244.0
Keith Frederick,State Senate,16,REP,Camden,Roach,70.0
Suzie Pollock,State Representative,123,REP,Camden,Roach,143.0
Thomas Wyatt,State Representative,123,REP,Camden,Roach,99.0
Wes Powell,State Representative,123,REP,Camden,Roach,16.0
Nathan Williams,State Representative,123,REP,Camden,Roach,89.0
Rocky Miller,State Representative,124,REP,Camden,Roach,
,Registered Voters,,DEM,Camden,Roach,1086.0
,Ballots Cast,,DEM,Camden,Roach,74.0
Carla (Coffee) Wright,U S Senate,,DEM,Camden,Roach,4.0
Angelica Earl,U S Senate,,DEM,Camden,Roach,3.0
Leonard Joseph Steinman II,U S Senate,,DEM,Camden,Roach,1.0
John Hogan,U S Senate,,DEM,Camden,Roach,2.0
Travis Gonzalez,U S Senate,,DEM,Camden,Roach,1.0
David Faust,U S Senate,,DEM,Camden,Roach,1.0
Claire McCaskill,U S Senate,,DEM,Camden,Roach,62.0
Nicole Galloway,State Auditor,,DEM,Camden,Roach,63.0
Katy Geppert,U S House,3,DEM,Camden,Roach,
Renee Hoagenson,U S House,4,DEM,Camden,Roach,33.0
Hallie J Thompson,U S House,4,DEM,Camden,Roach,34.0
Ryan Dillon,State Senate,16,DEM,Camden,Roach,64.0
Joe Register,State Representative,123,DEM,Camden,Roach,64.0
Steve Dakopolos,State Representative,124,DEM,Camden,Roach,
,Registered Voters,,LIB,Camden,Roach,1086.0
,Ballots Cast,,LIB,Camden,Roach,0.0
Japheth Campbell,U S Senate,,LIB,Camden,Roach,0.0
Sean O'Toole,State Auditor,,LIB,Camden,Roach,0.0
Donald V Stolle,U S House,3,LIB,Camden,Roach,
Steven Koonse,U S House,4,LIB,Camden,Roach,0.0
Mark Bliss,U S House,4,LIB,Camden,Roach,0.0
,Registered Voters,,GRN,Camden,Roach,1086.0
,Ballots Cast,,GRN,Camden,Roach,0.0
Jo Crain,U S Senate,,GRN,Camden,Roach,0.0
Jerome Bauer,U S Senate,,GRN,Camden,Roach,0.0
Don Fitz,State Auditor,,GRN,Camden,Roach,0.0
,Registered Voters,,CON,Camden,Roach,1086.0
,Ballots Cast,,CON,Camden,Roach,0.0
Jacob Luetkemeyer,State Auditor,,CON,Camden,Roach,0.0
,Registered Voters,,REP,Camden,Stoutland,558.0
,Ballots Cast,,REP,Camden,Stoutland,166.0
Tony Monetti,U.S. Senate,,REP,Camden,Stoutland,15.0
Austin Petersen,U.S. Senate,,REP,Camden,Stoutland,14.0
Josh Hawley,U.S. Senate,,REP,Camden,Stoutland,95.0
Fred Ryman,U.S. Senate,,REP,Camden,Stoutland,2.0
Christina Smith,U.S. Senate,,REP,Camden,Stoutland,12.0
Kristi Nichols,U.S. Senate,,REP,Camden,Stoutland,14.0
Bradley Krembs,U.S. Senate,,REP,Camden,Stoutland,4.0
Ken Patterson,U.S. Senate,,REP,Camden,Stoutland,4.0
Brian G Hagg,U.S. Senate,,REP,Camden,Stoutland,2.0
Courtland Sykes,U.S. Senate,,REP,Camden,Stoutland,2.0
Peter Pfeifer,U.S. Senate,,REP,Camden,Stoutland,2.0
Kevin M Roach,State Auditor,,REP,Camden,Stoutland,34.0
David Wasinger,State Auditor,,REP,Camden,Stoutland,37.0
Paul Curtman,State Auditor,,REP,Camden,Stoutland,19.0
Saundra McDowell,State Auditor,,REP,Camden,Stoutland,64.0
Chadwick Bicknell,U S House,3,REP,Camden,Stoutland,
Blaine Luetkemeyer,U S House,3,REP,Camden,Stoutland,
John Webb,U S House,4,REP,Camden,Stoutland,47.0
Vicky Hartzler,U S House,4,REP,Camden,Stoutland,125.0
Justin Dan Brown,State Senate,16,REP,Camden,Stoutland,35.0
Diane Franklin,State Senate,16,REP,Camden,Stoutland,108.0
Keith Frederick,State Senate,16,REP,Camden,Stoutland,28.0
Suzie Pollock,State Representative,123,REP,Camden,Stoutland,58.0
Thomas Wyatt,State Representative,123,REP,Camden,Stoutland,49.0
Wes Powell,State Representative,123,REP,Camden,Stoutland,21.0
Nathan Williams,State Representative,123,REP,Camden,Stoutland,41.0
Rocky Miller,State Representative,124,REP,Camden,Stoutland,
,Registered Voters,,DEM,Camden,Stoutland,558.0
,Ballots Cast,,DEM,Camden,Stoutland,20.0
Carla (Coffee) Wright,U S Senate,,DEM,Camden,Stoutland,1.0
Angelica Earl,U S Senate,,DEM,Camden,Stoutland,0.0
Leonard Joseph Steinman II,U S Senate,,DEM,Camden,Stoutland,0.0
John Hogan,U S Senate,,DEM,Camden,Stoutland,1.0
Travis Gonzalez,U S Senate,,DEM,Camden,Stoutland,0.0
David Faust,U S Senate,,DEM,Camden,Stoutland,0.0
Claire McCaskill,U S Senate,,DEM,Camden,Stoutland,18.0
Nicole Galloway,State Auditor,,DEM,Camden,Stoutland,14.0
Katy Geppert,U S House,3,DEM,Camden,Stoutland,
Renee Hoagenson,U S House,4,DEM,Camden,Stoutland,4.0
Hallie J Thompson,U S House,4,DEM,Camden,Stoutland,14.0
Ryan Dillon,State Senate,16,DEM,Camden,Stoutland,16.0
Joe Register,State Representative,123,DEM,Camden,Stoutland,17.0
Steve Dakopolos,State Representative,124,DEM,Camden,Stoutland,
,Registered Voters,,LIB,Camden,Stoutland,558.0
,Ballots Cast,,LIB,Camden,Stoutland,0.0
Japheth Campbell,U S Senate,,LIB,Camden,Stoutland,0.0
Sean O'Toole,State Auditor,,LIB,Camden,Stoutland,0.0
Donald V Stolle,U S House,3,LIB,Camden,Stoutland,
Steven Koonse,U S House,4,LIB,Camden,Stoutland,0.0
Mark Bliss,U S House,4,LIB,Camden,Stoutland,0.0
,Registered Voters,,GRN,Camden,Stoutland,558.0
,Ballots Cast,,GRN,Camden,Stoutland,0.0
Jo Crain,U S Senate,,GRN,Camden,Stoutland,0.0
Jerome Bauer,U S Senate,,GRN,Camden,Stoutland,0.0
Don Fitz,State Auditor,,GRN,Camden,Stoutland,0.0
,Registered Voters,,CON,Camden,Stoutland,558.0
,Ballots Cast,,CON,Camden,Stoutland,0.0
Jacob Luetkemeyer,State Auditor,,CON,Camden,Stoutland,0.0
,Registered Voters,,REP,Camden,Sunnyslope,571.0
,Ballots Cast,,REP,Camden,Sunnyslope,194.0
Tony Monetti,U.S. Senate,,REP,Camden,Sunnyslope,17.0
Austin Petersen,U.S. Senate,,REP,Camden,Sunnyslope,16.0
Josh Hawley,U.S. Senate,,REP,Camden,Sunnyslope,117.0
Fred Ryman,U.S. Senate,,REP,Camden,Sunnyslope,4.0
Christina Smith,U.S. Senate,,REP,Camden,Sunnyslope,8.0
Kristi Nichols,U.S. Senate,,REP,Camden,Sunnyslope,21.0
Bradley Krembs,U.S. Senate,,REP,Camden,Sunnyslope,1.0
Ken Patterson,U.S. Senate,,REP,Camden,Sunnyslope,2.0
Brian G Hagg,U.S. Senate,,REP,Camden,Sunnyslope,1.0
Courtland Sykes,U.S. Senate,,REP,Camden,Sunnyslope,1.0
Peter Pfeifer,U.S. Senate,,REP,Camden,Sunnyslope,6.0
Kevin M Roach,State Auditor,,REP,Camden,Sunnyslope,37.0
David Wasinger,State Auditor,,REP,Camden,Sunnyslope,47.0
Paul Curtman,State Auditor,,REP,Camden,Sunnyslope,33.0
Saundra McDowell,State Auditor,,REP,Camden,Sunnyslope,51.0
Chadwick Bicknell,U S House,3,REP,Camden,Sunnyslope,
Blaine Luetkemeyer,U S House,3,REP,Camden,Sunnyslope,
John Webb,U S House,4,REP,Camden,Sunnyslope,62.0
Vicky Hartzler,U S House,4,REP,Camden,Sunnyslope,137.0
Justin Dan Brown,State Senate,16,REP,Camden,Sunnyslope,53.0
Diane Franklin,State Senate,16,REP,Camden,Sunnyslope,104.0
Keith Frederick,State Senate,16,REP,Camden,Sunnyslope,49.0
Suzie Pollock,State Representative,123,REP,Camden,Sunnyslope,59.0
Thomas Wyatt,State Representative,123,REP,Camden,Sunnyslope,54.0
Wes Powell,State Representative,123,REP,Camden,Sunnyslope,17.0
Nathan Williams,State Representative,123,REP,Camden,Sunnyslope,60.0
Rocky Miller,State Representative,124,REP,Camden,Sunnyslope,
,Registered Voters,,DEM,Camden,Sunnyslope,571.0
,Ballots Cast,,DEM,Camden,Sunnyslope,41.0
Carla (Coffee) Wright,U S Senate,,DEM,Camden,Sunnyslope,0.0
Angelica Earl,U S Senate,,DEM,Camden,Sunnyslope,0.0
Leonard Joseph Steinman II,U S Senate,,DEM,Camden,Sunnyslope,0.0
John Hogan,U S Senate,,DEM,Camden,Sunnyslope,0.0
Travis Gonzalez,U S Senate,,DEM,Camden,Sunnyslope,1.0
David Faust,U S Senate,,DEM,Camden,Sunnyslope,2.0
Claire McCaskill,U S Senate,,DEM,Camden,Sunnyslope,38.0
Nicole Galloway,State Auditor,,DEM,Camden,Sunnyslope,36.0
Katy Geppert,U S House,3,DEM,Camden,Sunnyslope,
Renee Hoagenson,U S House,4,DEM,Camden,Sunnyslope,23.0
Hallie J Thompson,U S House,4,DEM,Camden,Sunnyslope,14.0
Ryan Dillon,State Senate,16,DEM,Camden,Sunnyslope,38.0
Joe Register,State Representative,123,DEM,Camden,Sunnyslope,38.0
Steve Dakopolos,State Representative,124,DEM,Camden,Sunnyslope,
,Registered Voters,,LIB,Camden,Sunnyslope,571.0
,Ballots Cast,,LIB,Camden,Sunnyslope,0.0
Japheth Campbell,U S Senate,,LIB,Camden,Sunnyslope,0.0
Sean O'Toole,State Auditor,,LIB,Camden,Sunnyslope,0.0
Donald V Stolle,U S House,3,LIB,Camden,Sunnyslope,
Steven Koonse,U S House,4,LIB,Camden,Sunnyslope,0.0
Mark Bliss,U S House,4,LIB,Camden,Sunnyslope,0.0
,Registered Voters,,GRN,Camden,Sunnyslope,571.0
,Ballots Cast,,GRN,Camden,Sunnyslope,0.0
Jo Crain,U S Senate,,GRN,Camden,Sunnyslope,0.0
Jerome Bauer,U S Senate,,GRN,Camden,Sunnyslope,0.0
Don Fitz,State Auditor,,GRN,Camden,Sunnyslope,0.0
,Registered Voters,,CON,Camden,Sunnyslope,571.0
,Ballots Cast,,CON,Camden,Sunnyslope,0.0
Jacob Luetkemeyer,State Auditor,,CON,Camden,Sunnyslope,0.0
,Registered Voters,,REP,Camden,Sunrise Beach 1,1345.0
,Ballots Cast,,REP,Camden,Sunrise Beach 1,354.0
Tony Monetti,U.S. Senate,,REP,Camden,Sunrise Beach 1,20.0
Austin Petersen,U.S. Senate,,REP,Camden,Sunrise Beach 1,18.0
Josh Hawley,U.S. Senate,,REP,Camden,Sunrise Beach 1,246.0
Fred Ryman,U.S. Senate,,REP,Camden,Sunrise Beach 1,4.0
Christina Smith,U.S. Senate,,REP,Camden,Sunrise Beach 1,12.0
Kristi Nichols,U.S. Senate,,REP,Camden,Sunrise Beach 1,33.0
Bradley Krembs,U.S. Senate,,REP,Camden,Sunrise Beach 1,3.0
Ken Patterson,U.S. Senate,,REP,Camden,Sunrise Beach 1,6.0
Brian G Hagg,U.S. Senate,,REP,Camden,Sunrise Beach 1,4.0
Courtland Sykes,U.S. Senate,,REP,Camden,Sunrise Beach 1,2.0
Peter Pfeifer,U.S. Senate,,REP,Camden,Sunrise Beach 1,6.0
Kevin M Roach,State Auditor,,REP,Camden,Sunrise Beach 1,65.0
David Wasinger,State Auditor,,REP,Camden,Sunrise Beach 1,103.0
Paul Curtman,State Auditor,,REP,Camden,Sunrise Beach 1,43.0
Saundra McDowell,State Auditor,,REP,Camden,Sunrise Beach 1,118.0
Chadwick Bicknell,U S House,3,REP,Camden,Sunrise Beach 1,77.0
Blaine Luetkemeyer,U S House,3,REP,Camden,Sunrise Beach 1,277.0
John Webb,U S House,4,REP,Camden,Sunrise Beach 1,
Vicky Hartzler,U S House,4,REP,Camden,Sunrise Beach 1,
Justin Dan Brown,State Senate,16,REP,Camden,Sunrise Beach 1,92.0
Diane Franklin,State Senate,16,REP,Camden,Sunrise Beach 1,218.0
Keith Frederick,State Senate,16,REP,Camden,Sunrise Beach 1,50.0
Suzie Pollock,State Representative,123,REP,Camden,Sunrise Beach 1,
Thomas Wyatt,State Representative,123,REP,Camden,Sunrise Beach 1,
Wes Powell,State Representative,123,REP,Camden,Sunrise Beach 1,
Nathan Williams,State Representative,123,REP,Camden,Sunrise Beach 1,
Rocky Miller,State Representative,124,REP,Camden,Sunrise Beach 1,321.0
,Registered Voters,,DEM,Camden,Sunrise Beach 1,1345.0
,Ballots Cast,,DEM,Camden,Sunrise Beach 1,128.0
Carla (Coffee) Wright,U S Senate,,DEM,Camden,Sunrise Beach 1,5.0
Angelica Earl,U S Senate,,DEM,Camden,Sunrise Beach 1,1.0
Leonard Joseph Steinman II,U S Senate,,DEM,Camden,Sunrise Beach 1,3.0
John Hogan,U S Senate,,DEM,Camden,Sunrise Beach 1,2.0
Travis Gonzalez,U S Senate,,DEM,Camden,Sunrise Beach 1,0.0
David Faust,U S Senate,,DEM,Camden,Sunrise Beach 1,2.0
Claire McCaskill,U S Senate,,DEM,Camden,Sunrise Beach 1,115.0
Nicole Galloway,State Auditor,,DEM,Camden,Sunrise Beach 1,111.0
Katy Geppert,U S House,3,DEM,Camden,Sunrise Beach 1,110.0
Renee Hoagenson,U S House,4,DEM,Camden,Sunrise Beach 1,
Hallie J Thompson,U S House,4,DEM,Camden,Sunrise Beach 1,
Ryan Dillon,State Senate,16,DEM,Camden,Sunrise Beach 1,110.0
Joe Register,State Representative,123,DEM,Camden,Sunrise Beach 1,
Steve Dakopolos,State Representative,124,DEM,Camden,Sunrise Beach 1,106.0
,Registered Voters,,LIB,Camden,Sunrise Beach 1,1345.0
,Ballots Cast,,LIB,Camden,Sunrise Beach 1,0.0
Japheth Campbell,U S Senate,,LIB,Camden,Sunrise Beach 1,0.0
Sean O'Toole,State Auditor,,LIB,Camden,Sunrise Beach 1,0.0
Donald V Stolle,U S House,3,LIB,Camden,Sunrise Beach 1,0.0
Steven Koonse,U S House,4,LIB,Camden,Sunrise Beach 1,
Mark Bliss,U S House,4,LIB,Camden,Sunrise Beach 1,
,Registered Voters,,GRN,Camden,Sunrise Beach 1,1345.0
,Ballots Cast,,GRN,Camden,Sunrise Beach 1,0.0
Jo Crain,U S Senate,,GRN,Camden,Sunrise Beach 1,0.0
Jerome Bauer,U S Senate,,GRN,Camden,Sunrise Beach 1,0.0
Don Fitz,State Auditor,,GRN,Camden,Sunrise Beach 1,0.0
,Registered Voters,,CON,Camden,Sunrise Beach 1,1345.0
,Ballots Cast,,CON,Camden,Sunrise Beach 1,0.0
Jacob Luetkemeyer,State Auditor,,CON,Camden,Sunrise Beach 1,0.0
,Registered Voters,,REP,Camden,Sunrise Beach 2 & 3 and Wilson,2096.0
,Ballots Cast,,REP,Camden,Sunrise Beach 2 & 3 and Wilson,548.0
Tony Monetti,U.S. Senate,,REP,Camden,Sunrise Beach 2 & 3 and Wilson,32.0
Austin Petersen,U.S. Senate,,REP,Camden,Sunrise Beach 2 & 3 and Wilson,28.0
Josh Hawley,U.S. Senate,,REP,Camden,Sunrise Beach 2 & 3 and Wilson,335.0
Fred Ryman,U.S. Senate,,REP,Camden,Sunrise Beach 2 & 3 and Wilson,13.0
Christina Smith,U.S. Senate,,REP,Camden,Sunrise Beach 2 & 3 and Wilson,34.0
Kristi Nichols,U.S. Senate,,REP,Camden,Sunrise Beach 2 & 3 and Wilson,60.0
Bradley Krembs,U.S. Senate,,REP,Camden,Sunrise Beach 2 & 3 and Wilson,4.0
Ken Patterson,U.S. Senate,,REP,Camden,Sunrise Beach 2 & 3 and Wilson,19.0
Brian G Hagg,U.S. Senate,,REP,Camden,Sunrise Beach 2 & 3 and Wilson,6.0
Courtland Sykes,U.S. Senate,,REP,Camden,Sunrise Beach 2 & 3 and Wilson,5.0
Peter Pfeifer,U.S. Senate,,REP,Camden,Sunrise Beach 2 & 3 and Wilson,12.0
Kevin M Roach,State Auditor,,REP,Camden,Sunrise Beach 2 & 3 and Wilson,113.0
David Wasinger,State Auditor,,REP,Camden,Sunrise Beach 2 & 3 and Wilson,133.0
Paul Curtman,State Auditor,,REP,Camden,Sunrise Beach 2 & 3 and Wilson,61.0
Saundra McDowell,State Auditor,,REP,Camden,Sunrise Beach 2 & 3 and Wilson,188.0
Chadwick Bicknell,U S House,3,REP,Camden,Sunrise Beach 2 & 3 and Wilson,67.0
Blaine Luetkemeyer,U S House,3,REP,Camden,Sunrise Beach 2 & 3 and Wilson,191.0
John Webb,U S House,4,REP,Camden,Sunrise Beach 2 & 3 and Wilson,73.0
Vicky Hartzler,U S House,4,REP,Camden,Sunrise Beach 2 & 3 and Wilson,212.0
Justin Dan Brown,State Senate,16,REP,Camden,Sunrise Beach 2 & 3 and Wilson,142.0
Diane Franklin,State Senate,16,REP,Camden,Sunrise Beach 2 & 3 and Wilson,320.0
Keith Frederick,State Senate,16,REP,Camden,Sunrise Beach 2 & 3 and Wilson,85.0
Suzie Pollock,State Representative,123,REP,Camden,Sunrise Beach 2 & 3 and Wilson,0.0
Thomas Wyatt,State Representative,123,REP,Camden,Sunrise Beach 2 & 3 and Wilson,0.0
Wes Powell,State Representative,123,REP,Camden,Sunrise Beach 2 & 3 and Wilson,0.0
Nathan Williams,State Representative,123,REP,Camden,Sunrise Beach 2 & 3 and Wilson,0.0
Rocky Miller,State Representative,124,REP,Camden,Sunrise Beach 2 & 3 and Wilson,493.0
,Registered Voters,,DEM,Camden,Sunrise Beach 2 & 3 and Wilson,2096.0
,Ballots Cast,,DEM,Camden,Sunrise Beach 2 & 3 and Wilson,214.0
Carla (Coffee) Wright,U S Senate,,DEM,Camden,Sunrise Beach 2 & 3 and Wilson,8.0
Angelica Earl,U S Senate,,DEM,Camden,Sunrise Beach 2 & 3 and Wilson,0.0
Leonard Joseph Steinman II,U S Senate,,DEM,Camden,Sunrise Beach 2 & 3 and Wilson,1.0
John Hogan,U S Senate,,DEM,Camden,Sunrise Beach 2 & 3 and Wilson,7.0
Travis Gonzalez,U S Senate,,DEM,Camden,Sunrise Beach 2 & 3 and Wilson,3.0
David Faust,U S Senate,,DEM,Camden,Sunrise Beach 2 & 3 and Wilson,3.0
Claire McCaskill,U S Senate,,DEM,Camden,Sunrise Beach 2 & 3 and Wilson,192.0
Nicole Galloway,State Auditor,,DEM,Camden,Sunrise Beach 2 & 3 and Wilson,189.0
Katy Geppert,U S House,3,DEM,Camden,Sunrise Beach 2 & 3 and Wilson,73.0
Renee Hoagenson,U S House,4,DEM,Camden,Sunrise Beach 2 & 3 and Wilson,46.0
Hallie J Thompson,U S House,4,DEM,Camden,Sunrise Beach 2 & 3 and Wilson,72.0
Ryan Dillon,State Senate,16,DEM,Camden,Sunrise Beach 2 & 3 and Wilson,189.0
Joe Register,State Representative,123,DEM,Camden,Sunrise Beach 2 & 3 and Wilson,0.0
Steve Dakopolos,State Representative,124,DEM,Camden,Sunrise Beach 2 & 3 and Wilson,193.0
,Registered Voters,,LIB,Camden,Sunrise Beach 2 & 3 and Wilson,2096.0
,Ballots Cast,,LIB,Camden,Sunrise Beach 2 & 3 and Wilson,3.0
Japheth Campbell,U S Senate,,LIB,Camden,Sunrise Beach 2 & 3 and Wilson,3.0
Sean O'Toole,State Auditor,,LIB,Camden,Sunrise Beach 2 & 3 and Wilson,2.0
Donald V Stolle,U S House,3,LIB,Camden,Sunrise Beach 2 & 3 and Wilson,1.0
Steven Koonse,U S House,4,LIB,Camden,Sunrise Beach 2 & 3 and Wilson,1.0
Mark Bliss,U S House,4,LIB,Camden,Sunrise Beach 2 & 3 and Wilson,1.0
,Registered Voters,,GRN,Camden,Sunrise Beach 2 & 3 and Wilson,2096.0
,Ballots Cast,,GRN,Camden,Sunrise Beach 2 & 3 and Wilson,0.0
Jo Crain,U S Senate,,GRN,Camden,Sunrise Beach 2 & 3 and Wilson,0.0
Jerome Bauer,U S Senate,,GRN,Camden,Sunrise Beach 2 & 3 and Wilson,0.0
Don Fitz,State Auditor,,GRN,Camden,Sunrise Beach 2 & 3 and Wilson,0.0
,Registered Voters,,CON,Camden,Sunrise Beach 2 & 3 and Wilson,2096.0
,Ballots Cast,,CON,Camden,Sunrise Beach 2 & 3 and Wilson,0.0
Jacob Luetkemeyer,State Auditor,,CON,Camden,Sunrise Beach 2 & 3 and Wilson,0.0
,Registered Voters,,REP,Camden,Absentee,0.0
,Ballots Cast,,REP,Camden,Absentee,542.0
Tony Monetti,U.S. Senate,,REP,Camden,Absentee,56.0
Austin Petersen,U.S. Senate,,REP,Camden,Absentee,22.0
Josh Hawley,U.S. Senate,,REP,Camden,Absentee,353.0
Fred Ryman,U.S. Senate,,REP,Camden,Absentee,4.0
Christina Smith,U.S. Senate,,REP,Camden,Absentee,28.0
Kristi Nichols,U.S. Senate,,REP,Camden,Absentee,40.0
Bradley Krembs,U.S. Senate,,REP,Camden,Absentee,9.0
Ken Patterson,U.S. Senate,,REP,Camden,Absentee,10.0
Brian G Hagg,U.S. Senate,,REP,Camden,Absentee,6.0
Courtland Sykes,U.S. Senate,,REP,Camden,Absentee,6.0
Peter Pfeifer,U.S. Senate,,REP,Camden,Absentee,8.0
Kevin M Roach,State Auditor,,REP,Camden,Absentee,104.0
David Wasinger,State Auditor,,REP,Camden,Absentee,128.0
Paul Curtman,State Auditor,,REP,Camden,Absentee,98.0
Saundra McDowell,State Auditor,,REP,Camden,Absentee,149.0
Chadwick Bicknell,U S House,3,REP,Camden,Absentee,61.0
Blaine Luetkemeyer,U S House,3,REP,Camden,Absentee,252.0
John Webb,U S House,4,REP,Camden,Absentee,53.0
Vicky Hartzler,U S House,4,REP,Camden,Absentee,196.0
Justin Dan Brown,State Senate,16,REP,Camden,Absentee,114.0
Diane Franklin,State Senate,16,REP,Camden,Absentee,376.0
Keith Frederick,State Senate,16,REP,Camden,Absentee,94.0
Suzie Pollock,State Representative,123,REP,Camden,Absentee,78.0
Thomas Wyatt,State Representative,123,REP,Camden,Absentee,76.0
Wes Powell,State Representative,123,REP,Camden,Absentee,15.0
Nathan Williams,State Representative,123,REP,Camden,Absentee,86.0
Rocky Miller,State Representative,124,REP,Camden,Absentee,266.0
,Registered Voters,,DEM,Camden,Absentee,0.0
,Ballots Cast,,DEM,Camden,Absentee,150.0
Carla (Coffee) Wright,U S Senate,,DEM,Camden,Absentee,7.0
Angelica Earl,U S Senate,,DEM,Camden,Absentee,3.0
Leonard Joseph Steinman II,U S Senate,,DEM,Camden,Absentee,1.0
John Hogan,U S Senate,,DEM,Camden,Absentee,3.0
Travis Gonzalez,U S Senate,,DEM,Camden,Absentee,1.0
David Faust,U S Senate,,DEM,Camden,Absentee,5.0
Claire McCaskill,U S Senate,,DEM,Camden,Absentee,130.0
Nicole Galloway,State Auditor,,DEM,Camden,Absentee,132.0
Katy Geppert,U S House,3,DEM,Camden,Absentee,72.0
Renee Hoagenson,U S House,4,DEM,Camden,Absentee,29.0
Hallie J Thompson,U S House,4,DEM,Camden,Absentee,31.0
Ryan Dillon,State Senate,16,DEM,Camden,Absentee,128.0
Joe Register,State Representative,123,DEM,Camden,Absentee,53.0
Steve Dakopolos,State Representative,124,DEM,Camden,Absentee,73.0
,Registered Voters,,LIB,Camden,Absentee,0.0
,Ballots Cast,,LIB,Camden,Absentee,1.0
Japheth Campbell,U S Senate,,LIB,Camden,Absentee,1.0
Sean O'Toole,State Auditor,,LIB,Camden,Absentee,1.0
Donald V Stolle,U S House,3,LIB,Camden,Absentee,1.0
Steven Koonse,U S House,4,LIB,Camden,Absentee,0.0
Mark Bliss,U S House,4,LIB,Camden,Absentee,0.0
,Registered Voters,,GRN,Camden,Absentee,0.0
,Ballots Cast,,GRN,Camden,Absentee,0.0
Jo Crain,U S Senate,,GRN,Camden,Absentee,0.0
Jerome Bauer,U S Senate,,GRN,Camden,Absentee,0.0
Don Fitz,State Auditor,,GRN,Camden,Absentee,0.0
,Registered Voters,,CON,Camden,Absentee,0.0
,Ballots Cast,,CON,Camden,Absentee,0.0
Jacob Luetkemeyer,State Auditor,,CON,Camden,Absentee,0.0
