county,precinct,office,district,candidate,party,votes
Saline,Blackburn,,,Registered Voters,,463
Saline,Blackburn,,,Ballots Cast,,140
Saline,Blackburn,U.S. Senate,,Toni Monetti,REP,8
Saline,Blackburn,U.S. Senate,,Austin Petersen,REP,18
Saline,Blackburn,U.S. Senate,,Josh Hawley,REP,41
Saline,Blackburn,U.S. Senate,,Fred Ryman,REP,2
Saline,Blackburn,U.S. Senate,,Christina Smith,REP,4
Saline,Blackburn,U.S. Senate,,Kristi Nichols,REP,5
Saline,Blackburn,U.S. Senate,,Bradley Krembs,REP,0
Saline,Blackburn,U.S. Senate,,Ken Patterson,REP,8
Saline,Blackburn,U.S. Senate,,Brian G. Hagg,REP,1
Saline,Blackburn,U.S. Senate,,Courtland Sykes,REP,1
Saline,Blackburn,U.S. Senate,,Peter Pfeifer,REP,1
Saline,Blackburn,U.S. Senate,,Carla (Coffee) Wright,DEM,4
Saline,Blackburn,U.S. Senate,,Angelica Earl,DEM,2
Saline,Blackburn,U.S. Senate,,Leonard Joseph Steinman II,DEM,1
Saline,Blackburn,U.S. Senate,,John Hogan,DEM,3
Saline,Blackburn,U.S. Senate,,Travis Gonzalez,DEM,2
Saline,Blackburn,U.S. Senate,,David Faust,DEM,1
Saline,Blackburn,U.S. Senate,,Claire McCaskill,DEM,25
Saline,Blackburn,U.S. Senate,,Japheth Campbell,LIB,0
Saline,Blackburn,U.S. Senate,,Jo Crain,GRN,0
Saline,Blackburn,U.S. Senate,,Jerome Bauer,GRN,0
Saline,Blackburn,State Auditor,,Kevin M. Roach,REP,21
Saline,Blackburn,State Auditor,,David Wasinger,REP,13
Saline,Blackburn,State Auditor,,Paul Curtman,REP,16
Saline,Blackburn,State Auditor,,Saundra McDowell,REP,28
Saline,Blackburn,State Auditor,,Nicole Galloway,DEM,32
Saline,Blackburn,State Auditor,,Sean O'Toole,LIB,0
Saline,Blackburn,State Auditor,,Don Fitz,GRN,0
Saline,Blackburn,State Auditor,,Jacob Luetkemeyer,CST,0
Saline,Blackburn,U.S. House,5,Kress Cambers,REP,15
Saline,Blackburn,U.S. House,5,Jacob Turk,REP,64
Saline,Blackburn,U.S. House,5,Richonda Oaks,REP,5
Saline,Blackburn,U.S. House,5,Emanuel Cleaver II,DEM,33
Saline,Blackburn,U.S. House,5,Alexander Howell,LIB,0
Saline,Blackburn,U.S. House,5,Cisse Spragins,LIB,0
Saline,Blackburn,U.S. House,5,Maurice Copeland,GRN,0
Saline,Blackburn,U.S. House,5,E.C. Fredland,CST,0
Saline,Blackburn,State House,51,Dean A. Dohrman,REP,77
Saline,Blackburn,State House,51,Vince Lutterbie,DEM,34
Saline,Blackburn,State House,51,William Truman (Bill) Wayne,LIB,0
Saline,Blackwater,,,Registered Voters,,500
Saline,Blackwater,,,Ballots Cast,,161
Saline,Blackwater,U.S. Senate,,Toni Monetti,REP,8
Saline,Blackwater,U.S. Senate,,Austin Petersen,REP,14
Saline,Blackwater,U.S. Senate,,Josh Hawley,REP,55
Saline,Blackwater,U.S. Senate,,Fred Ryman,REP,1
Saline,Blackwater,U.S. Senate,,Christina Smith,REP,1
Saline,Blackwater,U.S. Senate,,Kristi Nichols,REP,6
Saline,Blackwater,U.S. Senate,,Bradley Krembs,REP,1
Saline,Blackwater,U.S. Senate,,Ken Patterson,REP,4
Saline,Blackwater,U.S. Senate,,Brian G. Hagg,REP,2
Saline,Blackwater,U.S. Senate,,Courtland Sykes,REP,1
Saline,Blackwater,U.S. Senate,,Peter Pfeifer,REP,0
Saline,Blackwater,U.S. Senate,,Carla (Coffee) Wright,DEM,3
Saline,Blackwater,U.S. Senate,,Angelica Earl,DEM,1
Saline,Blackwater,U.S. Senate,,Leonard Joseph Steinman II,DEM,5
Saline,Blackwater,U.S. Senate,,John Hogan,DEM,5
Saline,Blackwater,U.S. Senate,,Travis Gonzalez,DEM,0
Saline,Blackwater,U.S. Senate,,David Faust,DEM,1
Saline,Blackwater,U.S. Senate,,Claire McCaskill,DEM,44
Saline,Blackwater,U.S. Senate,,Japheth Campbell,LIB,1
Saline,Blackwater,U.S. Senate,,Jo Crain,GRN,0
Saline,Blackwater,U.S. Senate,,Jerome Bauer,GRN,0
Saline,Blackwater,State Auditor,,Kevin M. Roach,REP,22
Saline,Blackwater,State Auditor,,David Wasinger,REP,19
Saline,Blackwater,State Auditor,,Paul Curtman,REP,14
Saline,Blackwater,State Auditor,,Saundra McDowell,REP,27
Saline,Blackwater,State Auditor,,Nicole Galloway,DEM,56
Saline,Blackwater,State Auditor,,Sean O'Toole,LIB,1
Saline,Blackwater,State Auditor,,Don Fitz,GRN,0
Saline,Blackwater,State Auditor,,Jacob Luetkemeyer,CST,0
Saline,Blackwater,U.S. House,5,Kress Cambers,REP,8
Saline,Blackwater,U.S. House,5,Jacob Turk,REP,74
Saline,Blackwater,U.S. House,5,Richonda Oaks,REP,5
Saline,Blackwater,U.S. House,5,Emanuel Cleaver II,DEM,59
Saline,Blackwater,U.S. House,5,Alexander Howell,LIB,1
Saline,Blackwater,U.S. House,5,Cisse Spragins,LIB,0
Saline,Blackwater,U.S. House,5,Maurice Copeland,GRN,0
Saline,Blackwater,U.S. House,5,E.C. Fredland,CST,0
Saline,Blackwater,State House,48,Dave Muntzel,REP,83
Saline,Blackwater,State House,48,Raymond (Jeff) Faubion,DEM,57
Saline,Hardeman,,,Registered Voters,,358
Saline,Hardeman,,,Ballots Cast,,114
Saline,Hardeman,U.S. Senate,,Toni Monetti,REP,5
Saline,Hardeman,U.S. Senate,,Austin Petersen,REP,8
Saline,Hardeman,U.S. Senate,,Josh Hawley,REP,30
Saline,Hardeman,U.S. Senate,,Fred Ryman,REP,0
Saline,Hardeman,U.S. Senate,,Christina Smith,REP,1
Saline,Hardeman,U.S. Senate,,Kristi Nichols,REP,2
Saline,Hardeman,U.S. Senate,,Bradley Krembs,REP,0
Saline,Hardeman,U.S. Senate,,Ken Patterson,REP,1
Saline,Hardeman,U.S. Senate,,Brian G. Hagg,REP,1
Saline,Hardeman,U.S. Senate,,Courtland Sykes,REP,0
Saline,Hardeman,U.S. Senate,,Peter Pfeifer,REP,1
Saline,Hardeman,U.S. Senate,,Carla (Coffee) Wright,DEM,5
Saline,Hardeman,U.S. Senate,,Angelica Earl,DEM,0
Saline,Hardeman,U.S. Senate,,Leonard Joseph Steinman II,DEM,0
Saline,Hardeman,U.S. Senate,,John Hogan,DEM,1
Saline,Hardeman,U.S. Senate,,Travis Gonzalez,DEM,0
Saline,Hardeman,U.S. Senate,,David Faust,DEM,3
Saline,Hardeman,U.S. Senate,,Claire McCaskill,DEM,45
Saline,Hardeman,U.S. Senate,,Japheth Campbell,LIB,0
Saline,Hardeman,U.S. Senate,,Jo Crain,GRN,0
Saline,Hardeman,U.S. Senate,,Jerome Bauer,GRN,0
Saline,Hardeman,State Auditor,,Kevin M. Roach,REP,13
Saline,Hardeman,State Auditor,,David Wasinger,REP,9
Saline,Hardeman,State Auditor,,Paul Curtman,REP,2
Saline,Hardeman,State Auditor,,Saundra McDowell,REP,15
Saline,Hardeman,State Auditor,,Nicole Galloway,DEM,46
Saline,Hardeman,State Auditor,,Sean O'Toole,LIB,0
Saline,Hardeman,State Auditor,,Don Fitz,GRN,0
Saline,Hardeman,State Auditor,,Jacob Luetkemeyer,CST,0
Saline,Hardeman,U.S. House,5,Kress Cambers,REP,3
Saline,Hardeman,U.S. House,5,Jacob Turk,REP,40
Saline,Hardeman,U.S. House,5,Richonda Oaks,REP,5
Saline,Hardeman,U.S. House,5,Emanuel Cleaver II,DEM,51
Saline,Hardeman,U.S. House,5,Alexander Howell,LIB,0
Saline,Hardeman,U.S. House,5,Cisse Spragins,LIB,0
Saline,Hardeman,U.S. House,5,Maurice Copeland,GRN,0
Saline,Hardeman,U.S. House,5,E.C. Fredland,CST,0
Saline,Hardeman,State House,48,Dave Muntzel,REP,44
Saline,Hardeman,State House,48,Raymond (Jeff) Faubion,DEM,40
Saline,Herndon,,,Registered Voters,,395
Saline,Herndon,,,Ballots Cast,,119
Saline,Herndon,U.S. Senate,,Toni Monetti,REP,4
Saline,Herndon,U.S. Senate,,Austin Petersen,REP,2
Saline,Herndon,U.S. Senate,,Josh Hawley,REP,47
Saline,Herndon,U.S. Senate,,Fred Ryman,REP,3
Saline,Herndon,U.S. Senate,,Christina Smith,REP,0
Saline,Herndon,U.S. Senate,,Kristi Nichols,REP,8
Saline,Herndon,U.S. Senate,,Bradley Krembs,REP,1
Saline,Herndon,U.S. Senate,,Ken Patterson,REP,1
Saline,Herndon,U.S. Senate,,Brian G. Hagg,REP,3
Saline,Herndon,U.S. Senate,,Courtland Sykes,REP,9
Saline,Herndon,U.S. Senate,,Peter Pfeifer,REP,1
Saline,Herndon,U.S. Senate,,Carla (Coffee) Wright,DEM,5
Saline,Herndon,U.S. Senate,,Angelica Earl,DEM,1
Saline,Herndon,U.S. Senate,,Leonard Joseph Steinman II,DEM,3
Saline,Herndon,U.S. Senate,,John Hogan,DEM,0
Saline,Herndon,U.S. Senate,,Travis Gonzalez,DEM,1
Saline,Herndon,U.S. Senate,,David Faust,DEM,1
Saline,Herndon,U.S. Senate,,Claire McCaskill,DEM,23
Saline,Herndon,U.S. Senate,,Japheth Campbell,LIB,1
Saline,Herndon,U.S. Senate,,Jo Crain,GRN,0
Saline,Herndon,U.S. Senate,,Jerome Bauer,GRN,0
Saline,Herndon,State Auditor,,Kevin M. Roach,REP,22
Saline,Herndon,State Auditor,,David Wasinger,REP,13
Saline,Herndon,State Auditor,,Paul Curtman,REP,10
Saline,Herndon,State Auditor,,Saundra McDowell,REP,27
Saline,Herndon,State Auditor,,Nicole Galloway,DEM,27
Saline,Herndon,State Auditor,,Sean O'Toole,LIB,1
Saline,Herndon,State Auditor,,Don Fitz,GRN,0
Saline,Herndon,State Auditor,,Jacob Luetkemeyer,CST,0
Saline,Herndon,U.S. House,5,Kress Cambers,REP,22
Saline,Herndon,U.S. House,5,Jacob Turk,REP,48
Saline,Herndon,U.S. House,5,Richonda Oaks,REP,5
Saline,Herndon,U.S. House,5,Emanuel Cleaver II,DEM,30
Saline,Herndon,U.S. House,5,Alexander Howell,LIB,1
Saline,Herndon,U.S. House,5,Cisse Spragins,LIB,0
Saline,Herndon,U.S. House,5,Maurice Copeland,GRN,0
Saline,Herndon,U.S. House,5,E.C. Fredland,CST,0
Saline,Herndon,State House,51,Dean A. Dohrman,REP,77
Saline,Herndon,State House,51,Vince Lutterbie,DEM,30
Saline,Herndon,State House,51,William Truman (Bill) Wayne,LIB,1
Saline,Marshall 1,,,Registered Voters,,2522
Saline,Marshall 1,,,Ballots Cast,,696
Saline,Marshall 1,U.S. Senate,,Toni Monetti,REP,31
Saline,Marshall 1,U.S. Senate,,Austin Petersen,REP,25
Saline,Marshall 1,U.S. Senate,,Josh Hawley,REP,167
Saline,Marshall 1,U.S. Senate,,Fred Ryman,REP,3
Saline,Marshall 1,U.S. Senate,,Christina Smith,REP,20
Saline,Marshall 1,U.S. Senate,,Kristi Nichols,REP,40
Saline,Marshall 1,U.S. Senate,,Bradley Krembs,REP,2
Saline,Marshall 1,U.S. Senate,,Ken Patterson,REP,13
Saline,Marshall 1,U.S. Senate,,Brian G. Hagg,REP,3
Saline,Marshall 1,U.S. Senate,,Courtland Sykes,REP,3
Saline,Marshall 1,U.S. Senate,,Peter Pfeifer,REP,4
Saline,Marshall 1,U.S. Senate,,Carla (Coffee) Wright,DEM,32
Saline,Marshall 1,U.S. Senate,,Angelica Earl,DEM,16
Saline,Marshall 1,U.S. Senate,,Leonard Joseph Steinman II,DEM,8
Saline,Marshall 1,U.S. Senate,,John Hogan,DEM,13
Saline,Marshall 1,U.S. Senate,,Travis Gonzalez,DEM,10
Saline,Marshall 1,U.S. Senate,,David Faust,DEM,16
Saline,Marshall 1,U.S. Senate,,Claire McCaskill,DEM,248
Saline,Marshall 1,U.S. Senate,,Japheth Campbell,LIB,2
Saline,Marshall 1,U.S. Senate,,Jo Crain,GRN,0
Saline,Marshall 1,U.S. Senate,,Jerome Bauer,GRN,0
Saline,Marshall 1,State Auditor,,Kevin M. Roach,REP,58
Saline,Marshall 1,State Auditor,,David Wasinger,REP,53
Saline,Marshall 1,State Auditor,,Paul Curtman,REP,52
Saline,Marshall 1,State Auditor,,Saundra McDowell,REP,114
Saline,Marshall 1,State Auditor,,Nicole Galloway,DEM,295
Saline,Marshall 1,State Auditor,,Sean O'Toole,LIB,2
Saline,Marshall 1,State Auditor,,Don Fitz,GRN,0
Saline,Marshall 1,State Auditor,,Jacob Luetkemeyer,CST,0
Saline,Marshall 1,U.S. House,5,Kress Cambers,REP,50
Saline,Marshall 1,U.S. House,5,Jacob Turk,REP,235
Saline,Marshall 1,U.S. House,5,Richonda Oaks,REP,14
Saline,Marshall 1,U.S. House,5,Emanuel Cleaver II,DEM,307
Saline,Marshall 1,U.S. House,5,Alexander Howell,LIB,1
Saline,Marshall 1,U.S. House,5,Cisse Spragins,LIB,1
Saline,Marshall 1,U.S. House,5,Maurice Copeland,GRN,0
Saline,Marshall 1,U.S. House,5,E.C. Fredland,CST,0
Saline,Marshall 1,State House,51,Dean A. Dohrman,REP,289
Saline,Marshall 1,State House,51,Vince Lutterbie,DEM,292
Saline,Marshall 1,State House,51,William Truman (Bill) Wayne,LIB,2
Saline,Marshall 2,,,Registered Voters,,1974
Saline,Marshall 2,,,Ballots Cast,,566
Saline,Marshall 2,U.S. Senate,,Toni Monetti,REP,28
Saline,Marshall 2,U.S. Senate,,Austin Petersen,REP,18
Saline,Marshall 2,U.S. Senate,,Josh Hawley,REP,182
Saline,Marshall 2,U.S. Senate,,Fred Ryman,REP,2
Saline,Marshall 2,U.S. Senate,,Christina Smith,REP,9
Saline,Marshall 2,U.S. Senate,,Kristi Nichols,REP,24
Saline,Marshall 2,U.S. Senate,,Bradley Krembs,REP,0
Saline,Marshall 2,U.S. Senate,,Ken Patterson,REP,12
Saline,Marshall 2,U.S. Senate,,Brian G. Hagg,REP,3
Saline,Marshall 2,U.S. Senate,,Courtland Sykes,REP,1
Saline,Marshall 2,U.S. Senate,,Peter Pfeifer,REP,8
Saline,Marshall 2,U.S. Senate,,Carla (Coffee) Wright,DEM,28
Saline,Marshall 2,U.S. Senate,,Angelica Earl,DEM,5
Saline,Marshall 2,U.S. Senate,,Leonard Joseph Steinman II,DEM,8
Saline,Marshall 2,U.S. Senate,,John Hogan,DEM,13
Saline,Marshall 2,U.S. Senate,,Travis Gonzalez,DEM,7
Saline,Marshall 2,U.S. Senate,,David Faust,DEM,7
Saline,Marshall 2,U.S. Senate,,Claire McCaskill,DEM,179
Saline,Marshall 2,U.S. Senate,,Japheth Campbell,LIB,0
Saline,Marshall 2,U.S. Senate,,Jo Crain,GRN,0
Saline,Marshall 2,U.S. Senate,,Jerome Bauer,GRN,1
Saline,Marshall 2,State Auditor,,Kevin M. Roach,REP,69
Saline,Marshall 2,State Auditor,,David Wasinger,REP,53
Saline,Marshall 2,State Auditor,,Paul Curtman,REP,42
Saline,Marshall 2,State Auditor,,Saundra McDowell,REP,95
Saline,Marshall 2,State Auditor,,Nicole Galloway,DEM,213
Saline,Marshall 2,State Auditor,,Sean O'Toole,LIB,0
Saline,Marshall 2,State Auditor,,Don Fitz,GRN,1
Saline,Marshall 2,State Auditor,,Jacob Luetkemeyer,CST,1
Saline,Marshall 2,U.S. House,5,Kress Cambers,REP,40
Saline,Marshall 2,U.S. House,5,Jacob Turk,REP,231
Saline,Marshall 2,U.S. House,5,Richonda Oaks,REP,7
Saline,Marshall 2,U.S. House,5,Emanuel Cleaver II,DEM,219
Saline,Marshall 2,U.S. House,5,Alexander Howell,LIB,0
Saline,Marshall 2,U.S. House,5,Cisse Spragins,LIB,0
Saline,Marshall 2,U.S. House,5,Maurice Copeland,GRN,1
Saline,Marshall 2,U.S. House,5,E.C. Fredland,CST,1
Saline,Marshall 2,State House,51,Dean A. Dohrman,REP,262
Saline,Marshall 2,State House,51,Vince Lutterbie,DEM,217
Saline,Marshall 2,State House,51,William Truman (Bill) Wayne,LIB,0
Saline,Marshall 3,,,Registered Voters,,1617
Saline,Marshall 3,,,Ballots Cast,,409
Saline,Marshall 3,U.S. Senate,,Toni Monetti,REP,13
Saline,Marshall 3,U.S. Senate,,Austin Petersen,REP,16
Saline,Marshall 3,U.S. Senate,,Josh Hawley,REP,99
Saline,Marshall 3,U.S. Senate,,Fred Ryman,REP,3
Saline,Marshall 3,U.S. Senate,,Christina Smith,REP,7
Saline,Marshall 3,U.S. Senate,,Kristi Nichols,REP,23
Saline,Marshall 3,U.S. Senate,,Bradley Krembs,REP,0
Saline,Marshall 3,U.S. Senate,,Ken Patterson,REP,3
Saline,Marshall 3,U.S. Senate,,Brian G. Hagg,REP,3
Saline,Marshall 3,U.S. Senate,,Courtland Sykes,REP,1
Saline,Marshall 3,U.S. Senate,,Peter Pfeifer,REP,5
Saline,Marshall 3,U.S. Senate,,Carla (Coffee) Wright,DEM,26
Saline,Marshall 3,U.S. Senate,,Angelica Earl,DEM,3
Saline,Marshall 3,U.S. Senate,,Leonard Joseph Steinman II,DEM,1
Saline,Marshall 3,U.S. Senate,,John Hogan,DEM,10
Saline,Marshall 3,U.S. Senate,,Travis Gonzalez,DEM,9
Saline,Marshall 3,U.S. Senate,,David Faust,DEM,11
Saline,Marshall 3,U.S. Senate,,Claire McCaskill,DEM,148
Saline,Marshall 3,U.S. Senate,,Japheth Campbell,LIB,1
Saline,Marshall 3,U.S. Senate,,Jo Crain,GRN,0
Saline,Marshall 3,U.S. Senate,,Jerome Bauer,GRN,0
Saline,Marshall 3,State Auditor,,Kevin M. Roach,REP,39
Saline,Marshall 3,State Auditor,,David Wasinger,REP,39
Saline,Marshall 3,State Auditor,,Paul Curtman,REP,25
Saline,Marshall 3,State Auditor,,Saundra McDowell,REP,55
Saline,Marshall 3,State Auditor,,Nicole Galloway,DEM,179
Saline,Marshall 3,State Auditor,,Sean O'Toole,LIB,1
Saline,Marshall 3,State Auditor,,Don Fitz,GRN,0
Saline,Marshall 3,State Auditor,,Jacob Luetkemeyer,CST,0
Saline,Marshall 3,U.S. House,5,Kress Cambers,REP,25
Saline,Marshall 3,U.S. House,5,Jacob Turk,REP,132
Saline,Marshall 3,U.S. House,5,Richonda Oaks,REP,17
Saline,Marshall 3,U.S. House,5,Emanuel Cleaver II,DEM,193
Saline,Marshall 3,U.S. House,5,Alexander Howell,LIB,0
Saline,Marshall 3,U.S. House,5,Cisse Spragins,LIB,1
Saline,Marshall 3,U.S. House,5,Maurice Copeland,GRN,0
Saline,Marshall 3,U.S. House,5,E.C. Fredland,CST,0
Saline,Marshall 3,State House,51,Dean A. Dohrman,REP,165
Saline,Marshall 3,State House,51,Vince Lutterbie,DEM,185
Saline,Marshall 3,State House,51,William Truman (Bill) Wayne,LIB,1
Saline,Marshall 4,,,Registered Voters,,1939
Saline,Marshall 4,,,Ballots Cast,,407
Saline,Marshall 4,U.S. Senate,,Toni Monetti,REP,27
Saline,Marshall 4,U.S. Senate,,Austin Petersen,REP,21
Saline,Marshall 4,U.S. Senate,,Josh Hawley,REP,95
Saline,Marshall 4,U.S. Senate,,Fred Ryman,REP,1
Saline,Marshall 4,U.S. Senate,,Christina Smith,REP,8
Saline,Marshall 4,U.S. Senate,,Kristi Nichols,REP,15
Saline,Marshall 4,U.S. Senate,,Bradley Krembs,REP,2
Saline,Marshall 4,U.S. Senate,,Ken Patterson,REP,7
Saline,Marshall 4,U.S. Senate,,Brian G. Hagg,REP,1
Saline,Marshall 4,U.S. Senate,,Courtland Sykes,REP,5
Saline,Marshall 4,U.S. Senate,,Peter Pfeifer,REP,2
Saline,Marshall 4,U.S. Senate,,Carla (Coffee) Wright,DEM,26
Saline,Marshall 4,U.S. Senate,,Angelica Earl,DEM,7
Saline,Marshall 4,U.S. Senate,,Leonard Joseph Steinman II,DEM,5
Saline,Marshall 4,U.S. Senate,,John Hogan,DEM,8
Saline,Marshall 4,U.S. Senate,,Travis Gonzalez,DEM,4
Saline,Marshall 4,U.S. Senate,,David Faust,DEM,2
Saline,Marshall 4,U.S. Senate,,Claire McCaskill,DEM,135
Saline,Marshall 4,U.S. Senate,,Japheth Campbell,LIB,2
Saline,Marshall 4,U.S. Senate,,Jo Crain,GRN,0
Saline,Marshall 4,U.S. Senate,,Jerome Bauer,GRN,0
Saline,Marshall 4,State Auditor,,Kevin M. Roach,REP,55
Saline,Marshall 4,State Auditor,,David Wasinger,REP,38
Saline,Marshall 4,State Auditor,,Paul Curtman,REP,32
Saline,Marshall 4,State Auditor,,Saundra McDowell,REP,46
Saline,Marshall 4,State Auditor,,Nicole Galloway,DEM,163
Saline,Marshall 4,State Auditor,,Sean O'Toole,LIB,2
Saline,Marshall 4,State Auditor,,Don Fitz,GRN,0
Saline,Marshall 4,State Auditor,,Jacob Luetkemeyer,CST,2
Saline,Marshall 4,U.S. House,5,Kress Cambers,REP,33
Saline,Marshall 4,U.S. House,5,Jacob Turk,REP,139
Saline,Marshall 4,U.S. House,5,Richonda Oaks,REP,9
Saline,Marshall 4,U.S. House,5,Emanuel Cleaver II,DEM,171
Saline,Marshall 4,U.S. House,5,Alexander Howell,LIB,1
Saline,Marshall 4,U.S. House,5,Cisse Spragins,LIB,1
Saline,Marshall 4,U.S. House,5,Maurice Copeland,GRN,0
Saline,Marshall 4,U.S. House,5,E.C. Fredland,CST,1
Saline,Marshall 4,State House,51,Dean A. Dohrman,REP,170
Saline,Marshall 4,State House,51,Vince Lutterbie,DEM,165
Saline,Marshall 4,State House,51,William Truman (Bill) Wayne,LIB,2
Saline,Malta Bend,,,Registered Voters,,346
Saline,Malta Bend,,,Ballots Cast,,104
Saline,Malta Bend,U.S. Senate,,Toni Monetti,REP,11
Saline,Malta Bend,U.S. Senate,,Austin Petersen,REP,4
Saline,Malta Bend,U.S. Senate,,Josh Hawley,REP,30
Saline,Malta Bend,U.S. Senate,,Fred Ryman,REP,1
Saline,Malta Bend,U.S. Senate,,Christina Smith,REP,4
Saline,Malta Bend,U.S. Senate,,Kristi Nichols,REP,4
Saline,Malta Bend,U.S. Senate,,Bradley Krembs,REP,1
Saline,Malta Bend,U.S. Senate,,Ken Patterson,REP,1
Saline,Malta Bend,U.S. Senate,,Brian G. Hagg,REP,2
Saline,Malta Bend,U.S. Senate,,Courtland Sykes,REP,1
Saline,Malta Bend,U.S. Senate,,Peter Pfeifer,REP,1
Saline,Malta Bend,U.S. Senate,,Carla (Coffee) Wright,DEM,5
Saline,Malta Bend,U.S. Senate,,Angelica Earl,DEM,1
Saline,Malta Bend,U.S. Senate,,Leonard Joseph Steinman II,DEM,1
Saline,Malta Bend,U.S. Senate,,John Hogan,DEM,4
Saline,Malta Bend,U.S. Senate,,Travis Gonzalez,DEM,1
Saline,Malta Bend,U.S. Senate,,David Faust,DEM,0
Saline,Malta Bend,U.S. Senate,,Claire McCaskill,DEM,19
Saline,Malta Bend,U.S. Senate,,Japheth Campbell,LIB,0
Saline,Malta Bend,U.S. Senate,,Jo Crain,GRN,0
Saline,Malta Bend,U.S. Senate,,Jerome Bauer,GRN,0
Saline,Malta Bend,State Auditor,,Kevin M. Roach,REP,13
Saline,Malta Bend,State Auditor,,David Wasinger,REP,17
Saline,Malta Bend,State Auditor,,Paul Curtman,REP,12
Saline,Malta Bend,State Auditor,,Saundra McDowell,REP,14
Saline,Malta Bend,State Auditor,,Nicole Galloway,DEM,27
Saline,Malta Bend,State Auditor,,Sean O'Toole,LIB,0
Saline,Malta Bend,State Auditor,,Don Fitz,GRN,0
Saline,Malta Bend,State Auditor,,Jacob Luetkemeyer,CST,0
Saline,Malta Bend,U.S. House,5,Kress Cambers,REP,6
Saline,Malta Bend,U.S. House,5,Jacob Turk,REP,46
Saline,Malta Bend,U.S. House,5,Richonda Oaks,REP,4
Saline,Malta Bend,U.S. House,5,Emanuel Cleaver II,DEM,31
Saline,Malta Bend,U.S. House,5,Alexander Howell,LIB,0
Saline,Malta Bend,U.S. House,5,Cisse Spragins,LIB,0
Saline,Malta Bend,U.S. House,5,Maurice Copeland,GRN,0
Saline,Malta Bend,U.S. House,5,E.C. Fredland,CST,0
Saline,Malta Bend,State House,51,Dean A. Dohrman,REP,54
Saline,Malta Bend,State House,51,Vince Lutterbie,DEM,29
Saline,Malta Bend,State House,51,William Truman (Bill) Wayne,LIB,0
Saline,Miami,,,Registered Voters,,370
Saline,Miami,,,Ballots Cast,,119
Saline,Miami,U.S. Senate,,Toni Monetti,REP,5
Saline,Miami,U.S. Senate,,Austin Petersen,REP,7
Saline,Miami,U.S. Senate,,Josh Hawley,REP,37
Saline,Miami,U.S. Senate,,Fred Ryman,REP,2
Saline,Miami,U.S. Senate,,Christina Smith,REP,2
Saline,Miami,U.S. Senate,,Kristi Nichols,REP,2
Saline,Miami,U.S. Senate,,Bradley Krembs,REP,1
Saline,Miami,U.S. Senate,,Ken Patterson,REP,1
Saline,Miami,U.S. Senate,,Brian G. Hagg,REP,0
Saline,Miami,U.S. Senate,,Courtland Sykes,REP,1
Saline,Miami,U.S. Senate,,Peter Pfeifer,REP,2
Saline,Miami,U.S. Senate,,Carla (Coffee) Wright,DEM,6
Saline,Miami,U.S. Senate,,Angelica Earl,DEM,1
Saline,Miami,U.S. Senate,,Leonard Joseph Steinman II,DEM,1
Saline,Miami,U.S. Senate,,John Hogan,DEM,2
Saline,Miami,U.S. Senate,,Travis Gonzalez,DEM,2
Saline,Miami,U.S. Senate,,David Faust,DEM,3
Saline,Miami,U.S. Senate,,Claire McCaskill,DEM,37
Saline,Miami,U.S. Senate,,Japheth Campbell,LIB,2
Saline,Miami,U.S. Senate,,Jo Crain,GRN,0
Saline,Miami,U.S. Senate,,Jerome Bauer,GRN,0
Saline,Miami,State Auditor,,Kevin M. Roach,REP,6
Saline,Miami,State Auditor,,David Wasinger,REP,25
Saline,Miami,State Auditor,,Paul Curtman,REP,8
Saline,Miami,State Auditor,,Saundra McDowell,REP,15
Saline,Miami,State Auditor,,Nicole Galloway,DEM,42
Saline,Miami,State Auditor,,Sean O'Toole,LIB,2
Saline,Miami,State Auditor,,Don Fitz,GRN,0
Saline,Miami,State Auditor,,Jacob Luetkemeyer,CST,0
Saline,Miami,U.S. House,5,Kress Cambers,REP,3
Saline,Miami,U.S. House,5,Jacob Turk,REP,52
Saline,Miami,U.S. House,5,Richonda Oaks,REP,1
Saline,Miami,U.S. House,5,Emanuel Cleaver II,DEM,45
Saline,Miami,U.S. House,5,Alexander Howell,LIB,2
Saline,Miami,U.S. House,5,Cisse Spragins,LIB,0
Saline,Miami,U.S. House,5,Maurice Copeland,GRN,0
Saline,Miami,U.S. House,5,E.C. Fredland,CST,0
Saline,Miami,State House,48,Dave Muntzel,REP,52
Saline,Miami,State House,48,Raymond (Jeff) Faubion,DEM,38
Saline,Nelson,,,Registered Voters,,179
Saline,Nelson,,,Ballots Cast,,56
Saline,Nelson,U.S. Senate,,Toni Monetti,REP,2
Saline,Nelson,U.S. Senate,,Austin Petersen,REP,7
Saline,Nelson,U.S. Senate,,Josh Hawley,REP,19
Saline,Nelson,U.S. Senate,,Fred Ryman,REP,0
Saline,Nelson,U.S. Senate,,Christina Smith,REP,1
Saline,Nelson,U.S. Senate,,Kristi Nichols,REP,1
Saline,Nelson,U.S. Senate,,Bradley Krembs,REP,2
Saline,Nelson,U.S. Senate,,Ken Patterson,REP,0
Saline,Nelson,U.S. Senate,,Brian G. Hagg,REP,0
Saline,Nelson,U.S. Senate,,Courtland Sykes,REP,0
Saline,Nelson,U.S. Senate,,Peter Pfeifer,REP,2
Saline,Nelson,U.S. Senate,,Carla (Coffee) Wright,DEM,2
Saline,Nelson,U.S. Senate,,Angelica Earl,DEM,0
Saline,Nelson,U.S. Senate,,Leonard Joseph Steinman II,DEM,0
Saline,Nelson,U.S. Senate,,John Hogan,DEM,2
Saline,Nelson,U.S. Senate,,Travis Gonzalez,DEM,0
Saline,Nelson,U.S. Senate,,David Faust,DEM,1
Saline,Nelson,U.S. Senate,,Claire McCaskill,DEM,15
Saline,Nelson,U.S. Senate,,Japheth Campbell,LIB,0
Saline,Nelson,U.S. Senate,,Jo Crain,GRN,0
Saline,Nelson,U.S. Senate,,Jerome Bauer,GRN,0
Saline,Nelson,State Auditor,,Kevin M. Roach,REP,8
Saline,Nelson,State Auditor,,David Wasinger,REP,8
Saline,Nelson,State Auditor,,Paul Curtman,REP,9
Saline,Nelson,State Auditor,,Saundra McDowell,REP,6
Saline,Nelson,State Auditor,,Nicole Galloway,DEM,19
Saline,Nelson,State Auditor,,Sean O'Toole,LIB,0
Saline,Nelson,State Auditor,,Don Fitz,GRN,0
Saline,Nelson,State Auditor,,Jacob Luetkemeyer,CST,1
Saline,Nelson,U.S. House,5,Kress Cambers,REP,5
Saline,Nelson,U.S. House,5,Jacob Turk,REP,27
Saline,Nelson,U.S. House,5,Richonda Oaks,REP,0
Saline,Nelson,U.S. House,5,Emanuel Cleaver II,DEM,19
Saline,Nelson,U.S. House,5,Alexander Howell,LIB,0
Saline,Nelson,U.S. House,5,Cisse Spragins,LIB,0
Saline,Nelson,U.S. House,5,Maurice Copeland,GRN,0
Saline,Nelson,U.S. House,5,E.C. Fredland,CST,1
Saline,Nelson,State House,48,Dave Muntzel,REP,30
Saline,Nelson,State House,48,Raymond (Jeff) Faubion,DEM,14
Saline,Orearville,,,Registered Voters,,288
Saline,Orearville,,,Ballots Cast,,117
Saline,Orearville,U.S. Senate,,Toni Monetti,REP,5
Saline,Orearville,U.S. Senate,,Austin Petersen,REP,9
Saline,Orearville,U.S. Senate,,Josh Hawley,REP,28
Saline,Orearville,U.S. Senate,,Fred Ryman,REP,0
Saline,Orearville,U.S. Senate,,Christina Smith,REP,1
Saline,Orearville,U.S. Senate,,Kristi Nichols,REP,2
Saline,Orearville,U.S. Senate,,Bradley Krembs,REP,0
Saline,Orearville,U.S. Senate,,Ken Patterson,REP,2
Saline,Orearville,U.S. Senate,,Brian G. Hagg,REP,2
Saline,Orearville,U.S. Senate,,Courtland Sykes,REP,0
Saline,Orearville,U.S. Senate,,Peter Pfeifer,REP,1
Saline,Orearville,U.S. Senate,,Carla (Coffee) Wright,DEM,9
Saline,Orearville,U.S. Senate,,Angelica Earl,DEM,2
Saline,Orearville,U.S. Senate,,Leonard Joseph Steinman II,DEM,7
Saline,Orearville,U.S. Senate,,John Hogan,DEM,7
Saline,Orearville,U.S. Senate,,Travis Gonzalez,DEM,0
Saline,Orearville,U.S. Senate,,David Faust,DEM,4
Saline,Orearville,U.S. Senate,,Claire McCaskill,DEM,26
Saline,Orearville,U.S. Senate,,Japheth Campbell,LIB,2
Saline,Orearville,U.S. Senate,,Jo Crain,GRN,0
Saline,Orearville,U.S. Senate,,Jerome Bauer,GRN,0
Saline,Orearville,State Auditor,,Kevin M. Roach,REP,18
Saline,Orearville,State Auditor,,David Wasinger,REP,8
Saline,Orearville,State Auditor,,Paul Curtman,REP,7
Saline,Orearville,State Auditor,,Saundra McDowell,REP,12
Saline,Orearville,State Auditor,,Nicole Galloway,DEM,43
Saline,Orearville,State Auditor,,Sean O'Toole,LIB,2
Saline,Orearville,State Auditor,,Don Fitz,GRN,0
Saline,Orearville,State Auditor,,Jacob Luetkemeyer,CST,0
Saline,Orearville,U.S. House,5,Kress Cambers,REP,5
Saline,Orearville,U.S. House,5,Jacob Turk,REP,39
Saline,Orearville,U.S. House,5,Richonda Oaks,REP,3
Saline,Orearville,U.S. House,5,Emanuel Cleaver II,DEM,39
Saline,Orearville,U.S. House,5,Alexander Howell,LIB,2
Saline,Orearville,U.S. House,5,Cisse Spragins,LIB,0
Saline,Orearville,U.S. House,5,Maurice Copeland,GRN,0
Saline,Orearville,U.S. House,5,E.C. Fredland,CST,0
Saline,Orearville,State House,48,Dave Muntzel,REP,45
Saline,Orearville,State House,48,Raymond (Jeff) Faubion,DEM,38
Saline,Slater,,,Registered Voters,,1570
Saline,Slater,,,Ballots Cast,,402
Saline,Slater,U.S. Senate,,Toni Monetti,REP,14
Saline,Slater,U.S. Senate,,Austin Petersen,REP,20
Saline,Slater,U.S. Senate,,Josh Hawley,REP,99
Saline,Slater,U.S. Senate,,Fred Ryman,REP,5
Saline,Slater,U.S. Senate,,Christina Smith,REP,9
Saline,Slater,U.S. Senate,,Kristi Nichols,REP,10
Saline,Slater,U.S. Senate,,Bradley Krembs,REP,2
Saline,Slater,U.S. Senate,,Ken Patterson,REP,6
Saline,Slater,U.S. Senate,,Brian G. Hagg,REP,4
Saline,Slater,U.S. Senate,,Courtland Sykes,REP,5
Saline,Slater,U.S. Senate,,Peter Pfeifer,REP,1
Saline,Slater,U.S. Senate,,Carla (Coffee) Wright,DEM,24
Saline,Slater,U.S. Senate,,Angelica Earl,DEM,8
Saline,Slater,U.S. Senate,,Leonard Joseph Steinman II,DEM,7
Saline,Slater,U.S. Senate,,John Hogan,DEM,14
Saline,Slater,U.S. Senate,,Travis Gonzalez,DEM,7
Saline,Slater,U.S. Senate,,David Faust,DEM,13
Saline,Slater,U.S. Senate,,Claire McCaskill,DEM,126
Saline,Slater,U.S. Senate,,Japheth Campbell,LIB,1
Saline,Slater,U.S. Senate,,Jo Crain,GRN,0
Saline,Slater,U.S. Senate,,Jerome Bauer,GRN,0
Saline,Slater,State Auditor,,Kevin M. Roach,REP,42
Saline,Slater,State Auditor,,David Wasinger,REP,33
Saline,Slater,State Auditor,,Paul Curtman,REP,35
Saline,Slater,State Auditor,,Saundra McDowell,REP,54
Saline,Slater,State Auditor,,Nicole Galloway,DEM,173
Saline,Slater,State Auditor,,Sean O'Toole,LIB,1
Saline,Slater,State Auditor,,Don Fitz,GRN,0
Saline,Slater,State Auditor,,Jacob Luetkemeyer,CST,0
Saline,Slater,U.S. House,5,Kress Cambers,REP,35
Saline,Slater,U.S. House,5,Jacob Turk,REP,121
Saline,Slater,U.S. House,5,Richonda Oaks,REP,14
Saline,Slater,U.S. House,5,Emanuel Cleaver II,DEM,189
Saline,Slater,U.S. House,5,Alexander Howell,LIB,1
Saline,Slater,U.S. House,5,Cisse Spragins,LIB,0
Saline,Slater,U.S. House,5,Maurice Copeland,GRN,0
Saline,Slater,U.S. House,5,E.C. Fredland,CST,0
Saline,Slater,State House,48,Dave Muntzel,REP,160
Saline,Slater,State House,48,Raymond (Jeff) Faubion,DEM,168
Saline,Sweet Springs,,,Registered Voters,,1305
Saline,Sweet Springs,,,Ballots Cast,,385
Saline,Sweet Springs,U.S. Senate,,Toni Monetti,REP,25
Saline,Sweet Springs,U.S. Senate,,Austin Petersen,REP,20
Saline,Sweet Springs,U.S. Senate,,Josh Hawley,REP,128
Saline,Sweet Springs,U.S. Senate,,Fred Ryman,REP,2
Saline,Sweet Springs,U.S. Senate,,Christina Smith,REP,3
Saline,Sweet Springs,U.S. Senate,,Kristi Nichols,REP,19
Saline,Sweet Springs,U.S. Senate,,Bradley Krembs,REP,3
Saline,Sweet Springs,U.S. Senate,,Ken Patterson,REP,9
Saline,Sweet Springs,U.S. Senate,,Brian G. Hagg,REP,0
Saline,Sweet Springs,U.S. Senate,,Courtland Sykes,REP,2
Saline,Sweet Springs,U.S. Senate,,Peter Pfeifer,REP,9
Saline,Sweet Springs,U.S. Senate,,Carla (Coffee) Wright,DEM,24
Saline,Sweet Springs,U.S. Senate,,Angelica Earl,DEM,8
Saline,Sweet Springs,U.S. Senate,,Leonard Joseph Steinman II,DEM,3
Saline,Sweet Springs,U.S. Senate,,John Hogan,DEM,13
Saline,Sweet Springs,U.S. Senate,,Travis Gonzalez,DEM,2
Saline,Sweet Springs,U.S. Senate,,David Faust,DEM,6
Saline,Sweet Springs,U.S. Senate,,Claire McCaskill,DEM,84
Saline,Sweet Springs,U.S. Senate,,Japheth Campbell,LIB,0
Saline,Sweet Springs,U.S. Senate,,Jo Crain,GRN,0
Saline,Sweet Springs,U.S. Senate,,Jerome Bauer,GRN,0
Saline,Sweet Springs,State Auditor,,Kevin M. Roach,REP,62
Saline,Sweet Springs,State Auditor,,David Wasinger,REP,44
Saline,Sweet Springs,State Auditor,,Paul Curtman,REP,25
Saline,Sweet Springs,State Auditor,,Saundra McDowell,REP,72
Saline,Sweet Springs,State Auditor,,Nicole Galloway,DEM,126
Saline,Sweet Springs,State Auditor,,Sean O'Toole,LIB,0
Saline,Sweet Springs,State Auditor,,Don Fitz,GRN,0
Saline,Sweet Springs,State Auditor,,Jacob Luetkemeyer,CST,0
Saline,Sweet Springs,U.S. House,5,Kress Cambers,REP,46
Saline,Sweet Springs,U.S. House,5,Jacob Turk,REP,155
Saline,Sweet Springs,U.S. House,5,Richonda Oaks,REP,13
Saline,Sweet Springs,U.S. House,5,Emanuel Cleaver II,DEM,126
Saline,Sweet Springs,U.S. House,5,Alexander Howell,LIB,0
Saline,Sweet Springs,U.S. House,5,Cisse Spragins,LIB,0
Saline,Sweet Springs,U.S. House,5,Maurice Copeland,GRN,0
Saline,Sweet Springs,U.S. House,5,E.C. Fredland,CST,0
Saline,Sweet Springs,State House,51,Dean A. Dohrman,REP,209
Saline,Sweet Springs,State House,51,Vince Lutterbie,DEM,118
Saline,Sweet Springs,State House,51,William Truman (Bill) Wayne,LIB,0
Saline,Federal,,,Registered Voters,,0
Saline,Federal,,,Ballots Cast,,0
Saline,Federal,U.S. Senate,,Toni Monetti,REP,0
Saline,Federal,U.S. Senate,,Austin Petersen,REP,0
Saline,Federal,U.S. Senate,,Josh Hawley,REP,0
Saline,Federal,U.S. Senate,,Fred Ryman,REP,0
Saline,Federal,U.S. Senate,,Christina Smith,REP,0
Saline,Federal,U.S. Senate,,Kristi Nichols,REP,0
Saline,Federal,U.S. Senate,,Bradley Krembs,REP,0
Saline,Federal,U.S. Senate,,Ken Patterson,REP,0
Saline,Federal,U.S. Senate,,Brian G. Hagg,REP,0
Saline,Federal,U.S. Senate,,Courtland Sykes,REP,0
Saline,Federal,U.S. Senate,,Peter Pfeifer,REP,0
Saline,Federal,U.S. Senate,,Carla (Coffee) Wright,DEM,0
Saline,Federal,U.S. Senate,,Angelica Earl,DEM,0
Saline,Federal,U.S. Senate,,Leonard Joseph Steinman II,DEM,0
Saline,Federal,U.S. Senate,,John Hogan,DEM,0
Saline,Federal,U.S. Senate,,Travis Gonzalez,DEM,0
Saline,Federal,U.S. Senate,,David Faust,DEM,0
Saline,Federal,U.S. Senate,,Claire McCaskill,DEM,0
Saline,Federal,U.S. Senate,,Japheth Campbell,LIB,0
Saline,Federal,U.S. Senate,,Jo Crain,GRN,0
Saline,Federal,U.S. Senate,,Jerome Bauer,GRN,0
Saline,Federal,State Auditor,,Kevin M. Roach,REP,0
Saline,Federal,State Auditor,,David Wasinger,REP,0
Saline,Federal,State Auditor,,Paul Curtman,REP,0
Saline,Federal,State Auditor,,Saundra McDowell,REP,0
Saline,Federal,State Auditor,,Nicole Galloway,DEM,0
Saline,Federal,State Auditor,,Sean O'Toole,LIB,0
Saline,Federal,State Auditor,,Don Fitz,GRN,0
Saline,Federal,State Auditor,,Jacob Luetkemeyer,CST,0
Saline,Federal,U.S. House,5,Kress Cambers,REP,0
Saline,Federal,U.S. House,5,Jacob Turk,REP,0
Saline,Federal,U.S. House,5,Richonda Oaks,REP,0
Saline,Federal,U.S. House,5,Emanuel Cleaver II,DEM,0
Saline,Federal,U.S. House,5,Alexander Howell,LIB,0
Saline,Federal,U.S. House,5,Cisse Spragins,LIB,0
Saline,Federal,U.S. House,5,Maurice Copeland,GRN,0
Saline,Federal,U.S. House,5,E.C. Fredland,CST,0
Saline,Federal,State House,48,Dave Muntzel,REP,0
Saline,Federal,State House,48,Raymond (Jeff) Faubion,DEM,0
Saline,Federal,State House,51,Dean A. Dohrman,REP,0
Saline,Federal,State House,51,Vince Lutterbie,DEM,0
Saline,Federal,State House,51,William Truman (Bill) Wayne,LIB,0
Saline,Absentee,,,Registered Voters,,0
Saline,Absentee,,,Ballots Cast,,267
Saline,Absentee,U.S. Senate,,Toni Monetti,REP,15
Saline,Absentee,U.S. Senate,,Austin Petersen,REP,4
Saline,Absentee,U.S. Senate,,Josh Hawley,REP,76
Saline,Absentee,U.S. Senate,,Fred Ryman,REP,3
Saline,Absentee,U.S. Senate,,Christina Smith,REP,6
Saline,Absentee,U.S. Senate,,Kristi Nichols,REP,7
Saline,Absentee,U.S. Senate,,Bradley Krembs,REP,1
Saline,Absentee,U.S. Senate,,Ken Patterson,REP,2
Saline,Absentee,U.S. Senate,,Brian G. Hagg,REP,1
Saline,Absentee,U.S. Senate,,Courtland Sykes,REP,1
Saline,Absentee,U.S. Senate,,Peter Pfeifer,REP,0
Saline,Absentee,U.S. Senate,,Carla (Coffee) Wright,DEM,8
Saline,Absentee,U.S. Senate,,Angelica Earl,DEM,4
Saline,Absentee,U.S. Senate,,Leonard Joseph Steinman II,DEM,2
Saline,Absentee,U.S. Senate,,John Hogan,DEM,8
Saline,Absentee,U.S. Senate,,Travis Gonzalez,DEM,0
Saline,Absentee,U.S. Senate,,David Faust,DEM,2
Saline,Absentee,U.S. Senate,,Claire McCaskill,DEM,106
Saline,Absentee,U.S. Senate,,Japheth Campbell,LIB,0
Saline,Absentee,U.S. Senate,,Jo Crain,GRN,0
Saline,Absentee,U.S. Senate,,Jerome Bauer,GRN,1
Saline,Absentee,State Auditor,,Kevin M. Roach,REP,23
Saline,Absentee,State Auditor,,David Wasinger,REP,23
Saline,Absentee,State Auditor,,Paul Curtman,REP,17
Saline,Absentee,State Auditor,,Saundra McDowell,REP,38
Saline,Absentee,State Auditor,,Nicole Galloway,DEM,121
Saline,Absentee,State Auditor,,Sean O'Toole,LIB,0
Saline,Absentee,State Auditor,,Don Fitz,GRN,1
Saline,Absentee,State Auditor,,Jacob Luetkemeyer,CST,0
Saline,Absentee,U.S. House,5,Kress Cambers,REP,18
Saline,Absentee,U.S. House,5,Jacob Turk,REP,81
Saline,Absentee,U.S. House,5,Richonda Oaks,REP,15
Saline,Absentee,U.S. House,5,Emanuel Cleaver II,DEM,125
Saline,Absentee,U.S. House,5,Alexander Howell,LIB,0
Saline,Absentee,U.S. House,5,Cisse Spragins,LIB,0
Saline,Absentee,U.S. House,5,Maurice Copeland,GRN,1
Saline,Absentee,U.S. House,5,E.C. Fredland,CST,0
Saline,Absentee,State House,48,Dave Muntzel,REP,27
Saline,Absentee,State House,48,Raymond (Jeff) Faubion,DEM,17
Saline,Absentee,State House,51,Dean A. Dohrman,REP,76
Saline,Absentee,State House,51,Vince Lutterbie,DEM,96
Saline,Absentee,State House,51,William Truman (Bill) Wayne,LIB,0
