county,precinct,office,district,candidate,party,Votes
Audrain,Vandalia,Registered Voters,,,,1557
Audrain,Vandalia,Ballots Cast,,,,329
Audrain,Vandalia,Governor,,Raleigh Ritter,REP,7
Audrain,Vandalia,Governor,,Mike Parson,REP,159
Audrain,Vandalia,Governor,,James W. (Jim) Neely,REP,18
Audrain,Vandalia,Governor,,Saundra McDowell,REP,37
Audrain,Vandalia,Lieutenant Governor,,Arnie C. AC Dienoff,REP,7
Audrain,Vandalia,Lieutenant Governor,,Mike Kehoe,REP,153
Audrain,Vandalia,Lieutenant Governor,,Aaron T. Wisdom,REP,15
Audrain,Vandalia,Lieutenant Governor,,Mike Carter,REP,35
Audrain,Vandalia,Secretary of State,,John R. (Jay) Ashcroft,REP,205
Audrain,Vandalia,State Treasurer,,Scott Fitzpatrick,REP,203
Audrain,Vandalia,Attorney General,,Eric Schmitt,REP,203
Audrain,Vandalia,U.S. House,4,Neal Gist,REP,
Audrain,Vandalia,U.S. House,4,Vicky Hartzler,REP,
Audrain,Vandalia,U.S. House,6,Sam Graves,REP,176
Audrain,Vandalia,U.S. House,6,Chris Ryan,REP,39
Audrain,Vandalia,State House,43,Kent Haden,REP,200
Audrain,Vandalia,Governor,,Nicole Galloway,DEM,90
Audrain,Vandalia,Governor,,Jimmie Matthews,DEM,6
Audrain,Vandalia,Governor,,Antoin Johnson,DEM,2
Audrain,Vandalia,Governor,,Eric Morrison,DEM,5
Audrain,Vandalia,Governor,,Robin John Daniel Van Quaethem,DEM,0
Audrain,Vandalia,Lieutenant Governor,,Gregory A. Upchurch,DEM,49
Audrain,Vandalia,Lieutenant Governor,,Alissia Canady,DEM,49
Audrain,Vandalia,Secretary of State,,Yinka Faleti,DEM,86
Audrain,Vandalia,State Treasurer,,Vicki Lorenz Englund,DEM,91
Audrain,Vandalia,Attorney General,,Rich Finneran,DEM,70
Audrain,Vandalia,Attorney General,,Elad Gross,DEM,23
Audrain,Vandalia,U.S. House,4,Lindsey Simmons,DEM,
Audrain,Vandalia,U.S. House,6,Ramona Farris,DEM,44
Audrain,Vandalia,U.S. House,6,Charles West,DEM,20
Audrain,Vandalia,U.S. House,6,Gena L. Ross,DEM,26
Audrain,Vandalia,U.S. House,6,Henry Martin,DEM,7
Audrain,Vandalia,U.S. House,6,Donald Robert Sartain,DEM,2
Audrain,Vandalia,Governor,,Rik Combs,LIB,1
Audrain,Vandalia,Lieutenant Governor,,Bill Slantz,LIB,1
Audrain,Vandalia,Secretary of State,,Carl Herman Freese,LIB,1
Audrain,Vandalia,State Treasurer,,Nicholas (Nick) Kasoff,LIB,1
Audrain,Vandalia,Attorney General,,Kevin C. Babcock,LIB,1
Audrain,Vandalia,U.S. House,4,Robert E. Smith,LIB,
Audrain,Vandalia,U.S. House,4,Steven K. Koonse,LIB,
Audrain,Vandalia,U.S. House,6,Jim Higgins,LIB,1
Audrain,Vandalia,Governor,,Jerome Howard Bauer,GRN,0
Audrain,Vandalia,Lieutenant Governor,,Kelley Dragoo,GRN,0
Audrain,Vandalia,Secretary of State,,Paul Lehmann,GRN,0
Audrain,Vandalia,State Treasurer,,Joseph Civettini,GRN,0
Audrain,Vandalia,Secretary of State,,Paul Venable,CST,0
Audrain,E Cuivre,Registered Voters,,,,395
Audrain,E Cuivre,Ballots Cast,,,,118
Audrain,E Cuivre,Governor,,Raleigh Ritter,REP,5
Audrain,E Cuivre,Governor,,Mike Parson,REP,69
Audrain,E Cuivre,Governor,,James W. (Jim) Neely,REP,6
Audrain,E Cuivre,Governor,,Saundra McDowell,REP,14
Audrain,E Cuivre,Lieutenant Governor,,Arnie C. AC Dienoff,REP,3
Audrain,E Cuivre,Lieutenant Governor,,Mike Kehoe,REP,70
Audrain,E Cuivre,Lieutenant Governor,,Aaron T. Wisdom,REP,6
Audrain,E Cuivre,Lieutenant Governor,,Mike Carter,REP,11
Audrain,E Cuivre,Secretary of State,,John R. (Jay) Ashcroft,REP,81
Audrain,E Cuivre,State Treasurer,,Scott Fitzpatrick,REP,78
Audrain,E Cuivre,Attorney General,,Eric Schmitt,REP,77
Audrain,E Cuivre,U.S. House,4,Neal Gist,REP,
Audrain,E Cuivre,U.S. House,4,Vicky Hartzler,REP,
Audrain,E Cuivre,U.S. House,6,Sam Graves,REP,78
Audrain,E Cuivre,U.S. House,6,Chris Ryan,REP,12
Audrain,E Cuivre,State House,43,Kent Haden,REP,79
Audrain,E Cuivre,Governor,,Nicole Galloway,DEM,21
Audrain,E Cuivre,Governor,,Jimmie Matthews,DEM,0
Audrain,E Cuivre,Governor,,Antoin Johnson,DEM,1
Audrain,E Cuivre,Governor,,Eric Morrison,DEM,1
Audrain,E Cuivre,Governor,,Robin John Daniel Van Quaethem,DEM,0
Audrain,E Cuivre,Lieutenant Governor,,Gregory A. Upchurch,DEM,8
Audrain,E Cuivre,Lieutenant Governor,,Alissia Canady,DEM,13
Audrain,E Cuivre,Secretary of State,,Yinka Faleti,DEM,16
Audrain,E Cuivre,State Treasurer,,Vicki Lorenz Englund,DEM,17
Audrain,E Cuivre,Attorney General,,Rich Finneran,DEM,15
Audrain,E Cuivre,Attorney General,,Elad Gross,DEM,5
Audrain,E Cuivre,U.S. House,4,Lindsey Simmons,DEM,
Audrain,E Cuivre,U.S. House,6,Ramona Farris,DEM,6
Audrain,E Cuivre,U.S. House,6,Charles West,DEM,6
Audrain,E Cuivre,U.S. House,6,Gena L. Ross,DEM,6
Audrain,E Cuivre,U.S. House,6,Henry Martin,DEM,0
Audrain,E Cuivre,U.S. House,6,Donald Robert Sartain,DEM,0
Audrain,E Cuivre,Governor,,Rik Combs,LIB,0
Audrain,E Cuivre,Lieutenant Governor,,Bill Slantz,LIB,0
Audrain,E Cuivre,Secretary of State,,Carl Herman Freese,LIB,0
Audrain,E Cuivre,State Treasurer,,Nicholas (Nick) Kasoff,LIB,0
Audrain,E Cuivre,Attorney General,,Kevin C. Babcock,LIB,0
Audrain,E Cuivre,U.S. House,4,Robert E. Smith,LIB,
Audrain,E Cuivre,U.S. House,4,Steven K. Koonse,LIB,
Audrain,E Cuivre,U.S. House,6,Jim Higgins,LIB,0
Audrain,E Cuivre,Governor,,Jerome Howard Bauer,GRN,0
Audrain,E Cuivre,Lieutenant Governor,,Kelley Dragoo,GRN,0
Audrain,E Cuivre,Secretary of State,,Paul Lehmann,GRN,0
Audrain,E Cuivre,State Treasurer,,Joseph Civettini,GRN,0
Audrain,E Cuivre,Secretary of State,,Paul Venable,CST,0
Audrain,Farber,Registered Voters,,,,297
Audrain,Farber,Ballots Cast,,,,87
Audrain,Farber,Governor,,Raleigh Ritter,REP,0
Audrain,Farber,Governor,,Mike Parson,REP,36
Audrain,Farber,Governor,,James W. (Jim) Neely,REP,2
Audrain,Farber,Governor,,Saundra McDowell,REP,19
Audrain,Farber,Lieutenant Governor,,Arnie C. AC Dienoff,REP,5
Audrain,Farber,Lieutenant Governor,,Mike Kehoe,REP,44
Audrain,Farber,Lieutenant Governor,,Aaron T. Wisdom,REP,2
Audrain,Farber,Lieutenant Governor,,Mike Carter,REP,1
Audrain,Farber,Secretary of State,,John R. (Jay) Ashcroft,REP,48
Audrain,Farber,State Treasurer,,Scott Fitzpatrick,REP,43
Audrain,Farber,Attorney General,,Eric Schmitt,REP,45
Audrain,Farber,U.S. House,4,Neal Gist,REP,
Audrain,Farber,U.S. House,4,Vicky Hartzler,REP,
Audrain,Farber,U.S. House,6,Sam Graves,REP,45
Audrain,Farber,U.S. House,6,Chris Ryan,REP,8
Audrain,Farber,State House,43,Kent Haden,REP,45
Audrain,Farber,Governor,,Nicole Galloway,DEM,25
Audrain,Farber,Governor,,Jimmie Matthews,DEM,2
Audrain,Farber,Governor,,Antoin Johnson,DEM,0
Audrain,Farber,Governor,,Eric Morrison,DEM,0
Audrain,Farber,Governor,,Robin John Daniel Van Quaethem,DEM,0
Audrain,Farber,Lieutenant Governor,,Gregory A. Upchurch,DEM,12
Audrain,Farber,Lieutenant Governor,,Alissia Canady,DEM,13
Audrain,Farber,Secretary of State,,Yinka Faleti,DEM,20
Audrain,Farber,State Treasurer,,Vicki Lorenz Englund,DEM,23
Audrain,Farber,Attorney General,,Rich Finneran,DEM,19
Audrain,Farber,Attorney General,,Elad Gross,DEM,3
Audrain,Farber,U.S. House,4,Lindsey Simmons,DEM,
Audrain,Farber,U.S. House,6,Ramona Farris,DEM,11
Audrain,Farber,U.S. House,6,Charles West,DEM,3
Audrain,Farber,U.S. House,6,Gena L. Ross,DEM,6
Audrain,Farber,U.S. House,6,Henry Martin,DEM,2
Audrain,Farber,U.S. House,6,Donald Robert Sartain,DEM,0
Audrain,Farber,Governor,,Rik Combs,LIB,0
Audrain,Farber,Lieutenant Governor,,Bill Slantz,LIB,0
Audrain,Farber,Secretary of State,,Carl Herman Freese,LIB,0
Audrain,Farber,State Treasurer,,Nicholas (Nick) Kasoff,LIB,0
Audrain,Farber,Attorney General,,Kevin C. Babcock,LIB,0
Audrain,Farber,U.S. House,4,Robert E. Smith,LIB,
Audrain,Farber,U.S. House,4,Steven K. Koonse,LIB,
Audrain,Farber,U.S. House,6,Jim Higgins,LIB,0
Audrain,Farber,Governor,,Jerome Howard Bauer,GRN,0
Audrain,Farber,Lieutenant Governor,,Kelley Dragoo,GRN,0
Audrain,Farber,Secretary of State,,Paul Lehmann,GRN,0
Audrain,Farber,State Treasurer,,Joseph Civettini,GRN,0
Audrain,Farber,Secretary of State,,Paul Venable,CST,0
Audrain,Laddonia,Registered Voters,,,,471
Audrain,Laddonia,Ballots Cast,,,,132
Audrain,Laddonia,Governor,,Raleigh Ritter,REP,5
Audrain,Laddonia,Governor,,Mike Parson,REP,65
Audrain,Laddonia,Governor,,James W. (Jim) Neely,REP,9
Audrain,Laddonia,Governor,,Saundra McDowell,REP,22
Audrain,Laddonia,Lieutenant Governor,,Arnie C. AC Dienoff,REP,5
Audrain,Laddonia,Lieutenant Governor,,Mike Kehoe,REP,71
Audrain,Laddonia,Lieutenant Governor,,Aaron T. Wisdom,REP,5
Audrain,Laddonia,Lieutenant Governor,,Mike Carter,REP,15
Audrain,Laddonia,Secretary of State,,John R. (Jay) Ashcroft,REP,96
Audrain,Laddonia,State Treasurer,,Scott Fitzpatrick,REP,93
Audrain,Laddonia,Attorney General,,Eric Schmitt,REP,95
Audrain,Laddonia,U.S. House,4,Neal Gist,REP,
Audrain,Laddonia,U.S. House,4,Vicky Hartzler,REP,
Audrain,Laddonia,U.S. House,6,Sam Graves,REP,79
Audrain,Laddonia,U.S. House,6,Chris Ryan,REP,15
Audrain,Laddonia,State House,43,Kent Haden,REP,93
Audrain,Laddonia,Governor,,Nicole Galloway,DEM,22
Audrain,Laddonia,Governor,,Jimmie Matthews,DEM,0
Audrain,Laddonia,Governor,,Antoin Johnson,DEM,1
Audrain,Laddonia,Governor,,Eric Morrison,DEM,3
Audrain,Laddonia,Governor,,Robin John Daniel Van Quaethem,DEM,2
Audrain,Laddonia,Lieutenant Governor,,Gregory A. Upchurch,DEM,14
Audrain,Laddonia,Lieutenant Governor,,Alissia Canady,DEM,14
Audrain,Laddonia,Secretary of State,,Yinka Faleti,DEM,23
Audrain,Laddonia,State Treasurer,,Vicki Lorenz Englund,DEM,23
Audrain,Laddonia,Attorney General,,Rich Finneran,DEM,20
Audrain,Laddonia,Attorney General,,Elad Gross,DEM,7
Audrain,Laddonia,U.S. House,4,Lindsey Simmons,DEM,
Audrain,Laddonia,U.S. House,6,Ramona Farris,DEM,11
Audrain,Laddonia,U.S. House,6,Charles West,DEM,5
Audrain,Laddonia,U.S. House,6,Gena L. Ross,DEM,8
Audrain,Laddonia,U.S. House,6,Henry Martin,DEM,2
Audrain,Laddonia,U.S. House,6,Donald Robert Sartain,DEM,1
Audrain,Laddonia,Governor,,Rik Combs,LIB,1
Audrain,Laddonia,Lieutenant Governor,,Bill Slantz,LIB,1
Audrain,Laddonia,Secretary of State,,Carl Herman Freese,LIB,1
Audrain,Laddonia,State Treasurer,,Nicholas (Nick) Kasoff,LIB,1
Audrain,Laddonia,Attorney General,,Kevin C. Babcock,LIB,1
Audrain,Laddonia,U.S. House,4,Robert E. Smith,LIB,
Audrain,Laddonia,U.S. House,4,Steven K. Koonse,LIB,
Audrain,Laddonia,U.S. House,6,Jim Higgins,LIB,1
Audrain,Laddonia,Governor,,Jerome Howard Bauer,GRN,0
Audrain,Laddonia,Lieutenant Governor,,Kelley Dragoo,GRN,0
Audrain,Laddonia,Secretary of State,,Paul Lehmann,GRN,0
Audrain,Laddonia,State Treasurer,,Joseph Civettini,GRN,0
Audrain,Laddonia,Secretary of State,,Paul Venable,CST,0
Audrain,Martinsburg,Registered Voters,,,,539
Audrain,Martinsburg,Ballots Cast,,,,148
Audrain,Martinsburg,Governor,,Raleigh Ritter,REP,1
Audrain,Martinsburg,Governor,,Mike Parson,REP,93
Audrain,Martinsburg,Governor,,James W. (Jim) Neely,REP,3
Audrain,Martinsburg,Governor,,Saundra McDowell,REP,15
Audrain,Martinsburg,Lieutenant Governor,,Arnie C. AC Dienoff,REP,2
Audrain,Martinsburg,Lieutenant Governor,,Mike Kehoe,REP,92
Audrain,Martinsburg,Lieutenant Governor,,Aaron T. Wisdom,REP,2
Audrain,Martinsburg,Lieutenant Governor,,Mike Carter,REP,10
Audrain,Martinsburg,Secretary of State,,John R. (Jay) Ashcroft,REP,99
Audrain,Martinsburg,State Treasurer,,Scott Fitzpatrick,REP,95
Audrain,Martinsburg,Attorney General,,Eric Schmitt,REP,98
Audrain,Martinsburg,U.S. House,4,Neal Gist,REP,13
Audrain,Martinsburg,U.S. House,4,Vicky Hartzler,REP,58
Audrain,Martinsburg,U.S. House,6,Sam Graves,REP,32
Audrain,Martinsburg,U.S. House,6,Chris Ryan,REP,1
Audrain,Martinsburg,State House,43,Kent Haden,REP,103
Audrain,Martinsburg,Governor,,Nicole Galloway,DEM,31
Audrain,Martinsburg,Governor,,Jimmie Matthews,DEM,1
Audrain,Martinsburg,Governor,,Antoin Johnson,DEM,0
Audrain,Martinsburg,Governor,,Eric Morrison,DEM,1
Audrain,Martinsburg,Governor,,Robin John Daniel Van Quaethem,DEM,0
Audrain,Martinsburg,Lieutenant Governor,,Gregory A. Upchurch,DEM,10
Audrain,Martinsburg,Lieutenant Governor,,Alissia Canady,DEM,20
Audrain,Martinsburg,Secretary of State,,Yinka Faleti,DEM,24
Audrain,Martinsburg,State Treasurer,,Vicki Lorenz Englund,DEM,25
Audrain,Martinsburg,Attorney General,,Rich Finneran,DEM,22
Audrain,Martinsburg,Attorney General,,Elad Gross,DEM,7
Audrain,Martinsburg,U.S. House,4,Lindsey Simmons,DEM,17
Audrain,Martinsburg,U.S. House,6,Ramona Farris,DEM,4
Audrain,Martinsburg,U.S. House,6,Charles West,DEM,1
Audrain,Martinsburg,U.S. House,6,Gena L. Ross,DEM,1
Audrain,Martinsburg,U.S. House,6,Henry Martin,DEM,2
Audrain,Martinsburg,U.S. House,6,Donald Robert Sartain,DEM,0
Audrain,Martinsburg,Governor,,Rik Combs,LIB,0
Audrain,Martinsburg,Lieutenant Governor,,Bill Slantz,LIB,0
Audrain,Martinsburg,Secretary of State,,Carl Herman Freese,LIB,0
Audrain,Martinsburg,State Treasurer,,Nicholas (Nick) Kasoff,LIB,0
Audrain,Martinsburg,Attorney General,,Kevin C. Babcock,LIB,0
Audrain,Martinsburg,U.S. House,4,Robert E. Smith,LIB,0
Audrain,Martinsburg,U.S. House,4,Steven K. Koonse,LIB,0
Audrain,Martinsburg,U.S. House,6,Jim Higgins,LIB,0
Audrain,Martinsburg,Governor,,Jerome Howard Bauer,GRN,0
Audrain,Martinsburg,Lieutenant Governor,,Kelley Dragoo,GRN,0
Audrain,Martinsburg,Secretary of State,,Paul Lehmann,GRN,0
Audrain,Martinsburg,State Treasurer,,Joseph Civettini,GRN,0
Audrain,Martinsburg,Secretary of State,,Paul Venable,CST,0
Audrain,Rush Hill/BC,Registered Voters,,,,401
Audrain,Rush Hill/BC,Ballots Cast,,,,110
Audrain,Rush Hill/BC,Governor,,Raleigh Ritter,REP,3
Audrain,Rush Hill/BC,Governor,,Mike Parson,REP,74
Audrain,Rush Hill/BC,Governor,,James W. (Jim) Neely,REP,5
Audrain,Rush Hill/BC,Governor,,Saundra McDowell,REP,12
Audrain,Rush Hill/BC,Lieutenant Governor,,Arnie C. AC Dienoff,REP,3
Audrain,Rush Hill/BC,Lieutenant Governor,,Mike Kehoe,REP,76
Audrain,Rush Hill/BC,Lieutenant Governor,,Aaron T. Wisdom,REP,3
Audrain,Rush Hill/BC,Lieutenant Governor,,Mike Carter,REP,4
Audrain,Rush Hill/BC,Secretary of State,,John R. (Jay) Ashcroft,REP,87
Audrain,Rush Hill/BC,State Treasurer,,Scott Fitzpatrick,REP,80
Audrain,Rush Hill/BC,Attorney General,,Eric Schmitt,REP,83
Audrain,Rush Hill/BC,U.S. House,4,Neal Gist,REP,9
Audrain,Rush Hill/BC,U.S. House,4,Vicky Hartzler,REP,48
Audrain,Rush Hill/BC,U.S. House,6,Sam Graves,REP,26
Audrain,Rush Hill/BC,U.S. House,6,Chris Ryan,REP,6
Audrain,Rush Hill/BC,State House,43,Kent Haden,REP,88
Audrain,Rush Hill/BC,Governor,,Nicole Galloway,DEM,10
Audrain,Rush Hill/BC,Governor,,Jimmie Matthews,DEM,1
Audrain,Rush Hill/BC,Governor,,Antoin Johnson,DEM,0
Audrain,Rush Hill/BC,Governor,,Eric Morrison,DEM,1
Audrain,Rush Hill/BC,Governor,,Robin John Daniel Van Quaethem,DEM,0
Audrain,Rush Hill/BC,Lieutenant Governor,,Gregory A. Upchurch,DEM,5
Audrain,Rush Hill/BC,Lieutenant Governor,,Alissia Canady,DEM,6
Audrain,Rush Hill/BC,Secretary of State,,Yinka Faleti,DEM,11
Audrain,Rush Hill/BC,State Treasurer,,Vicki Lorenz Englund,DEM,11
Audrain,Rush Hill/BC,Attorney General,,Rich Finneran,DEM,7
Audrain,Rush Hill/BC,Attorney General,,Elad Gross,DEM,5
Audrain,Rush Hill/BC,U.S. House,4,Lindsey Simmons,DEM,7
Audrain,Rush Hill/BC,U.S. House,6,Ramona Farris,DEM,1
Audrain,Rush Hill/BC,U.S. House,6,Charles West,DEM,2
Audrain,Rush Hill/BC,U.S. House,6,Gena L. Ross,DEM,1
Audrain,Rush Hill/BC,U.S. House,6,Henry Martin,DEM,0
Audrain,Rush Hill/BC,U.S. House,6,Donald Robert Sartain,DEM,0
Audrain,Rush Hill/BC,Governor,,Rik Combs,LIB,0
Audrain,Rush Hill/BC,Lieutenant Governor,,Bill Slantz,LIB,0
Audrain,Rush Hill/BC,Secretary of State,,Carl Herman Freese,LIB,0
Audrain,Rush Hill/BC,State Treasurer,,Nicholas (Nick) Kasoff,LIB,0
Audrain,Rush Hill/BC,Attorney General,,Kevin C. Babcock,LIB,0
Audrain,Rush Hill/BC,U.S. House,4,Robert E. Smith,LIB,0
Audrain,Rush Hill/BC,U.S. House,4,Steven K. Koonse,LIB,0
Audrain,Rush Hill/BC,U.S. House,6,Jim Higgins,LIB,0
Audrain,Rush Hill/BC,Governor,,Jerome Howard Bauer,GRN,0
Audrain,Rush Hill/BC,Lieutenant Governor,,Kelley Dragoo,GRN,0
Audrain,Rush Hill/BC,Secretary of State,,Paul Lehmann,GRN,0
Audrain,Rush Hill/BC,State Treasurer,,Joseph Civettini,GRN,0
Audrain,Rush Hill/BC,Secretary of State,,Paul Venable,CST,0
Audrain,South Fork,Registered Voters,,,,839
Audrain,South Fork,Ballots Cast,,,,325
Audrain,South Fork,Governor,,Raleigh Ritter,REP,7
Audrain,South Fork,Governor,,Mike Parson,REP,205
Audrain,South Fork,Governor,,James W. (Jim) Neely,REP,15
Audrain,South Fork,Governor,,Saundra McDowell,REP,19
Audrain,South Fork,Lieutenant Governor,,Arnie C. AC Dienoff,REP,8
Audrain,South Fork,Lieutenant Governor,,Mike Kehoe,REP,184
Audrain,South Fork,Lieutenant Governor,,Aaron T. Wisdom,REP,13
Audrain,South Fork,Lieutenant Governor,,Mike Carter,REP,30
Audrain,South Fork,Secretary of State,,John R. (Jay) Ashcroft,REP,215
Audrain,South Fork,State Treasurer,,Scott Fitzpatrick,REP,211
Audrain,South Fork,Attorney General,,Eric Schmitt,REP,213
Audrain,South Fork,U.S. House,4,Neal Gist,REP,46
Audrain,South Fork,U.S. House,4,Vicky Hartzler,REP,191
Audrain,South Fork,U.S. House,6,Sam Graves,REP,
Audrain,South Fork,U.S. House,6,Chris Ryan,REP,
Audrain,South Fork,State House,43,Kent Haden,REP,222
Audrain,South Fork,Governor,,Nicole Galloway,DEM,61
Audrain,South Fork,Governor,,Jimmie Matthews,DEM,3
Audrain,South Fork,Governor,,Antoin Johnson,DEM,1
Audrain,South Fork,Governor,,Eric Morrison,DEM,2
Audrain,South Fork,Governor,,Robin John Daniel Van Quaethem,DEM,1
Audrain,South Fork,Lieutenant Governor,,Gregory A. Upchurch,DEM,23
Audrain,South Fork,Lieutenant Governor,,Alissia Canady,DEM,39
Audrain,South Fork,Secretary of State,,Yinka Faleti,DEM,58
Audrain,South Fork,State Treasurer,,Vicki Lorenz Englund,DEM,58
Audrain,South Fork,Attorney General,,Rich Finneran,DEM,41
Audrain,South Fork,Attorney General,,Elad Gross,DEM,19
Audrain,South Fork,U.S. House,4,Lindsey Simmons,DEM,59
Audrain,South Fork,U.S. House,6,Ramona Farris,DEM,
Audrain,South Fork,U.S. House,6,Charles West,DEM,
Audrain,South Fork,U.S. House,6,Gena L. Ross,DEM,
Audrain,South Fork,U.S. House,6,Henry Martin,DEM,
Audrain,South Fork,U.S. House,6,Donald Robert Sartain,DEM,
Audrain,South Fork,Governor,,Rik Combs,LIB,2
Audrain,South Fork,Lieutenant Governor,,Bill Slantz,LIB,2
Audrain,South Fork,Secretary of State,,Carl Herman Freese,LIB,2
Audrain,South Fork,State Treasurer,,Nicholas (Nick) Kasoff,LIB,2
Audrain,South Fork,Attorney General,,Kevin C. Babcock,LIB,2
Audrain,South Fork,U.S. House,4,Robert E. Smith,LIB,0
Audrain,South Fork,U.S. House,4,Steven K. Koonse,LIB,2
Audrain,South Fork,U.S. House,6,Jim Higgins,LIB,
Audrain,South Fork,Governor,,Jerome Howard Bauer,GRN,0
Audrain,South Fork,Lieutenant Governor,,Kelley Dragoo,GRN,0
Audrain,South Fork,Secretary of State,,Paul Lehmann,GRN,0
Audrain,South Fork,State Treasurer,,Joseph Civettini,GRN,0
Audrain,South Fork,Secretary of State,,Paul Venable,CST,0
Audrain,Community,Registered Voters,,,,1446
Audrain,Community,Ballots Cast,,,,368
Audrain,Community,Governor,,Raleigh Ritter,REP,7
Audrain,Community,Governor,,Mike Parson,REP,222
Audrain,Community,Governor,,James W. (Jim) Neely,REP,15
Audrain,Community,Governor,,Saundra McDowell,REP,35
Audrain,Community,Lieutenant Governor,,Arnie C. AC Dienoff,REP,4
Audrain,Community,Lieutenant Governor,,Mike Kehoe,REP,219
Audrain,Community,Lieutenant Governor,,Aaron T. Wisdom,REP,8
Audrain,Community,Lieutenant Governor,,Mike Carter,REP,36
Audrain,Community,Secretary of State,,John R. (Jay) Ashcroft,REP,247
Audrain,Community,State Treasurer,,Scott Fitzpatrick,REP,235
Audrain,Community,Attorney General,,Eric Schmitt,REP,239
Audrain,Community,U.S. House,4,Neal Gist,REP,59
Audrain,Community,U.S. House,4,Vicky Hartzler,REP,210
Audrain,Community,U.S. House,6,Sam Graves,REP,
Audrain,Community,U.S. House,6,Chris Ryan,REP,
Audrain,Community,State House,43,Kent Haden,REP,255
Audrain,Community,Governor,,Nicole Galloway,DEM,66
Audrain,Community,Governor,,Jimmie Matthews,DEM,2
Audrain,Community,Governor,,Antoin Johnson,DEM,3
Audrain,Community,Governor,,Eric Morrison,DEM,3
Audrain,Community,Governor,,Robin John Daniel Van Quaethem,DEM,0
Audrain,Community,Lieutenant Governor,,Gregory A. Upchurch,DEM,27
Audrain,Community,Lieutenant Governor,,Alissia Canady,DEM,41
Audrain,Community,Secretary of State,,Yinka Faleti,DEM,63
Audrain,Community,State Treasurer,,Vicki Lorenz Englund,DEM,64
Audrain,Community,Attorney General,,Rich Finneran,DEM,45
Audrain,Community,Attorney General,,Elad Gross,DEM,20
Audrain,Community,U.S. House,4,Lindsey Simmons,DEM,63
Audrain,Community,U.S. House,6,Ramona Farris,DEM,
Audrain,Community,U.S. House,6,Charles West,DEM,
Audrain,Community,U.S. House,6,Gena L. Ross,DEM,
Audrain,Community,U.S. House,6,Henry Martin,DEM,
Audrain,Community,U.S. House,6,Donald Robert Sartain,DEM,
Audrain,Community,Governor,,Rik Combs,LIB,0
Audrain,Community,Lieutenant Governor,,Bill Slantz,LIB,0
Audrain,Community,Secretary of State,,Carl Herman Freese,LIB,0
Audrain,Community,State Treasurer,,Nicholas (Nick) Kasoff,LIB,0
Audrain,Community,Attorney General,,Kevin C. Babcock,LIB,0
Audrain,Community,U.S. House,4,Robert E. Smith,LIB,0
Audrain,Community,U.S. House,4,Steven K. Koonse,LIB,0
Audrain,Community,U.S. House,6,Jim Higgins,LIB,
Audrain,Community,Governor,,Jerome Howard Bauer,GRN,0
Audrain,Community,Lieutenant Governor,,Kelley Dragoo,GRN,0
Audrain,Community,Secretary of State,,Paul Lehmann,GRN,0
Audrain,Community,State Treasurer,,Joseph Civettini,GRN,0
Audrain,Community,Secretary of State,,Paul Venable,CST,0
Audrain,SR/Wilson/4-H,Registered Voters,,,,560
Audrain,SR/Wilson/4-H,Ballots Cast,,,,150
Audrain,SR/Wilson/4-H,Governor,,Raleigh Ritter,REP,6
Audrain,SR/Wilson/4-H,Governor,,Mike Parson,REP,88
Audrain,SR/Wilson/4-H,Governor,,James W. (Jim) Neely,REP,9
Audrain,SR/Wilson/4-H,Governor,,Saundra McDowell,REP,16
Audrain,SR/Wilson/4-H,Lieutenant Governor,,Arnie C. AC Dienoff,REP,3
Audrain,SR/Wilson/4-H,Lieutenant Governor,,Mike Kehoe,REP,89
Audrain,SR/Wilson/4-H,Lieutenant Governor,,Aaron T. Wisdom,REP,2
Audrain,SR/Wilson/4-H,Lieutenant Governor,,Mike Carter,REP,12
Audrain,SR/Wilson/4-H,Secretary of State,,John R. (Jay) Ashcroft,REP,106
Audrain,SR/Wilson/4-H,State Treasurer,,Scott Fitzpatrick,REP,99
Audrain,SR/Wilson/4-H,Attorney General,,Eric Schmitt,REP,99
Audrain,SR/Wilson/4-H,U.S. House,4,Neal Gist,REP,29
Audrain,SR/Wilson/4-H,U.S. House,4,Vicky Hartzler,REP,86
Audrain,SR/Wilson/4-H,U.S. House,6,Sam Graves,REP,
Audrain,SR/Wilson/4-H,U.S. House,6,Chris Ryan,REP,
Audrain,SR/Wilson/4-H,State House,43,Kent Haden,REP,109
Audrain,SR/Wilson/4-H,Governor,,Nicole Galloway,DEM,27
Audrain,SR/Wilson/4-H,Governor,,Jimmie Matthews,DEM,0
Audrain,SR/Wilson/4-H,Governor,,Antoin Johnson,DEM,0
Audrain,SR/Wilson/4-H,Governor,,Eric Morrison,DEM,0
Audrain,SR/Wilson/4-H,Governor,,Robin John Daniel Van Quaethem,DEM,0
Audrain,SR/Wilson/4-H,Lieutenant Governor,,Gregory A. Upchurch,DEM,4
Audrain,SR/Wilson/4-H,Lieutenant Governor,,Alissia Canady,DEM,21
Audrain,SR/Wilson/4-H,Secretary of State,,Yinka Faleti,DEM,24
Audrain,SR/Wilson/4-H,State Treasurer,,Vicki Lorenz Englund,DEM,25
Audrain,SR/Wilson/4-H,Attorney General,,Rich Finneran,DEM,15
Audrain,SR/Wilson/4-H,Attorney General,,Elad Gross,DEM,12
Audrain,SR/Wilson/4-H,U.S. House,4,Lindsey Simmons,DEM,24
Audrain,SR/Wilson/4-H,U.S. House,6,Ramona Farris,DEM,
Audrain,SR/Wilson/4-H,U.S. House,6,Charles West,DEM,
Audrain,SR/Wilson/4-H,U.S. House,6,Gena L. Ross,DEM,
Audrain,SR/Wilson/4-H,U.S. House,6,Henry Martin,DEM,
Audrain,SR/Wilson/4-H,U.S. House,6,Donald Robert Sartain,DEM,
Audrain,SR/Wilson/4-H,Governor,,Rik Combs,LIB,0
Audrain,SR/Wilson/4-H,Lieutenant Governor,,Bill Slantz,LIB,0
Audrain,SR/Wilson/4-H,Secretary of State,,Carl Herman Freese,LIB,0
Audrain,SR/Wilson/4-H,State Treasurer,,Nicholas (Nick) Kasoff,LIB,0
Audrain,SR/Wilson/4-H,Attorney General,,Kevin C. Babcock,LIB,0
Audrain,SR/Wilson/4-H,U.S. House,4,Robert E. Smith,LIB,0
Audrain,SR/Wilson/4-H,U.S. House,4,Steven K. Koonse,LIB,0
Audrain,SR/Wilson/4-H,U.S. House,6,Jim Higgins,LIB,
Audrain,SR/Wilson/4-H,Governor,,Jerome Howard Bauer,GRN,0
Audrain,SR/Wilson/4-H,Lieutenant Governor,,Kelley Dragoo,GRN,0
Audrain,SR/Wilson/4-H,Secretary of State,,Paul Lehmann,GRN,0
Audrain,SR/Wilson/4-H,State Treasurer,,Joseph Civettini,GRN,0
Audrain,SR/Wilson/4-H,Secretary of State,,Paul Venable,CST,0
Audrain,Thompson,Registered Voters,,,,890
Audrain,Thompson,Ballots Cast,,,,217
Audrain,Thompson,Governor,,Raleigh Ritter,REP,1
Audrain,Thompson,Governor,,Mike Parson,REP,139
Audrain,Thompson,Governor,,James W. (Jim) Neely,REP,17
Audrain,Thompson,Governor,,Saundra McDowell,REP,23
Audrain,Thompson,Lieutenant Governor,,Arnie C. AC Dienoff,REP,6
Audrain,Thompson,Lieutenant Governor,,Mike Kehoe,REP,142
Audrain,Thompson,Lieutenant Governor,,Aaron T. Wisdom,REP,5
Audrain,Thompson,Lieutenant Governor,,Mike Carter,REP,17
Audrain,Thompson,Secretary of State,,John R. (Jay) Ashcroft,REP,155
Audrain,Thompson,State Treasurer,,Scott Fitzpatrick,REP,151
Audrain,Thompson,Attorney General,,Eric Schmitt,REP,148
Audrain,Thompson,U.S. House,4,Neal Gist,REP,31
Audrain,Thompson,U.S. House,4,Vicky Hartzler,REP,144
Audrain,Thompson,U.S. House,6,Sam Graves,REP,
Audrain,Thompson,U.S. House,6,Chris Ryan,REP,
Audrain,Thompson,State House,43,Kent Haden,REP,155
Audrain,Thompson,Governor,,Nicole Galloway,DEM,26
Audrain,Thompson,Governor,,Jimmie Matthews,DEM,1
Audrain,Thompson,Governor,,Antoin Johnson,DEM,2
Audrain,Thompson,Governor,,Eric Morrison,DEM,2
Audrain,Thompson,Governor,,Robin John Daniel Van Quaethem,DEM,1
Audrain,Thompson,Lieutenant Governor,,Gregory A. Upchurch,DEM,9
Audrain,Thompson,Lieutenant Governor,,Alissia Canady,DEM,20
Audrain,Thompson,Secretary of State,,Yinka Faleti,DEM,22
Audrain,Thompson,State Treasurer,,Vicki Lorenz Englund,DEM,24
Audrain,Thompson,Attorney General,,Rich Finneran,DEM,17
Audrain,Thompson,Attorney General,,Elad Gross,DEM,9
Audrain,Thompson,U.S. House,4,Lindsey Simmons,DEM,24
Audrain,Thompson,U.S. House,6,Ramona Farris,DEM,
Audrain,Thompson,U.S. House,6,Charles West,DEM,
Audrain,Thompson,U.S. House,6,Gena L. Ross,DEM,
Audrain,Thompson,U.S. House,6,Henry Martin,DEM,
Audrain,Thompson,U.S. House,6,Donald Robert Sartain,DEM,
Audrain,Thompson,Governor,,Rik Combs,LIB,1
Audrain,Thompson,Lieutenant Governor,,Bill Slantz,LIB,0
Audrain,Thompson,Secretary of State,,Carl Herman Freese,LIB,0
Audrain,Thompson,State Treasurer,,Nicholas (Nick) Kasoff,LIB,0
Audrain,Thompson,Attorney General,,Kevin C. Babcock,LIB,0
Audrain,Thompson,U.S. House,4,Robert E. Smith,LIB,0
Audrain,Thompson,U.S. House,4,Steven K. Koonse,LIB,0
Audrain,Thompson,U.S. House,6,Jim Higgins,LIB,
Audrain,Thompson,Governor,,Jerome Howard Bauer,GRN,0
Audrain,Thompson,Lieutenant Governor,,Kelley Dragoo,GRN,0
Audrain,Thompson,Secretary of State,,Paul Lehmann,GRN,0
Audrain,Thompson,State Treasurer,,Joseph Civettini,GRN,0
Audrain,Thompson,Secretary of State,,Paul Venable,CST,0
Audrain,Friendship,Registered Voters,,,,516
Audrain,Friendship,Ballots Cast,,,,163
Audrain,Friendship,Governor,,Raleigh Ritter,REP,5
Audrain,Friendship,Governor,,Mike Parson,REP,117
Audrain,Friendship,Governor,,James W. (Jim) Neely,REP,7
Audrain,Friendship,Governor,,Saundra McDowell,REP,10
Audrain,Friendship,Lieutenant Governor,,Arnie C. AC Dienoff,REP,5
Audrain,Friendship,Lieutenant Governor,,Mike Kehoe,REP,107
Audrain,Friendship,Lieutenant Governor,,Aaron T. Wisdom,REP,7
Audrain,Friendship,Lieutenant Governor,,Mike Carter,REP,12
Audrain,Friendship,Secretary of State,,John R. (Jay) Ashcroft,REP,124
Audrain,Friendship,State Treasurer,,Scott Fitzpatrick,REP,112
Audrain,Friendship,Attorney General,,Eric Schmitt,REP,117
Audrain,Friendship,U.S. House,4,Neal Gist,REP,31
Audrain,Friendship,U.S. House,4,Vicky Hartzler,REP,100
Audrain,Friendship,U.S. House,6,Sam Graves,REP,
Audrain,Friendship,U.S. House,6,Chris Ryan,REP,
Audrain,Friendship,State House,43,Kent Haden,REP,116
Audrain,Friendship,Governor,,Nicole Galloway,DEM,19
Audrain,Friendship,Governor,,Jimmie Matthews,DEM,2
Audrain,Friendship,Governor,,Antoin Johnson,DEM,0
Audrain,Friendship,Governor,,Eric Morrison,DEM,1
Audrain,Friendship,Governor,,Robin John Daniel Van Quaethem,DEM,0
Audrain,Friendship,Lieutenant Governor,,Gregory A. Upchurch,DEM,7
Audrain,Friendship,Lieutenant Governor,,Alissia Canady,DEM,12
Audrain,Friendship,Secretary of State,,Yinka Faleti,DEM,15
Audrain,Friendship,State Treasurer,,Vicki Lorenz Englund,DEM,17
Audrain,Friendship,Attorney General,,Rich Finneran,DEM,16
Audrain,Friendship,Attorney General,,Elad Gross,DEM,4
Audrain,Friendship,U.S. House,4,Lindsey Simmons,DEM,16
Audrain,Friendship,U.S. House,6,Ramona Farris,DEM,
Audrain,Friendship,U.S. House,6,Charles West,DEM,
Audrain,Friendship,U.S. House,6,Gena L. Ross,DEM,
Audrain,Friendship,U.S. House,6,Henry Martin,DEM,
Audrain,Friendship,U.S. House,6,Donald Robert Sartain,DEM,
Audrain,Friendship,Governor,,Rik Combs,LIB,0
Audrain,Friendship,Lieutenant Governor,,Bill Slantz,LIB,0
Audrain,Friendship,Secretary of State,,Carl Herman Freese,LIB,0
Audrain,Friendship,State Treasurer,,Nicholas (Nick) Kasoff,LIB,0
Audrain,Friendship,Attorney General,,Kevin C. Babcock,LIB,0
Audrain,Friendship,U.S. House,4,Robert E. Smith,LIB,0
Audrain,Friendship,U.S. House,4,Steven K. Koonse,LIB,0
Audrain,Friendship,U.S. House,6,Jim Higgins,LIB,
Audrain,Friendship,Governor,,Jerome Howard Bauer,GRN,0
Audrain,Friendship,Lieutenant Governor,,Kelley Dragoo,GRN,0
Audrain,Friendship,Secretary of State,,Paul Lehmann,GRN,0
Audrain,Friendship,State Treasurer,,Joseph Civettini,GRN,0
Audrain,Friendship,Secretary of State,,Paul Venable,CST,0
Audrain,Mexico 1,Registered Voters,,,,1322
Audrain,Mexico 1,Ballots Cast,,,,321
Audrain,Mexico 1,Governor,,Raleigh Ritter,REP,7
Audrain,Mexico 1,Governor,,Mike Parson,REP,179
Audrain,Mexico 1,Governor,,James W. (Jim) Neely,REP,11
Audrain,Mexico 1,Governor,,Saundra McDowell,REP,23
Audrain,Mexico 1,Lieutenant Governor,,Arnie C. AC Dienoff,REP,3
Audrain,Mexico 1,Lieutenant Governor,,Mike Kehoe,REP,175
Audrain,Mexico 1,Lieutenant Governor,,Aaron T. Wisdom,REP,6
Audrain,Mexico 1,Lieutenant Governor,,Mike Carter,REP,29
Audrain,Mexico 1,Secretary of State,,John R. (Jay) Ashcroft,REP,206
Audrain,Mexico 1,State Treasurer,,Scott Fitzpatrick,REP,196
Audrain,Mexico 1,Attorney General,,Eric Schmitt,REP,203
Audrain,Mexico 1,U.S. House,4,Neal Gist,REP,44
Audrain,Mexico 1,U.S. House,4,Vicky Hartzler,REP,175
Audrain,Mexico 1,U.S. House,6,Sam Graves,REP,
Audrain,Mexico 1,U.S. House,6,Chris Ryan,REP,
Audrain,Mexico 1,State House,43,Kent Haden,REP,208
Audrain,Mexico 1,Governor,,Nicole Galloway,DEM,75
Audrain,Mexico 1,Governor,,Jimmie Matthews,DEM,0
Audrain,Mexico 1,Governor,,Antoin Johnson,DEM,4
Audrain,Mexico 1,Governor,,Eric Morrison,DEM,5
Audrain,Mexico 1,Governor,,Robin John Daniel Van Quaethem,DEM,0
Audrain,Mexico 1,Lieutenant Governor,,Gregory A. Upchurch,DEM,35
Audrain,Mexico 1,Lieutenant Governor,,Alissia Canady,DEM,45
Audrain,Mexico 1,Secretary of State,,Yinka Faleti,DEM,71
Audrain,Mexico 1,State Treasurer,,Vicki Lorenz Englund,DEM,71
Audrain,Mexico 1,Attorney General,,Rich Finneran,DEM,43
Audrain,Mexico 1,Attorney General,,Elad Gross,DEM,35
Audrain,Mexico 1,U.S. House,4,Lindsey Simmons,DEM,74
Audrain,Mexico 1,U.S. House,6,Ramona Farris,DEM,
Audrain,Mexico 1,U.S. House,6,Charles West,DEM,
Audrain,Mexico 1,U.S. House,6,Gena L. Ross,DEM,
Audrain,Mexico 1,U.S. House,6,Henry Martin,DEM,
Audrain,Mexico 1,U.S. House,6,Donald Robert Sartain,DEM,
Audrain,Mexico 1,Governor,,Rik Combs,LIB,5
Audrain,Mexico 1,Lieutenant Governor,,Bill Slantz,LIB,5
Audrain,Mexico 1,Secretary of State,,Carl Herman Freese,LIB,5
Audrain,Mexico 1,State Treasurer,,Nicholas (Nick) Kasoff,LIB,5
Audrain,Mexico 1,Attorney General,,Kevin C. Babcock,LIB,5
Audrain,Mexico 1,U.S. House,4,Robert E. Smith,LIB,1
Audrain,Mexico 1,U.S. House,4,Steven K. Koonse,LIB,4
Audrain,Mexico 1,U.S. House,6,Jim Higgins,LIB,
Audrain,Mexico 1,Governor,,Jerome Howard Bauer,GRN,0
Audrain,Mexico 1,Lieutenant Governor,,Kelley Dragoo,GRN,0
Audrain,Mexico 1,Secretary of State,,Paul Lehmann,GRN,0
Audrain,Mexico 1,State Treasurer,,Joseph Civettini,GRN,0
Audrain,Mexico 1,Secretary of State,,Paul Venable,CST,0
Audrain,Mexico 2-3-4,Registered Voters,,,,3113
Audrain,Mexico 2-3-4,Ballots Cast,,,,534
Audrain,Mexico 2-3-4,Governor,,Raleigh Ritter,REP,13
Audrain,Mexico 2-3-4,Governor,,Mike Parson,REP,242
Audrain,Mexico 2-3-4,Governor,,James W. (Jim) Neely,REP,23
Audrain,Mexico 2-3-4,Governor,,Saundra McDowell,REP,47
Audrain,Mexico 2-3-4,Lieutenant Governor,,Arnie C. AC Dienoff,REP,10
Audrain,Mexico 2-3-4,Lieutenant Governor,,Mike Kehoe,REP,248
Audrain,Mexico 2-3-4,Lieutenant Governor,,Aaron T. Wisdom,REP,15
Audrain,Mexico 2-3-4,Lieutenant Governor,,Mike Carter,REP,36
Audrain,Mexico 2-3-4,Secretary of State,,John R. (Jay) Ashcroft,REP,285
Audrain,Mexico 2-3-4,State Treasurer,,Scott Fitzpatrick,REP,280
Audrain,Mexico 2-3-4,Attorney General,,Eric Schmitt,REP,281
Audrain,Mexico 2-3-4,U.S. House,4,Neal Gist,REP,89
Audrain,Mexico 2-3-4,U.S. House,4,Vicky Hartzler,REP,225
Audrain,Mexico 2-3-4,U.S. House,6,Sam Graves,REP,
Audrain,Mexico 2-3-4,U.S. House,6,Chris Ryan,REP,
Audrain,Mexico 2-3-4,State House,43,Kent Haden,REP,284
Audrain,Mexico 2-3-4,Governor,,Nicole Galloway,DEM,145
Audrain,Mexico 2-3-4,Governor,,Jimmie Matthews,DEM,4
Audrain,Mexico 2-3-4,Governor,,Antoin Johnson,DEM,4
Audrain,Mexico 2-3-4,Governor,,Eric Morrison,DEM,15
Audrain,Mexico 2-3-4,Governor,,Robin John Daniel Van Quaethem,DEM,6
Audrain,Mexico 2-3-4,Lieutenant Governor,,Gregory A. Upchurch,DEM,56
Audrain,Mexico 2-3-4,Lieutenant Governor,,Alissia Canady,DEM,109
Audrain,Mexico 2-3-4,Secretary of State,,Yinka Faleti,DEM,147
Audrain,Mexico 2-3-4,State Treasurer,,Vicki Lorenz Englund,DEM,151
Audrain,Mexico 2-3-4,Attorney General,,Rich Finneran,DEM,105
Audrain,Mexico 2-3-4,Attorney General,,Elad Gross,DEM,56
Audrain,Mexico 2-3-4,U.S. House,4,Lindsey Simmons,DEM,145
Audrain,Mexico 2-3-4,U.S. House,6,Ramona Farris,DEM,
Audrain,Mexico 2-3-4,U.S. House,6,Charles West,DEM,
Audrain,Mexico 2-3-4,U.S. House,6,Gena L. Ross,DEM,
Audrain,Mexico 2-3-4,U.S. House,6,Henry Martin,DEM,
Audrain,Mexico 2-3-4,U.S. House,6,Donald Robert Sartain,DEM,
Audrain,Mexico 2-3-4,Governor,,Rik Combs,LIB,6
Audrain,Mexico 2-3-4,Lieutenant Governor,,Bill Slantz,LIB,6
Audrain,Mexico 2-3-4,Secretary of State,,Carl Herman Freese,LIB,6
Audrain,Mexico 2-3-4,State Treasurer,,Nicholas (Nick) Kasoff,LIB,6
Audrain,Mexico 2-3-4,Attorney General,,Kevin C. Babcock,LIB,6
Audrain,Mexico 2-3-4,U.S. House,4,Robert E. Smith,LIB,5
Audrain,Mexico 2-3-4,U.S. House,4,Steven K. Koonse,LIB,1
Audrain,Mexico 2-3-4,U.S. House,6,Jim Higgins,LIB,
Audrain,Mexico 2-3-4,Governor,,Jerome Howard Bauer,GRN,2
Audrain,Mexico 2-3-4,Lieutenant Governor,,Kelley Dragoo,GRN,2
Audrain,Mexico 2-3-4,Secretary of State,,Paul Lehmann,GRN,2
Audrain,Mexico 2-3-4,State Treasurer,,Joseph Civettini,GRN,2
Audrain,Mexico 2-3-4,Secretary of State,,Paul Venable,CST,1
Audrain,Mexico 5,Registered Voters,,,,1071
Audrain,Mexico 5,Ballots Cast,,,,210
Audrain,Mexico 5,Governor,,Raleigh Ritter,REP,5
Audrain,Mexico 5,Governor,,Mike Parson,REP,110
Audrain,Mexico 5,Governor,,James W. (Jim) Neely,REP,10
Audrain,Mexico 5,Governor,,Saundra McDowell,REP,21
Audrain,Mexico 5,Lieutenant Governor,,Arnie C. AC Dienoff,REP,7
Audrain,Mexico 5,Lieutenant Governor,,Mike Kehoe,REP,106
Audrain,Mexico 5,Lieutenant Governor,,Aaron T. Wisdom,REP,2
Audrain,Mexico 5,Lieutenant Governor,,Mike Carter,REP,26
Audrain,Mexico 5,Secretary of State,,John R. (Jay) Ashcroft,REP,137
Audrain,Mexico 5,State Treasurer,,Scott Fitzpatrick,REP,134
Audrain,Mexico 5,Attorney General,,Eric Schmitt,REP,134
Audrain,Mexico 5,U.S. House,4,Neal Gist,REP,31
Audrain,Mexico 5,U.S. House,4,Vicky Hartzler,REP,115
Audrain,Mexico 5,U.S. House,6,Sam Graves,REP,
Audrain,Mexico 5,U.S. House,6,Chris Ryan,REP,
Audrain,Mexico 5,State House,43,Kent Haden,REP,134
Audrain,Mexico 5,Governor,,Nicole Galloway,DEM,49
Audrain,Mexico 5,Governor,,Jimmie Matthews,DEM,1
Audrain,Mexico 5,Governor,,Antoin Johnson,DEM,0
Audrain,Mexico 5,Governor,,Eric Morrison,DEM,0
Audrain,Mexico 5,Governor,,Robin John Daniel Van Quaethem,DEM,0
Audrain,Mexico 5,Lieutenant Governor,,Gregory A. Upchurch,DEM,11
Audrain,Mexico 5,Lieutenant Governor,,Alissia Canady,DEM,35
Audrain,Mexico 5,Secretary of State,,Yinka Faleti,DEM,41
Audrain,Mexico 5,State Treasurer,,Vicki Lorenz Englund,DEM,42
Audrain,Mexico 5,Attorney General,,Rich Finneran,DEM,36
Audrain,Mexico 5,Attorney General,,Elad Gross,DEM,11
Audrain,Mexico 5,U.S. House,4,Lindsey Simmons,DEM,41
Audrain,Mexico 5,U.S. House,6,Ramona Farris,DEM,
Audrain,Mexico 5,U.S. House,6,Charles West,DEM,
Audrain,Mexico 5,U.S. House,6,Gena L. Ross,DEM,
Audrain,Mexico 5,U.S. House,6,Henry Martin,DEM,
Audrain,Mexico 5,U.S. House,6,Donald Robert Sartain,DEM,
Audrain,Mexico 5,Governor,,Rik Combs,LIB,2
Audrain,Mexico 5,Lieutenant Governor,,Bill Slantz,LIB,2
Audrain,Mexico 5,Secretary of State,,Carl Herman Freese,LIB,2
Audrain,Mexico 5,State Treasurer,,Nicholas (Nick) Kasoff,LIB,2
Audrain,Mexico 5,Attorney General,,Kevin C. Babcock,LIB,2
Audrain,Mexico 5,U.S. House,4,Robert E. Smith,LIB,2
Audrain,Mexico 5,U.S. House,4,Steven K. Koonse,LIB,0
Audrain,Mexico 5,U.S. House,6,Jim Higgins,LIB,
Audrain,Mexico 5,Governor,,Jerome Howard Bauer,GRN,0
Audrain,Mexico 5,Lieutenant Governor,,Kelley Dragoo,GRN,0
Audrain,Mexico 5,Secretary of State,,Paul Lehmann,GRN,0
Audrain,Mexico 5,State Treasurer,,Joseph Civettini,GRN,0
Audrain,Mexico 5,Secretary of State,,Paul Venable,CST,0
Audrain,Mexico 6,Registered Voters,,,,1665
Audrain,Mexico 6,Ballots Cast,,,,434
Audrain,Mexico 6,Governor,,Raleigh Ritter,REP,12
Audrain,Mexico 6,Governor,,Mike Parson,REP,204
Audrain,Mexico 6,Governor,,James W. (Jim) Neely,REP,22
Audrain,Mexico 6,Governor,,Saundra McDowell,REP,43
Audrain,Mexico 6,Lieutenant Governor,,Arnie C. AC Dienoff,REP,13
Audrain,Mexico 6,Lieutenant Governor,,Mike Kehoe,REP,217
Audrain,Mexico 6,Lieutenant Governor,,Aaron T. Wisdom,REP,13
Audrain,Mexico 6,Lieutenant Governor,,Mike Carter,REP,32
Audrain,Mexico 6,Secretary of State,,John R. (Jay) Ashcroft,REP,257
Audrain,Mexico 6,State Treasurer,,Scott Fitzpatrick,REP,251
Audrain,Mexico 6,Attorney General,,Eric Schmitt,REP,251
Audrain,Mexico 6,U.S. House,4,Neal Gist,REP,63
Audrain,Mexico 6,U.S. House,4,Vicky Hartzler,REP,211
Audrain,Mexico 6,U.S. House,6,Sam Graves,REP,
Audrain,Mexico 6,U.S. House,6,Chris Ryan,REP,
Audrain,Mexico 6,State House,43,Kent Haden,REP,253
Audrain,Mexico 6,Governor,,Nicole Galloway,DEM,115
Audrain,Mexico 6,Governor,,Jimmie Matthews,DEM,4
Audrain,Mexico 6,Governor,,Antoin Johnson,DEM,1
Audrain,Mexico 6,Governor,,Eric Morrison,DEM,3
Audrain,Mexico 6,Governor,,Robin John Daniel Van Quaethem,DEM,5
Audrain,Mexico 6,Lieutenant Governor,,Gregory A. Upchurch,DEM,41
Audrain,Mexico 6,Lieutenant Governor,,Alissia Canady,DEM,78
Audrain,Mexico 6,Secretary of State,,Yinka Faleti,DEM,108
Audrain,Mexico 6,State Treasurer,,Vicki Lorenz Englund,DEM,108
Audrain,Mexico 6,Attorney General,,Rich Finneran,DEM,87
Audrain,Mexico 6,Attorney General,,Elad Gross,DEM,28
Audrain,Mexico 6,U.S. House,4,Lindsey Simmons,DEM,110
Audrain,Mexico 6,U.S. House,6,Ramona Farris,DEM,
Audrain,Mexico 6,U.S. House,6,Charles West,DEM,
Audrain,Mexico 6,U.S. House,6,Gena L. Ross,DEM,
Audrain,Mexico 6,U.S. House,6,Henry Martin,DEM,
Audrain,Mexico 6,U.S. House,6,Donald Robert Sartain,DEM,
Audrain,Mexico 6,Governor,,Rik Combs,LIB,6
Audrain,Mexico 6,Lieutenant Governor,,Bill Slantz,LIB,7
Audrain,Mexico 6,Secretary of State,,Carl Herman Freese,LIB,7
Audrain,Mexico 6,State Treasurer,,Nicholas (Nick) Kasoff,LIB,7
Audrain,Mexico 6,Attorney General,,Kevin C. Babcock,LIB,7
Audrain,Mexico 6,U.S. House,4,Robert E. Smith,LIB,1
Audrain,Mexico 6,U.S. House,4,Steven K. Koonse,LIB,6
Audrain,Mexico 6,U.S. House,6,Jim Higgins,LIB,
Audrain,Mexico 6,Governor,,Jerome Howard Bauer,GRN,0
Audrain,Mexico 6,Lieutenant Governor,,Kelley Dragoo,GRN,0
Audrain,Mexico 6,Secretary of State,,Paul Lehmann,GRN,0
Audrain,Mexico 6,State Treasurer,,Joseph Civettini,GRN,0
Audrain,Mexico 6,Secretary of State,,Paul Venable,CST,0
Audrain,Absentee,Registered Voters,,,,
Audrain,Absentee,Ballots Cast,,,,249
Audrain,Absentee,Governor,,Raleigh Ritter,REP,2
Audrain,Absentee,Governor,,Mike Parson,REP,73
Audrain,Absentee,Governor,,James W. (Jim) Neely,REP,4
Audrain,Absentee,Governor,,Saundra McDowell,REP,10
Audrain,Absentee,Lieutenant Governor,,Arnie C. AC Dienoff,REP,3
Audrain,Absentee,Lieutenant Governor,,Mike Kehoe,REP,73
Audrain,Absentee,Lieutenant Governor,,Aaron T. Wisdom,REP,2
Audrain,Absentee,Lieutenant Governor,,Mike Carter,REP,5
Audrain,Absentee,Secretary of State,,John R. (Jay) Ashcroft,REP,80
Audrain,Absentee,State Treasurer,,Scott Fitzpatrick,REP,75
Audrain,Absentee,Attorney General,,Eric Schmitt,REP,76
Audrain,Absentee,U.S. House,4,Neal Gist,REP,12
Audrain,Absentee,U.S. House,4,Vicky Hartzler,REP,72
Audrain,Absentee,U.S. House,6,Sam Graves,REP,2
Audrain,Absentee,U.S. House,6,Chris Ryan,REP,0
Audrain,Absentee,State House,43,Kent Haden,REP,78
Audrain,Absentee,Governor,,Nicole Galloway,DEM,137
Audrain,Absentee,Governor,,Jimmie Matthews,DEM,1
Audrain,Absentee,Governor,,Antoin Johnson,DEM,2
Audrain,Absentee,Governor,,Eric Morrison,DEM,5
Audrain,Absentee,Governor,,Robin John Daniel Van Quaethem,DEM,0
Audrain,Absentee,Lieutenant Governor,,Gregory A. Upchurch,DEM,43
Audrain,Absentee,Lieutenant Governor,,Alissia Canady,DEM,98
Audrain,Absentee,Secretary of State,,Yinka Faleti,DEM,130
Audrain,Absentee,State Treasurer,,Vicki Lorenz Englund,DEM,130
Audrain,Absentee,Attorney General,,Rich Finneran,DEM,85
Audrain,Absentee,Attorney General,,Elad Gross,DEM,54
Audrain,Absentee,U.S. House,4,Lindsey Simmons,DEM,126
Audrain,Absentee,U.S. House,6,Ramona Farris,DEM,6
Audrain,Absentee,U.S. House,6,Charles West,DEM,0
Audrain,Absentee,U.S. House,6,Gena L. Ross,DEM,1
Audrain,Absentee,U.S. House,6,Henry Martin,DEM,1
Audrain,Absentee,U.S. House,6,Donald Robert Sartain,DEM,0
Audrain,Absentee,Governor,,Rik Combs,LIB,2
Audrain,Absentee,Lieutenant Governor,,Bill Slantz,LIB,2
Audrain,Absentee,Secretary of State,,Carl Herman Freese,LIB,2
Audrain,Absentee,State Treasurer,,Nicholas (Nick) Kasoff,LIB,2
Audrain,Absentee,Attorney General,,Kevin C. Babcock,LIB,2
Audrain,Absentee,U.S. House,4,Robert E. Smith,LIB,0
Audrain,Absentee,U.S. House,4,Steven K. Koonse,LIB,2
Audrain,Absentee,U.S. House,6,Jim Higgins,LIB,0
Audrain,Absentee,Governor,,Jerome Howard Bauer,GRN,0
Audrain,Absentee,Lieutenant Governor,,Kelley Dragoo,GRN,0
Audrain,Absentee,Secretary of State,,Paul Lehmann,GRN,0
Audrain,Absentee,State Treasurer,,Joseph Civettini,GRN,0
Audrain,Absentee,Secretary of State,,Paul Venable,CST,0
