county,precinct,office,district,party,candidate,vos
Buchanan,1- ST PETER,Registered Voters,,,,2234
Buchanan,1- ST PETER,Ballots Cast,,DEM,,327
Buchanan,1- ST PETER,Ballots Cast,,REP,,152
Buchanan,1- ST PETER,President,,CON,Don Blankenship,1
Buchanan,1- ST PETER,President,,LIB,Jacob Hornberger,1
Buchanan,1- ST PETER,President,,DEM,AMY KLOBUCHAR,0
Buchanan,1- ST PETER,President,,DEM,TOM STEYER,0
Buchanan,1- ST PETER,President,,DEM,TULSI GABBARD,6
Buchanan,1- ST PETER,President,,DEM,LEONARD J. STEINMAN II,0
Buchanan,1- ST PETER,President,,DEM,CORY BOOKER,0
Buchanan,1- ST PETER,President,,DEM,JOSEPH R. BIDEN,197
Buchanan,1- ST PETER,President,,DEM,ELIZABETH WARREN,0
Buchanan,1- ST PETER,President,,DEM,PETE BUTTIGIEG,0
Buchanan,1- ST PETER,President,,DEM,BERNIE SANDERS,120
Buchanan,1- ST PETER,President,,DEM,VELMA STEINMAN,0
Buchanan,1- ST PETER,President,,DEM,HENRY HEWES,0
Buchanan,1- ST PETER,President,,DEM,ANDREW YANG,0
Buchanan,1- ST PETER,President,,DEM,ROQUE DE LA FUENTE,0
Buchanan,1- ST PETER,President,,DEM,JOHN K. DELANEY,0
Buchanan,1- ST PETER,President,,DEM,JULIAN CASTRO,0
Buchanan,1- ST PETER,President,,DEM,DEVAL PATRICK,0
Buchanan,1- ST PETER,President,,DEM,MARIANNE WILLIAMSON,0
Buchanan,1- ST PETER,President,,DEM,MICHAEL BENNET,0
Buchanan,1- ST PETER,President,,DEM,MICHAEL R. BLOOMBERG,2
Buchanan,1- ST PETER,President,,DEM,STEVE BURKE,0
Buchanan,1- ST PETER,President,,DEM,ROBBY WELLS,0
Buchanan,1- ST PETER,President,,DEM,WILLIAM C. (BILL) HAAS,0
Buchanan,1- ST PETER,President,,DEM,Uncommitted,2
Buchanan,1- ST PETER,President,,REP,DONALD J TRUMP,144
Buchanan,1- ST PETER,President,,REP,BOB ELY,2
Buchanan,1- ST PETER,President,,REP,BILL WELD,2
Buchanan,1- ST PETER,President,,REP,JOE WALSH,4
Buchanan,1- ST PETER,President,,REP,MATTHEW JOHN MATERN,0
Buchanan,1- ST PETER,President,,REP,Uncommitted,0
Buchanan,2- SOJOURN ON SAVANNAH AVENUE,Registered Voters,,,,2619
Buchanan,2- SOJOURN ON SAVANNAH AVENUE,Ballots Cast,,DEM,,266
Buchanan,2- SOJOURN ON SAVANNAH AVENUE,Ballots Cast,,REP,,145
Buchanan,2- SOJOURN ON SAVANNAH AVENUE,President,,DEM,AMY KLOBUCHAR,2
Buchanan,2- SOJOURN ON SAVANNAH AVENUE,President,,DEM,TOM STEYER,0
Buchanan,2- SOJOURN ON SAVANNAH AVENUE,President,,DEM,TULSI GABBARD,4
Buchanan,2- SOJOURN ON SAVANNAH AVENUE,President,,DEM,LEONARD J. STEINMAN II,0
Buchanan,2- SOJOURN ON SAVANNAH AVENUE,President,,DEM,CORY BOOKER,1
Buchanan,2- SOJOURN ON SAVANNAH AVENUE,President,,DEM,JOSEPH R. BIDEN,137
Buchanan,2- SOJOURN ON SAVANNAH AVENUE,President,,DEM,ELIZABETH WARREN,5
Buchanan,2- SOJOURN ON SAVANNAH AVENUE,President,,DEM,PETE BUTTIGIEG,0
Buchanan,2- SOJOURN ON SAVANNAH AVENUE,President,,DEM,BERNIE SANDERS,110
Buchanan,2- SOJOURN ON SAVANNAH AVENUE,President,,DEM,VELMA STEINMAN,0
Buchanan,2- SOJOURN ON SAVANNAH AVENUE,President,,DEM,HENRY HEWES,0
Buchanan,2- SOJOURN ON SAVANNAH AVENUE,President,,DEM,ANDREW YANG,0
Buchanan,2- SOJOURN ON SAVANNAH AVENUE,President,,DEM,ROQUE DE LA FUENTE,0
Buchanan,2- SOJOURN ON SAVANNAH AVENUE,President,,DEM,JOHN K. DELANEY,0
Buchanan,2- SOJOURN ON SAVANNAH AVENUE,President,,DEM,JULIAN CASTRO,1
Buchanan,2- SOJOURN ON SAVANNAH AVENUE,President,,DEM,DEVAL PATRICK,0
Buchanan,2- SOJOURN ON SAVANNAH AVENUE,President,,DEM,MARIANNE WILLIAMSON,0
Buchanan,2- SOJOURN ON SAVANNAH AVENUE,President,,DEM,MICHAEL BENNET,0
Buchanan,2- SOJOURN ON SAVANNAH AVENUE,President,,DEM,MICHAEL R. BLOOMBERG,5
Buchanan,2- SOJOURN ON SAVANNAH AVENUE,President,,DEM,STEVE BURKE,0
Buchanan,2- SOJOURN ON SAVANNAH AVENUE,President,,DEM,ROBBY WELLS,0
Buchanan,2- SOJOURN ON SAVANNAH AVENUE,President,,DEM,WILLIAM C. (BILL) HAAS,0
Buchanan,2- SOJOURN ON SAVANNAH AVENUE,President,,DEM,Uncommitted,1
Buchanan,2- SOJOURN ON SAVANNAH AVENUE,President,,REP,DONALD J TRUMP,141
Buchanan,2- SOJOURN ON SAVANNAH AVENUE,President,,REP,BOB ELY,1
Buchanan,2- SOJOURN ON SAVANNAH AVENUE,President,,REP,BILL WELD,0
Buchanan,2- SOJOURN ON SAVANNAH AVENUE,President,,REP,JOE WALSH,2
Buchanan,2- SOJOURN ON SAVANNAH AVENUE,President,,REP,MATTHEW JOHN MATERN,0
Buchanan,2- SOJOURN ON SAVANNAH AVENUE,President,,REP,Uncommitted,1
Buchanan,3- ST. JOSEPH VISITORS BUREAU,Registered Voters,,,,2622
Buchanan,3- ST. JOSEPH VISITORS BUREAU,Ballots Cast,,DEM,,339
Buchanan,3- ST. JOSEPH VISITORS BUREAU,Ballots Cast,,REP,,71
Buchanan,3- ST. JOSEPH VISITORS BUREAU,President,,DEM,AMY KLOBUCHAR,0
Buchanan,3- ST. JOSEPH VISITORS BUREAU,President,,DEM,TOM STEYER,1
Buchanan,3- ST. JOSEPH VISITORS BUREAU,President,,DEM,TULSI GABBARD,1
Buchanan,3- ST. JOSEPH VISITORS BUREAU,President,,DEM,LEONARD J. STEINMAN II,0
Buchanan,3- ST. JOSEPH VISITORS BUREAU,President,,DEM,CORY BOOKER,0
Buchanan,3- ST. JOSEPH VISITORS BUREAU,President,,DEM,JOSEPH R. BIDEN,165
Buchanan,3- ST. JOSEPH VISITORS BUREAU,President,,DEM,ELIZABETH WARREN,3
Buchanan,3- ST. JOSEPH VISITORS BUREAU,President,,DEM,PETE BUTTIGIEG,1
Buchanan,3- ST. JOSEPH VISITORS BUREAU,President,,DEM,BERNIE SANDERS,163
Buchanan,3- ST. JOSEPH VISITORS BUREAU,President,,DEM,VELMA STEINMAN,0
Buchanan,3- ST. JOSEPH VISITORS BUREAU,President,,DEM,HENRY HEWES,0
Buchanan,3- ST. JOSEPH VISITORS BUREAU,President,,DEM,ANDREW YANG,0
Buchanan,3- ST. JOSEPH VISITORS BUREAU,President,,DEM,ROQUE DE LA FUENTE,0
Buchanan,3- ST. JOSEPH VISITORS BUREAU,President,,DEM,JOHN K. DELANEY,0
Buchanan,3- ST. JOSEPH VISITORS BUREAU,President,,DEM,JULIAN CASTRO,0
Buchanan,3- ST. JOSEPH VISITORS BUREAU,President,,DEM,DEVAL PATRICK,0
Buchanan,3- ST. JOSEPH VISITORS BUREAU,President,,DEM,MARIANNE WILLIAMSON,0
Buchanan,3- ST. JOSEPH VISITORS BUREAU,President,,DEM,MICHAEL BENNET,0
Buchanan,3- ST. JOSEPH VISITORS BUREAU,President,,DEM,MICHAEL R. BLOOMBERG,5
Buchanan,3- ST. JOSEPH VISITORS BUREAU,President,,DEM,STEVE BURKE,0
Buchanan,3- ST. JOSEPH VISITORS BUREAU,President,,DEM,ROBBY WELLS,0
Buchanan,3- ST. JOSEPH VISITORS BUREAU,President,,DEM,WILLIAM C. (BILL) HAAS,0
Buchanan,3- ST. JOSEPH VISITORS BUREAU,President,,DEM,Uncommitted,0
Buchanan,3- ST. JOSEPH VISITORS BUREAU,President,,REP,DONALD J TRUMP,64
Buchanan,3- ST. JOSEPH VISITORS BUREAU,President,,REP,BOB ELY,0
Buchanan,3- ST. JOSEPH VISITORS BUREAU,President,,REP,BILL WELD,2
Buchanan,3- ST. JOSEPH VISITORS BUREAU,President,,REP,JOE WALSH,2
Buchanan,3- ST. JOSEPH VISITORS BUREAU,President,,REP,MATTHEW JOHN MATERN,0
Buchanan,3- ST. JOSEPH VISITORS BUREAU,President,,REP,Uncommitted,3
Buchanan,4- BROOKDALE,Registered Voters,,,,2816
Buchanan,4- BROOKDALE,Ballots Cast,,DEM,,458
Buchanan,4- BROOKDALE,Ballots Cast,,REP,,143
Buchanan,4- BROOKDALE,President,,GRN,Dario Hunter,1
Buchanan,4- BROOKDALE,President,,GRN,David Rolde,1
Buchanan,4- BROOKDALE,President,,LIB,Jacob Hornberger,2
Buchanan,4- BROOKDALE,President,,LIB,uncommitted,1
Buchanan,4- BROOKDALE,President,,DEM,AMY KLOBUCHAR,0
Buchanan,4- BROOKDALE,President,,DEM,TOM STEYER,1
Buchanan,4- BROOKDALE,President,,DEM,TULSI GABBARD,2
Buchanan,4- BROOKDALE,President,,DEM,LEONARD J. STEINMAN II,0
Buchanan,4- BROOKDALE,President,,DEM,CORY BOOKER,0
Buchanan,4- BROOKDALE,President,,DEM,JOSEPH R. BIDEN,232
Buchanan,4- BROOKDALE,President,,DEM,ELIZABETH WARREN,3
Buchanan,4- BROOKDALE,President,,DEM,PETE BUTTIGIEG,1
Buchanan,4- BROOKDALE,President,,DEM,BERNIE SANDERS,216
Buchanan,4- BROOKDALE,President,,DEM,VELMA STEINMAN,0
Buchanan,4- BROOKDALE,President,,DEM,HENRY HEWES,0
Buchanan,4- BROOKDALE,President,,DEM,ANDREW YANG,0
Buchanan,4- BROOKDALE,President,,DEM,ROQUE DE LA FUENTE,0
Buchanan,4- BROOKDALE,President,,DEM,JOHN K. DELANEY,
Buchanan,4- BROOKDALE,President,,DEM,JULIAN CASTRO,0
Buchanan,4- BROOKDALE,President,,DEM,DEVAL PATRICK,0
Buchanan,4- BROOKDALE,President,,DEM,MARIANNE WILLIAMSON,0
Buchanan,4- BROOKDALE,President,,DEM,MICHAEL BENNET,0
Buchanan,4- BROOKDALE,President,,DEM,MICHAEL R. BLOOMBERG,3
Buchanan,4- BROOKDALE,President,,DEM,STEVE BURKE,0
Buchanan,4- BROOKDALE,President,,DEM,ROBBY WELLS,0
Buchanan,4- BROOKDALE,President,,DEM,WILLIAM C. (BILL) HAAS,0
Buchanan,4- BROOKDALE,President,,DEM,Uncommitted,0
Buchanan,4- BROOKDALE,President,,REP,DONALD J TRUMP,135
Buchanan,4- BROOKDALE,President,,REP,BOB ELY,0
Buchanan,4- BROOKDALE,President,,REP,BILL WELD,3
Buchanan,4- BROOKDALE,President,,REP,JOE WALSH,2
Buchanan,4- BROOKDALE,President,,REP,MATTHEW JOHN MATERN,2
Buchanan,4- BROOKDALE,President,,REP,Uncommitted,1
Buchanan,5- PONY EXPRESS,Registered Voters,,,,1893
Buchanan,5- PONY EXPRESS,Ballots Cast,,DEM,,219
Buchanan,5- PONY EXPRESS,Ballots Cast,,REP,,71
Buchanan,5- PONY EXPRESS,President,,CON,Don Blankenship,1
Buchanan,5- PONY EXPRESS,President,,DEM,AMY KLOBUCHAR,0
Buchanan,5- PONY EXPRESS,President,,DEM,TOM STEYER,0
Buchanan,5- PONY EXPRESS,President,,DEM,TULSI GABBARD,3
Buchanan,5- PONY EXPRESS,President,,DEM,LEONARD J. STEINMAN II,0
Buchanan,5- PONY EXPRESS,President,,DEM,CORY BOOKER,1
Buchanan,5- PONY EXPRESS,President,,DEM,JOSEPH R. BIDEN,92
Buchanan,5- PONY EXPRESS,President,,DEM,ELIZABETH WARREN,3
Buchanan,5- PONY EXPRESS,President,,DEM,PETE BUTTIGIEG,0
Buchanan,5- PONY EXPRESS,President,,DEM,BERNIE SANDERS,118
Buchanan,5- PONY EXPRESS,President,,DEM,VELMA STEINMAN,0
Buchanan,5- PONY EXPRESS,President,,DEM,HENRY HEWES,0
Buchanan,5- PONY EXPRESS,President,,DEM,ANDREW YANG,0
Buchanan,5- PONY EXPRESS,President,,DEM,ROQUE DE LA FUENTE,0
Buchanan,5- PONY EXPRESS,President,,DEM,JOHN K. DELANEY,0
Buchanan,5- PONY EXPRESS,President,,DEM,JULIAN CASTRO,0
Buchanan,5- PONY EXPRESS,President,,DEM,DEVAL PATRICK,1
Buchanan,5- PONY EXPRESS,President,,DEM,MARIANNE WILLIAMSON,0
Buchanan,5- PONY EXPRESS,President,,DEM,MICHAEL BENNET,0
Buchanan,5- PONY EXPRESS,President,,DEM,MICHAEL R. BLOOMBERG,1
Buchanan,5- PONY EXPRESS,President,,DEM,STEVE BURKE,0
Buchanan,5- PONY EXPRESS,President,,DEM,ROBBY WELLS,0
Buchanan,5- PONY EXPRESS,President,,DEM,WILLIAM C. (BILL) HAAS,0
Buchanan,5- PONY EXPRESS,President,,DEM,Uncommitted,0
Buchanan,5- PONY EXPRESS,President,,REP,DONALD J TRUMP,67
Buchanan,5- PONY EXPRESS,President,,REP,BOB ELY,0
Buchanan,5- PONY EXPRESS,President,,REP,BILL WELD,1
Buchanan,5- PONY EXPRESS,President,,REP,JOE WALSH,2
Buchanan,5- PONY EXPRESS,President,,REP,MATTHEW JOHN MATERN,0
Buchanan,5- PONY EXPRESS,President,,REP,Uncommitted,1
Buchanan,6- COPELAND,Registered Voters,,,,1849
Buchanan,6- COPELAND,Ballots Cast,,DEM,,248
Buchanan,6- COPELAND,Ballots Cast,,REP,,96
Buchanan,6- COPELAND,President,,DEM,AMY KLOBUCHAR,0
Buchanan,6- COPELAND,President,,DEM,TOM STEYER,0
Buchanan,6- COPELAND,President,,DEM,TULSI GABBARD,5
Buchanan,6- COPELAND,President,,DEM,LEONARD J. STEINMAN II,0
Buchanan,6- COPELAND,President,,DEM,CORY BOOKER,1
Buchanan,6- COPELAND,President,,DEM,JOSEPH R. BIDEN,119
Buchanan,6- COPELAND,President,,DEM,ELIZABETH WARREN,0
Buchanan,6- COPELAND,President,,DEM,PETE BUTTIGIEG,0
Buchanan,6- COPELAND,President,,DEM,BERNIE SANDERS,120
Buchanan,6- COPELAND,President,,DEM,VELMA STEINMAN,0
Buchanan,6- COPELAND,President,,DEM,HENRY HEWES,0
Buchanan,6- COPELAND,President,,DEM,ANDREW YANG,0
Buchanan,6- COPELAND,President,,DEM,ROQUE DE LA FUENTE,0
Buchanan,6- COPELAND,President,,DEM,JOHN K. DELANEY,0
Buchanan,6- COPELAND,President,,DEM,JULIAN CASTRO,0
Buchanan,6- COPELAND,President,,DEM,DEVAL PATRICK,0
Buchanan,6- COPELAND,President,,DEM,MARIANNE WILLIAMSON,0
Buchanan,6- COPELAND,President,,DEM,MICHAEL BENNET,0
Buchanan,6- COPELAND,President,,DEM,MICHAEL R. BLOOMBERG,3
Buchanan,6- COPELAND,President,,DEM,STEVE BURKE,0
Buchanan,6- COPELAND,President,,DEM,ROBBY WELLS,0
Buchanan,6- COPELAND,President,,DEM,WILLIAM C. (BILL) HAAS,0
Buchanan,6- COPELAND,President,,DEM,Uncommitted,0
Buchanan,6- COPELAND,President,,REP,DONALD J TRUMP,91
Buchanan,6- COPELAND,President,,REP,BOB ELY,0
Buchanan,6- COPELAND,President,,REP,BILL WELD,0
Buchanan,6- COPELAND,President,,REP,JOE WALSH,2
Buchanan,6- COPELAND,President,,REP,MATTHEW JOHN MATERN,1
Buchanan,6- COPELAND,President,,REP,Uncommitted,2
Buchanan,7- HUFFMAN,Registered Voters,,,,4266
Buchanan,7- HUFFMAN,Ballots Cast,,DEM,,645
Buchanan,7- HUFFMAN,Ballots Cast,,REP,,229
Buchanan,7- HUFFMAN,President,,LIB,Jacob Hornberger,2
Buchanan,7- HUFFMAN,President,,DEM,AMY KLOBUCHAR,2
Buchanan,7- HUFFMAN,President,,DEM,TOM STEYER,0
Buchanan,7- HUFFMAN,President,,DEM,TULSI GABBARD,4
Buchanan,7- HUFFMAN,President,,DEM,LEONARD J. STEINMAN II,0
Buchanan,7- HUFFMAN,President,,DEM,CORY BOOKER,1
Buchanan,7- HUFFMAN,President,,DEM,JOSEPH R. BIDEN,194
Buchanan,7- HUFFMAN,President,,DEM,ELIZABETH WARREN,0
Buchanan,7- HUFFMAN,President,,DEM,PETE BUTTIGIEG,1
Buchanan,7- HUFFMAN,President,,DEM,BERNIE SANDERS,136
Buchanan,7- HUFFMAN,President,,DEM,VELMA STEINMAN,0
Buchanan,7- HUFFMAN,President,,DEM,HENRY HEWES,1
Buchanan,7- HUFFMAN,President,,DEM,ANDREW YANG,1
Buchanan,7- HUFFMAN,President,,DEM,ROQUE DE LA FUENTE,1
Buchanan,7- HUFFMAN,President,,DEM,JOHN K. DELANEY,0
Buchanan,7- HUFFMAN,President,,DEM,JULIAN CASTRO,0
Buchanan,7- HUFFMAN,President,,DEM,DEVAL PATRICK,0
Buchanan,7- HUFFMAN,President,,DEM,MARIANNE WILLIAMSON,0
Buchanan,7- HUFFMAN,President,,DEM,MICHAEL BENNET,0
Buchanan,7- HUFFMAN,President,,DEM,MICHAEL R. BLOOMBERG,2
Buchanan,7- HUFFMAN,President,,DEM,STEVE BURKE,0
Buchanan,7- HUFFMAN,President,,DEM,ROBBY WELLS,0
Buchanan,7- HUFFMAN,President,,DEM,WILLIAM C. (BILL) HAAS,0
Buchanan,7- HUFFMAN,President,,DEM,Uncommitted,2
Buchanan,7- HUFFMAN,President,,REP,DONALD J TRUMP,201
Buchanan,7- HUFFMAN,President,,REP,BOB ELY,0
Buchanan,7- HUFFMAN,President,,REP,BILL WELD,2
Buchanan,7- HUFFMAN,President,,REP,JOE WALSH,1
Buchanan,7- HUFFMAN,President,,REP,MATTHEW JOHN MATERN,1
Buchanan,7- HUFFMAN,President,,REP,Uncommitted,2
Buchanan,8- EVOLUTION,Registered Voters,,,,3825
Buchanan,8- EVOLUTION,Ballots Cast,,DEM,,345
Buchanan,8- EVOLUTION,Ballots Cast,,REP,,207
Buchanan,8- EVOLUTION,President,,CON,Don Grundmann,1
Buchanan,8- EVOLUTION,President,,LIB,Jacob Hornberger,2
Buchanan,8- EVOLUTION,President,,DEM,AMY KLOBUCHAR,2
Buchanan,8- EVOLUTION,President,,DEM,TOM STEYER,0
Buchanan,8- EVOLUTION,President,,DEM,TULSI GABBARD,4
Buchanan,8- EVOLUTION,President,,DEM,LEONARD J. STEINMAN II,0
Buchanan,8- EVOLUTION,President,,DEM,CORY BOOKER,1
Buchanan,8- EVOLUTION,President,,DEM,JOSEPH R. BIDEN,194
Buchanan,8- EVOLUTION,President,,DEM,ELIZABETH WARREN,0
Buchanan,8- EVOLUTION,President,,DEM,PETE BUTTIGIEG,1
Buchanan,8- EVOLUTION,President,,DEM,BERNIE SANDERS,136
Buchanan,8- EVOLUTION,President,,DEM,VELMA STEINMAN,0
Buchanan,8- EVOLUTION,President,,DEM,HENRY HEWES,1
Buchanan,8- EVOLUTION,President,,DEM,ANDREW YANG,1
Buchanan,8- EVOLUTION,President,,DEM,ROQUE DE LA FUENTE,1
Buchanan,8- EVOLUTION,President,,DEM,JOHN K. DELANEY,0
Buchanan,8- EVOLUTION,President,,DEM,JULIAN CASTRO,0
Buchanan,8- EVOLUTION,President,,DEM,DEVAL PATRICK,0
Buchanan,8- EVOLUTION,President,,DEM,MARIANNE WILLIAMSON,0
Buchanan,8- EVOLUTION,President,,DEM,MICHAEL BENNET,0
Buchanan,8- EVOLUTION,President,,DEM,MICHAEL R. BLOOMBERG,2
Buchanan,8- EVOLUTION,President,,DEM,STEVE BURKE,0
Buchanan,8- EVOLUTION,President,,DEM,ROBBY WELLS,0
Buchanan,8- EVOLUTION,President,,DEM,WILLIAM C. (BILL) HAAS,0
Buchanan,8- EVOLUTION,President,,DEM,Uncommitted,2
Buchanan,8- EVOLUTION,President,,REP,DONALD J TRUMP,201
Buchanan,8- EVOLUTION,President,,REP,BOB ELY,0
Buchanan,8- EVOLUTION,President,,REP,BILL WELD,2
Buchanan,8- EVOLUTION,President,,REP,JOE WALSH,1
Buchanan,8- EVOLUTION,President,,REP,MATTHEW JOHN MATERN,1
Buchanan,8- EVOLUTION,President,,REP,Uncommitted,2
Buchanan,9- KEYS,Registered Voters,,,,2623
Buchanan,9- KEYS,Ballots Cast,,DEM,,321
Buchanan,9- KEYS,Ballots Cast,,REP,,196
Buchanan,9- KEYS,President,,GRN,uncommitted,1
Buchanan,9- KEYS,President,,LIB,Jacob Hornberger,1
Buchanan,9- KEYS,President,,DEM,AMY KLOBUCHAR,0
Buchanan,9- KEYS,President,,DEM,TOM STEYER,1
Buchanan,9- KEYS,President,,DEM,TULSI GABBARD,2
Buchanan,9- KEYS,President,,DEM,LEONARD J. STEINMAN II,0
Buchanan,9- KEYS,President,,DEM,CORY BOOKER,0
Buchanan,9- KEYS,President,,DEM,JOSEPH R. BIDEN,225
Buchanan,9- KEYS,President,,DEM,ELIZABETH WARREN,1
Buchanan,9- KEYS,President,,DEM,PETE BUTTIGIEG,0
Buchanan,9- KEYS,President,,DEM,BERNIE SANDERS,84
Buchanan,9- KEYS,President,,DEM,VELMA STEINMAN,0
Buchanan,9- KEYS,President,,DEM,HENRY HEWES,0
Buchanan,9- KEYS,President,,DEM,ANDREW YANG,1
Buchanan,9- KEYS,President,,DEM,ROQUE DE LA FUENTE,0
Buchanan,9- KEYS,President,,DEM,JOHN K. DELANEY,0
Buchanan,9- KEYS,President,,DEM,JULIAN CASTRO,0
Buchanan,9- KEYS,President,,DEM,DEVAL PATRICK,0
Buchanan,9- KEYS,President,,DEM,MARIANNE WILLIAMSON,0
Buchanan,9- KEYS,President,,DEM,MICHAEL BENNET,0
Buchanan,9- KEYS,President,,DEM,MICHAEL R. BLOOMBERG,5
Buchanan,9- KEYS,President,,DEM,STEVE BURKE,0
Buchanan,9- KEYS,President,,DEM,ROBBY WELLS,0
Buchanan,9- KEYS,President,,DEM,WILLIAM C. (BILL) HAAS,0
Buchanan,9- KEYS,President,,DEM,Uncommitted,2
Buchanan,9- KEYS,President,,REP,DONALD J TRUMP,191
Buchanan,9- KEYS,President,,REP,BOB ELY,0
Buchanan,9- KEYS,President,,REP,BILL WELD,0
Buchanan,9- KEYS,President,,REP,JOE WALSH,2
Buchanan,9- KEYS,President,,REP,MATTHEW JOHN MATERN,0
Buchanan,9- KEYS,President,,REP,Uncommitted,3
Buchanan,10- FAITH,Registered Voters,,,,2110
Buchanan,10- FAITH,Ballots Cast,,DEM,,361
Buchanan,10- FAITH,Ballots Cast,,REP,,145
Buchanan,10- FAITH,President,,DEM,AMY KLOBUCHAR,2
Buchanan,10- FAITH,President,,DEM,TOM STEYER,2
Buchanan,10- FAITH,President,,DEM,TULSI GABBARD,1
Buchanan,10- FAITH,President,,DEM,LEONARD J. STEINMAN II,0
Buchanan,10- FAITH,President,,DEM,CORY BOOKER,0
Buchanan,10- FAITH,President,,DEM,JOSEPH R. BIDEN,229
Buchanan,10- FAITH,President,,DEM,ELIZABETH WARREN,1
Buchanan,10- FAITH,President,,DEM,PETE BUTTIGIEG,1
Buchanan,10- FAITH,President,,DEM,BERNIE SANDERS,124
Buchanan,10- FAITH,President,,DEM,VELMA STEINMAN,0
Buchanan,10- FAITH,President,,DEM,HENRY HEWES,0
Buchanan,10- FAITH,President,,DEM,ANDREW YANG,0
Buchanan,10- FAITH,President,,DEM,ROQUE DE LA FUENTE,0
Buchanan,10- FAITH,President,,DEM,JOHN K. DELANEY,0
Buchanan,10- FAITH,President,,DEM,JULIAN CASTRO,0
Buchanan,10- FAITH,President,,DEM,DEVAL PATRICK,0
Buchanan,10- FAITH,President,,DEM,MARIANNE WILLIAMSON,0
Buchanan,10- FAITH,President,,DEM,MICHAEL BENNET,0
Buchanan,10- FAITH,President,,DEM,MICHAEL R. BLOOMBERG,0
Buchanan,10- FAITH,President,,DEM,STEVE BURKE,0
Buchanan,10- FAITH,President,,DEM,ROBBY WELLS,0
Buchanan,10- FAITH,President,,DEM,WILLIAM C. (BILL) HAAS,1
Buchanan,10- FAITH,President,,DEM,Uncommitted,0
Buchanan,10- FAITH,President,,REP,DONALD J TRUMP,138
Buchanan,10- FAITH,President,,REP,BOB ELY,0
Buchanan,10- FAITH,President,,REP,BILL WELD,1
Buchanan,10- FAITH,President,,REP,JOE WALSH,2
Buchanan,10- FAITH,President,,REP,MATTHEW JOHN MATERN,1
Buchanan,10- FAITH,President,,REP,Uncommitted,3
Buchanan,11- ASHLAND,Registered Voters,,,,3104
Buchanan,11- ASHLAND,Ballots Cast,,DEM,,578
Buchanan,11- ASHLAND,Ballots Cast,,REP,,184
Buchanan,11- ASHLAND,President,,DEM,AMY KLOBUCHAR,2
Buchanan,11- ASHLAND,President,,DEM,TOM STEVER,0
Buchanan,11- ASHLAND,President,,DEM,TULSI GABBARD,7
Buchanan,11- ASHLAND,President,,DEM,LEONARD J. STEINMAN 11,0
Buchanan,11- ASHLAND,President,,DEM,CORY BOOKER,0
Buchanan,11- ASHLAND,President,,DEM,JOSEPH R. BIDEN,359
Buchanan,11- ASHLAND,President,,DEM,ELIZABETH WARREN,7
Buchanan,11- ASHLAND,President,,DEM,PETE BUTTIGIEG,0
Buchanan,11- ASHLAND,President,,DEM,BERNIE SANDERS,198
Buchanan,11- ASHLAND,President,,DEM,VELMA STEINMAN,0
Buchanan,11- ASHLAND,President,,DEM,HENRY HEWES,0
Buchanan,11- ASHLAND,President,,DEM,ANDREW YANG,4
Buchanan,11- ASHLAND,President,,DEM,ROQUE DE LA FUENTE,0
Buchanan,11- ASHLAND,President,,DEM,JOHN K. DELANEY,0
Buchanan,11- ASHLAND,President,,DEM,JULIAN CASTRO,0
Buchanan,11- ASHLAND,President,,DEM,DEVAL PATRICK,0
Buchanan,11- ASHLAND,President,,DEM,MARIANNE WILLIAMSON,0
Buchanan,11- ASHLAND,President,,DEM,MICHAEL BENNET,1
Buchanan,11- ASHLAND,President,,DEM,MICHAEL R. BLOOMBERG,0
Buchanan,11- ASHLAND,President,,DEM,STEVE BURKE,0
Buchanan,11- ASHLAND,President,,DEM,ROBBY WELLS,0
Buchanan,11- ASHLAND,President,,DEM,WILLIAM C. (BILL) HAAS,0
Buchanan,11- ASHLAND,President,,DEM,Uncommitted,0
Buchanan,11- ASHLAND,President,,REP,DONALD J TRUMP,180
Buchanan,11- ASHLAND,President,,REP,BOB ELY,0
Buchanan,11- ASHLAND,President,,REP,BILL WELD,0
Buchanan,11- ASHLAND,President,,REP,JOE WALSH,0
Buchanan,11- ASHLAND,President,,REP,MATTHEW JOHN MATERN,0
Buchanan,11- ASHLAND,President,,REP,Uncommitted,4
Buchanan,12- WESEY,Registered Voters,,,,2295
Buchanan,12- WESEY,Ballots Cast,,DEM,,323
Buchanan,12- WESEY,Ballots Cast,,REP,,164
Buchanan,12- WESEY,President,,LIB,Jacob Hornberger,2
Buchanan,12- WESEY,President,,DEM,AMY KLOBUCHAR,2
Buchanan,12- WESEY,President,,DEM,TOM STEYER,2
Buchanan,12- WESEY,President,,DEM,TULSI GABBARD,3
Buchanan,12- WESEY,President,,DEM,LEONARD J. STEINMAN II,0
Buchanan,12- WESEY,President,,DEM,CORY BOOKER,0
Buchanan,12- WESEY,President,,DEM,JOSEPH R. BIDEN,227
Buchanan,12- WESEY,President,,DEM,ELIZABETH WARREN,2
Buchanan,12- WESEY,President,,DEM,PETE BUTTIGIEG,1
Buchanan,12- WESEY,President,,DEM,BERNIE SANDERS,136
Buchanan,12- WESEY,President,,DEM,VELMA STEINMAN,0
Buchanan,12- WESEY,President,,DEM,HENRY HEWES,0
Buchanan,12- WESEY,President,,DEM,ANDREW YANG,1
Buchanan,12- WESEY,President,,DEM,ROQUE DE LA FUENTE,0
Buchanan,12- WESEY,President,,DEM,JOHN K. DELANEY,0
Buchanan,12- WESEY,President,,DEM,JULIAN CASTRO,0
Buchanan,12- WESEY,President,,DEM,DEVAL PATRICK,0
Buchanan,12- WESEY,President,,DEM,MARIANNE WILLIAMSON,0
Buchanan,12- WESEY,President,,DEM,MICHAEL BENNET,1
Buchanan,12- WESEY,President,,DEM,MICHAEL R. BLOOMBERG,2
Buchanan,12- WESEY,President,,DEM,STEVE BURKE,0
Buchanan,12- WESEY,President,,DEM,ROBBY WELLS,0
Buchanan,12- WESEY,President,,DEM,WILLIAM C. (BILL) HAAS,0
Buchanan,12- WESEY,President,,DEM,Uncommitted,1
Buchanan,12- WESEY,President,,REP,DONALD J TRUMP,193
Buchanan,12- WESEY,President,,REP,BOB ELY,1
Buchanan,12- WESEY,President,,REP,BILL WELD,1
Buchanan,12- WESEY,President,,REP,JOE WALSH,1
Buchanan,12- WESEY,President,,REP,MATTHEW JOHN MATERN,1
Buchanan,12- WESEY,President,,REP,Uncommitted,2
Buchanan,13- RIVERSIDE,Registered Voters,,,,2954
Buchanan,13- RIVERSIDE,Ballots Cast,,DEM,,378
Buchanan,13- RIVERSIDE,Ballots Cast,,REP,,199
Buchanan,13- RIVERSIDE,President,,DEM,AMY KLOBUCHAR,2
Buchanan,13- RIVERSIDE,President,,DEM,TOM STEYER,2
Buchanan,13- RIVERSIDE,President,,DEM,TULSI GABBARD,3
Buchanan,13- RIVERSIDE,President,,DEM,LEONARD J. STEINMAN II,0
Buchanan,13- RIVERSIDE,President,,DEM,CORY BOOKER,0
Buchanan,13- RIVERSIDE,President,,DEM,JOSEPH R. BIDEN,227
Buchanan,13- RIVERSIDE,President,,DEM,ELIZABETH WARREN,2
Buchanan,13- RIVERSIDE,President,,DEM,PETE BUTTIGIEG,1
Buchanan,13- RIVERSIDE,President,,DEM,BERNIE SANDERS,136
Buchanan,13- RIVERSIDE,President,,DEM,VELMA STEINMAN,0
Buchanan,13- RIVERSIDE,President,,DEM,HENRY HEWES,0
Buchanan,13- RIVERSIDE,President,,DEM,ANDREW YANG,1
Buchanan,13- RIVERSIDE,President,,DEM,ROQUE DE LA FUENTE,0
Buchanan,13- RIVERSIDE,President,,DEM,JOHN K. DELANEY,0
Buchanan,13- RIVERSIDE,President,,DEM,JULIAN CASTRO,0
Buchanan,13- RIVERSIDE,President,,DEM,DEVAL PATRICK,0
Buchanan,13- RIVERSIDE,President,,DEM,MARIANNE WILLIAMSON,0
Buchanan,13- RIVERSIDE,President,,DEM,MICHAEL BENNET,1
Buchanan,13- RIVERSIDE,President,,DEM,MICHAEL R. BLOOMBERG,2
Buchanan,13- RIVERSIDE,President,,DEM,STEVE BURKE,0
Buchanan,13- RIVERSIDE,President,,DEM,ROBBY WELLS,0
Buchanan,13- RIVERSIDE,President,,DEM,WILLIAM C. (BILL) HAAS,0
Buchanan,13- RIVERSIDE,President,,DEM,Uncommitted,1
Buchanan,13- RIVERSIDE,President,,REP,DONALD J TRUMP,103
Buchanan,13- RIVERSIDE,President,,REP,BOB ELY,1
Buchanan,13- RIVERSIDE,President,,REP,BILL WELD,1
Buchanan,13- RIVERSIDE,President,,REP,JOE WALSH,1
Buchanan,13- RIVERSIDE,President,,REP,MATTHEW JOHN MATERN,1
Buchanan,13- RIVERSIDE,President,,REP,Uncommitted,2
Buchanan,14- THE MISSOURI NATIONAL GUARD,Registered Voters,,,,2807
Buchanan,14- THE MISSOURI NATIONAL GUARD,Ballots Cast,,DEM,,443
Buchanan,14- THE MISSOURI NATIONAL GUARD,Ballots Cast,,REP,,256
Buchanan,14- THE MISSOURI NATIONAL GUARD,President,,DEM,AMY KLOBUCHAR,2
Buchanan,14- THE MISSOURI NATIONAL GUARD,President,,DEM,TOM STEYER,0
Buchanan,14- THE MISSOURI NATIONAL GUARD,President,,DEM,TULSI GABBARD,10
Buchanan,14- THE MISSOURI NATIONAL GUARD,President,,DEM,LEONARD J. STEINMAN II,0
Buchanan,14- THE MISSOURI NATIONAL GUARD,President,,DEM,CORY BOOKER,1
Buchanan,14- THE MISSOURI NATIONAL GUARD,President,,DEM,JOSEPH R. BIDEN,294
Buchanan,14- THE MISSOURI NATIONAL GUARD,President,,DEM,ELIZABETH WARREN,2
Buchanan,14- THE MISSOURI NATIONAL GUARD,President,,DEM,PETE BUTTIGIEG,0
Buchanan,14- THE MISSOURI NATIONAL GUARD,President,,DEM,BERNIE SANDERS,127
Buchanan,14- THE MISSOURI NATIONAL GUARD,President,,DEM,VELMA STEINMAN,0
Buchanan,14- THE MISSOURI NATIONAL GUARD,President,,DEM,HENRY HEWES,0
Buchanan,14- THE MISSOURI NATIONAL GUARD,President,,DEM,ANDREW YANG,3
Buchanan,14- THE MISSOURI NATIONAL GUARD,President,,DEM,ROQUE DE LA FUENTE,0
Buchanan,14- THE MISSOURI NATIONAL GUARD,President,,DEM,JOHN K. DELANEY,0
Buchanan,14- THE MISSOURI NATIONAL GUARD,President,,DEM,JULIAN CASTRO,0
Buchanan,14- THE MISSOURI NATIONAL GUARD,President,,DEM,DEVAL PATRICK,0
Buchanan,14- THE MISSOURI NATIONAL GUARD,President,,DEM,MARIANNE WILLIAMSON,0
Buchanan,14- THE MISSOURI NATIONAL GUARD,President,,DEM,MICHAEL BENNET,0
Buchanan,14- THE MISSOURI NATIONAL GUARD,President,,DEM,MICHAEL R. BLOOMBERG,3
Buchanan,14- THE MISSOURI NATIONAL GUARD,President,,DEM,STEVE BURKE,0
Buchanan,14- THE MISSOURI NATIONAL GUARD,President,,DEM,ROBBY WELLS,0
Buchanan,14- THE MISSOURI NATIONAL GUARD,President,,DEM,WILLIAM C. (BILL) HAAS,0
Buchanan,14- THE MISSOURI NATIONAL GUARD,President,,DEM,Uncommitted,1
Buchanan,14- THE MISSOURI NATIONAL GUARD,President,,REP,DONALD J TRUMP,250
Buchanan,14- THE MISSOURI NATIONAL GUARD,President,,REP,BOB ELY,1
Buchanan,14- THE MISSOURI NATIONAL GUARD,President,,REP,BILL WELD,1
Buchanan,14- THE MISSOURI NATIONAL GUARD,President,,REP,JOE WALSH,0
Buchanan,14- THE MISSOURI NATIONAL GUARD,President,,REP,MATTHEW JOHN MATERN,1
Buchanan,14- THE MISSOURI NATIONAL GUARD,President,,REP,Uncommitted,3
Buchanan,15- OUR LADY,Registered Voters,,,,6272
Buchanan,15- OUR LADY,Ballots Cast,,DEM,,949
Buchanan,15- OUR LADY,Ballots Cast,,REP,,481
Buchanan,15- OUR LADY,President,,LIB,uncommitted,1
Buchanan,15- OUR LADY,President,,DEM,AMY KLOBUCHAR,3
Buchanan,15- OUR LADY,President,,DEM,TOM STEYER,0
Buchanan,15- OUR LADY,President,,DEM,TULSI GABBARD,14
Buchanan,15- OUR LADY,President,,DEM,LEONARD J. STEINMAN II,0
Buchanan,15- OUR LADY,President,,DEM,CORY BOOKER,1
Buchanan,15- OUR LADY,President,,DEM,JOSEPH R. BIDEN,617
Buchanan,15- OUR LADY,President,,DEM,ELIZABETH WARREN,7
Buchanan,15- OUR LADY,President,,DEM,PETE BUTTIGIEG,1
Buchanan,15- OUR LADY,President,,DEM,BERNIE SANDERS,296
Buchanan,15- OUR LADY,President,,DEM,VELMA STEINMAN,0
Buchanan,15- OUR LADY,President,,DEM,HENRY HEWES,0
Buchanan,15- OUR LADY,President,,DEM,ANDREW YANG,1
Buchanan,15- OUR LADY,President,,DEM,ROQUE DE LA FUENTE,1
Buchanan,15- OUR LADY,President,,DEM,JOHN K. DELANEY,0
Buchanan,15- OUR LADY,President,,DEM,JULIAN CASTRO,0
Buchanan,15- OUR LADY,President,,DEM,DEVAL PATRICK,0
Buchanan,15- OUR LADY,President,,DEM,MARIANNE WILLIAMSON,0
Buchanan,15- OUR LADY,President,,DEM,MICHAEL BENNET,0
Buchanan,15- OUR LADY,President,,DEM,MICHAEL R. BLOOMBERG,5
Buchanan,15- OUR LADY,President,,DEM,STEVE BURKE,0
Buchanan,15- OUR LADY,President,,DEM,ROBBY WELLS,0
Buchanan,15- OUR LADY,President,,DEM,WILLIAM C. (BILL) HAAS,0
Buchanan,15- OUR LADY,President,,DEM,Uncommitted,3
Buchanan,15- OUR LADY,President,,REP,DONALD J TRUMP,465
Buchanan,15- OUR LADY,President,,REP,BOB ELY,2
Buchanan,15- OUR LADY,President,,REP,BILL WELD,4
Buchanan,15- OUR LADY,President,,REP,JOE WALSH,2
Buchanan,15- OUR LADY,President,,REP,MATTHEW JOHN MATERN,2
Buchanan,15- OUR LADY,President,,REP,Uncommitted,6
Buchanan,16- AGENCY,Registered Voters,,,,834
Buchanan,16- AGENCY,Ballots Cast,,DEM,,98
Buchanan,16- AGENCY,Ballots Cast,,REP,,90
Buchanan,16- AGENCY,President,,CON,Don Grundmann,1
Buchanan,16- AGENCY,President,,DEM,AMY KLOBUCHAR,0
Buchanan,16- AGENCY,President,,DEM,TOM STEYER,0
Buchanan,16- AGENCY,President,,DEM,TULSI GABBARD,0
Buchanan,16- AGENCY,President,,DEM,LEONARD J. STEINMAN II,0
Buchanan,16- AGENCY,President,,DEM,CORY BOOKER,0
Buchanan,16- AGENCY,President,,DEM,JOSEPH R. BIDEN,71
Buchanan,16- AGENCY,President,,DEM,ELIZABETH WARREN,3
Buchanan,16- AGENCY,President,,DEM,PETE BUTTIGIEG,1
Buchanan,16- AGENCY,President,,DEM,BERNIE SANDERS,21
Buchanan,16- AGENCY,President,,DEM,VELMA STEINMAN,0
Buchanan,16- AGENCY,President,,DEM,HENRY HEWES,0
Buchanan,16- AGENCY,President,,DEM,ANDREW YANG,1
Buchanan,16- AGENCY,President,,DEM,ROQUE DE LA FUENTE,0
Buchanan,16- AGENCY,President,,DEM,JOHN K. DELANEY,0
Buchanan,16- AGENCY,President,,DEM,JULIAN CASTRO,0
Buchanan,16- AGENCY,President,,DEM,DEVAL PATRICK,0
Buchanan,16- AGENCY,President,,DEM,MARIANNE WILLIAMSON,0
Buchanan,16- AGENCY,President,,DEM,MICHAEL BENNET,0
Buchanan,16- AGENCY,President,,DEM,MICHAEL R. BLOOMBERG,1
Buchanan,16- AGENCY,President,,DEM,STEVE BURKE,0
Buchanan,16- AGENCY,President,,DEM,ROBBY WELLS,0
Buchanan,16- AGENCY,President,,DEM,WILLIAM C. (BILL) HAAS,0
Buchanan,16- AGENCY,President,,DEM,Uncommitted,0
Buchanan,16- AGENCY,President,,REP,DONALD J TRUMP,90
Buchanan,16- AGENCY,President,,REP,BOB ELY,0
Buchanan,16- AGENCY,President,,REP,BILL WELD,0
Buchanan,16- AGENCY,President,,REP,JOE WALSH,0
Buchanan,16- AGENCY,President,,REP,MATTHEW JOHN MATERN,0
Buchanan,16- AGENCY,President,,REP,Uncommitted,0
Buchanan,17- DEKALB,Registered Voters,,,,671
Buchanan,17- DEKALB,Ballots Cast,,DEM,,63
Buchanan,17- DEKALB,Ballots Cast,,REP,,52
Buchanan,17- DEKALB,President,,DEM,AMY KLOBUCHAR,0
Buchanan,17- DEKALB,President,,DEM,TOM STEYER,0
Buchanan,17- DEKALB,President,,DEM,TULSI GABBARD,0
Buchanan,17- DEKALB,President,,DEM,LEONARD J. STEINMAN II,0
Buchanan,17- DEKALB,President,,DEM,CORY BOOKER,1
Buchanan,17- DEKALB,President,,DEM,JOSEPH R. BIDEN,34
Buchanan,17- DEKALB,President,,DEM,ELIZABETH WARREN,0
Buchanan,17- DEKALB,President,,DEM,PETE BUTTIGIEG,1
Buchanan,17- DEKALB,President,,DEM,BERNIE SANDERS,27
Buchanan,17- DEKALB,President,,DEM,VELMA STEINMAN,0
Buchanan,17- DEKALB,President,,DEM,HENRY HEWES,0
Buchanan,17- DEKALB,President,,DEM,ANDREW YANG,0
Buchanan,17- DEKALB,President,,DEM,ROQUE DE LA FUENTE,0
Buchanan,17- DEKALB,President,,DEM,JOHN K. DELANEY,0
Buchanan,17- DEKALB,President,,DEM,JULIAN CASTRO,0
Buchanan,17- DEKALB,President,,DEM,DEVAL PATRICK,0
Buchanan,17- DEKALB,President,,DEM,MARIANNE WILLIAMSON,0
Buchanan,17- DEKALB,President,,DEM,MICHAEL BENNET,0
Buchanan,17- DEKALB,President,,DEM,MICHAEL R. BLOOMBERG,0
Buchanan,17- DEKALB,President,,DEM,STEVE BURKE,0
Buchanan,17- DEKALB,President,,DEM,ROBBY WELLS,0
Buchanan,17- DEKALB,President,,DEM,WILLIAM C. (BILL) HAAS,0
Buchanan,17- DEKALB,President,,DEM,Uncommitted,0
Buchanan,17- DEKALB,President,,REP,DONALD J TRUMP,51
Buchanan,17- DEKALB,President,,REP,BOB ELY,0
Buchanan,17- DEKALB,President,,REP,BILL WELD,0
Buchanan,17- DEKALB,President,,REP,JOE WALSH,0
Buchanan,17- DEKALB,President,,REP,MATTHEW JOHN MATERN,0
Buchanan,17- DEKALB,President,,REP,Uncommitted,1
Buchanan,18-WILLOWBROOK,Registered Voters,,,,1312
Buchanan,18-WILLOWBROOK,Ballots Cast,,DEM,,126
Buchanan,18-WILLOWBROOK,Ballots Cast,,REP,,109
Buchanan,18-WILLOWBROOK,President,,LIB,uncommitted,1
Buchanan,18-WILLOWBROOK,President,,DEM,AMY KLOBUCHAR,0
Buchanan,18-WILLOWBROOK,President,,DEM,TOM STEYER,0
Buchanan,18-WILLOWBROOK,President,,DEM,TULSI GABBARD,3
Buchanan,18-WILLOWBROOK,President,,DEM,LEONARD J. STEINMAN ll,0
Buchanan,18-WILLOWBROOK,President,,DEM,CORY BOOKER,0
Buchanan,18-WILLOWBROOK,President,,DEM,JOSEPH R. BIDEN,72
Buchanan,18-WILLOWBROOK,President,,DEM,ELIZABETH WARREN,1
Buchanan,18-WILLOWBROOK,President,,DEM,PETE BUTTIGIEG,0
Buchanan,18-WILLOWBROOK,President,,DEM,BERNIE SANDERS,47
Buchanan,18-WILLOWBROOK,President,,DEM,VELMA STEINMAN,0
Buchanan,18-WILLOWBROOK,President,,DEM,HENRY HEWES,0
Buchanan,18-WILLOWBROOK,President,,DEM,ANDREW YANG,0
Buchanan,18-WILLOWBROOK,President,,DEM,ROQUE DE LA FUENTE,0
Buchanan,18-WILLOWBROOK,President,,DEM,JOHN K. DELANEY,0
Buchanan,18-WILLOWBROOK,President,,DEM,JULIAN CASTRO,0
Buchanan,18-WILLOWBROOK,President,,DEM,DEVAL PATRICK,0
Buchanan,18-WILLOWBROOK,President,,DEM,MARIANNE WILLIAMSON,0
Buchanan,18-WILLOWBROOK,President,,DEM,MICHAEL BENNET,0
Buchanan,18-WILLOWBROOK,President,,DEM,MICHAEL R. BLOOMBERG,2
Buchanan,18-WILLOWBROOK,President,,DEM,STEVE BURKE,0
Buchanan,18-WILLOWBROOK,President,,DEM,ROBBY WELLS,0
Buchanan,18-WILLOWBROOK,President,,DEM,WILLIAM C. (BILL) HAAS,0
Buchanan,18-WILLOWBROOK,President,,DEM,Uncommitted,1
Buchanan,18-WILLOWBROOK,President,,REP,DONALD J TRUMP,106
Buchanan,18-WILLOWBROOK,President,,REP,BOB ELY,1
Buchanan,18-WILLOWBROOK,President,,REP,BILL WELD,0
Buchanan,18-WILLOWBROOK,President,,REP,JOE WALSH,1
Buchanan,18-WILLOWBROOK,President,,REP,MATTHEW JOHN MATERN,0
Buchanan,18-WILLOWBROOK,President,,REP,Uncommitted,1
Buchanan,19- FAUCETT,Registered Voters,,,,1055
Buchanan,19- FAUCETT,Ballots Cast,,DEM,,122
Buchanan,19- FAUCETT,Ballots Cast,,REP,,83
Buchanan,19- FAUCETT,President,,DEM,AMY KLOBUCHAR,2
Buchanan,19- FAUCETT,President,,DEM,TOM STEYER,2
Buchanan,19- FAUCETT,President,,DEM,TULSI GABBARD,1
Buchanan,19- FAUCETT,President,,DEM,LEONARD J. STEINMAN II,0
Buchanan,19- FAUCETT,President,,DEM,CORY BOOKER,0
Buchanan,19- FAUCETT,President,,DEM,JOSEPH R. BIDEN,69
Buchanan,19- FAUCETT,President,,DEM,ELIZABETH WARREN,1
Buchanan,19- FAUCETT,President,,DEM,PETE BUTTIGIEG,0
Buchanan,19- FAUCETT,President,,DEM,BERNIE SANDERS,42
Buchanan,19- FAUCETT,President,,DEM,VELMA STEINMAN,0
Buchanan,19- FAUCETT,President,,DEM,HENRY HEWES,0
Buchanan,19- FAUCETT,President,,DEM,ANDREW YANG,2
Buchanan,19- FAUCETT,President,,DEM,ROQUE DE LA FUENTE,0
Buchanan,19- FAUCETT,President,,DEM,JOHN K. DELANEY,0
Buchanan,19- FAUCETT,President,,DEM,JULIAN CASTRO,0
Buchanan,19- FAUCETT,President,,DEM,DEVAL PATRICK,0
Buchanan,19- FAUCETT,President,,DEM,MARIANNE WILLIAMSON,0
Buchanan,19- FAUCETT,President,,DEM,MICHAEL BENNET,0
Buchanan,19- FAUCETT,President,,DEM,MICHAEL R. BLOOMBERG,2
Buchanan,19- FAUCETT,President,,DEM,STEVE BURKE,0
Buchanan,19- FAUCETT,President,,DEM,ROBBY WELLS,0
Buchanan,19- FAUCETT,President,,DEM,WILLIAM C. (BILL) HAAS,0
Buchanan,19- FAUCETT,President,,DEM,Uncommitted,1
Buchanan,19- FAUCETT,President,,REP,DONALD J TRUMP,83
Buchanan,19- FAUCETT,President,,REP,BOB ELY,0
Buchanan,19- FAUCETT,President,,REP,BILL WELD,0
Buchanan,19- FAUCETT,President,,REP,JOE WALSH,0
Buchanan,19- FAUCETT,President,,REP,MATTHEW JOHN MATERN,0
Buchanan,19- FAUCETT,President,,REP,Uncommitted,0
Buchanan,20- ST JOSEPH CATHOLIC,Registered Voters,,,,383
Buchanan,20- ST JOSEPH CATHOLIC,Ballots Cast,,DEM,,44
Buchanan,20- ST JOSEPH CATHOLIC,Ballots Cast,,REP,,28
Buchanan,20- ST JOSEPH CATHOLIC,President,,LIB,Jacob Hornberger,1
Buchanan,20- ST JOSEPH CATHOLIC,President,,DEM,AMY KLOBUCHAR,1
Buchanan,20- ST JOSEPH CATHOLIC,President,,DEM,TOM STEYER,1
Buchanan,20- ST JOSEPH CATHOLIC,President,,DEM,TULSI GABBARD,2
Buchanan,20- ST JOSEPH CATHOLIC,President,,DEM,LEONARD J. STEINMAN II,0
Buchanan,20- ST JOSEPH CATHOLIC,President,,DEM,CORY BOOKER,0
Buchanan,20- ST JOSEPH CATHOLIC,President,,DEM,JOSEPH R. BIDEN,78
Buchanan,20- ST JOSEPH CATHOLIC,President,,DEM,ELIZABETH WARREN,0
Buchanan,20- ST JOSEPH CATHOLIC,President,,DEM,PETE BUTTIG1EG,1
Buchanan,20- ST JOSEPH CATHOLIC,President,,DEM,BERNIE SANDERS,8
Buchanan,20- ST JOSEPH CATHOLIC,President,,DEM,VELMA STEINMAN,0
Buchanan,20- ST JOSEPH CATHOLIC,President,,DEM,HENRY HEWES,0
Buchanan,20- ST JOSEPH CATHOLIC,President,,DEM,ANDREW YANG,0
Buchanan,20- ST JOSEPH CATHOLIC,President,,DEM,ROQUE DE LA FUENTE,0
Buchanan,20- ST JOSEPH CATHOLIC,President,,DEM,JOHN K. DELANEY,0
Buchanan,20- ST JOSEPH CATHOLIC,President,,DEM,JULIAN CASTRO,0
Buchanan,20- ST JOSEPH CATHOLIC,President,,DEM,DEVAL PATRICK,0
Buchanan,20- ST JOSEPH CATHOLIC,President,,DEM,MARIANNE WILLIAMSON,0
Buchanan,20- ST JOSEPH CATHOLIC,President,,DEM,MICHAEL BENNET,0
Buchanan,20- ST JOSEPH CATHOLIC,President,,DEM,MICHAEL R. BLOOMBERG,0
Buchanan,20- ST JOSEPH CATHOLIC,President,,DEM,STEVE BURKE,0
Buchanan,20- ST JOSEPH CATHOLIC,President,,DEM,ROBBY WELLS,0
Buchanan,20- ST JOSEPH CATHOLIC,President,,DEM,WILLIAM C. (BILL) HAAS,0
Buchanan,20- ST JOSEPH CATHOLIC,President,,DEM,Uncommitted,0
Buchanan,20- ST JOSEPH CATHOLIC,President,,REP,DONALD J TRUMP,72
Buchanan,20- ST JOSEPH CATHOLIC,President,,REP,BOB ELY,0
Buchanan,20- ST JOSEPH CATHOLIC,President,,REP,BILL WELD,0
Buchanan,20- ST JOSEPH CATHOLIC,President,,REP,JOE WALSH,0
Buchanan,20- ST JOSEPH CATHOLIC,President,,REP,MATTHEW JOHN MATERN,0
Buchanan,20- ST JOSEPH CATHOLIC,President,,REP,Uncommitted,1
Buchanan,21- FRAZIER,Registered Voters,,,,889
Buchanan,21- FRAZIER,Ballots Cast,,DEM,,91
Buchanan,21- FRAZIER,Ballots Cast,,REP,,73
Buchanan,21- FRAZIER,President,,DEM,AMY KLOBUCHAR,1
Buchanan,21- FRAZIER,President,,DEM,TOM STEYER,1
Buchanan,21- FRAZIER,President,,DEM,TULSI GABBARD,2
Buchanan,21- FRAZIER,President,,DEM,LEONARD J. STEINMAN II,0
Buchanan,21- FRAZIER,President,,DEM,CORY BOOKER,0
Buchanan,21- FRAZIER,President,,DEM,JOSEPH R. BIDEN,78
Buchanan,21- FRAZIER,President,,DEM,ELIZABETH WARREN,0
Buchanan,21- FRAZIER,President,,DEM,PETE BUTTIGIEG,1
Buchanan,21- FRAZIER,President,,DEM,BERNIE SANDERS,8
Buchanan,21- FRAZIER,President,,DEM,VELMA STEINMAN,0
Buchanan,21- FRAZIER,President,,DEM,HENRY HEWES,0
Buchanan,21- FRAZIER,President,,DEM,ANDREW YANG,0
Buchanan,21- FRAZIER,President,,DEM,ROQUE DE LA FUENTE,0
Buchanan,21- FRAZIER,President,,DEM,JOHN K. DELANEY,0
Buchanan,21- FRAZIER,President,,DEM,JULIAN CASTRO,0
Buchanan,21- FRAZIER,President,,DEM,DEVAL PATRICK,0
Buchanan,21- FRAZIER,President,,DEM,MARIANNE WILLIAMSON,0
Buchanan,21- FRAZIER,President,,DEM,MICHAEL BENNET,0
Buchanan,21- FRAZIER,President,,DEM,MICHAEL R. BLOOMBERG,0
Buchanan,21- FRAZIER,President,,DEM,STEVE BURKE,0
Buchanan,21- FRAZIER,President,,DEM,ROBBY WELLS,0
Buchanan,21- FRAZIER,President,,DEM,WILLIAM C. (BILL) HAAS,0
Buchanan,21- FRAZIER,President,,DEM,Uncommitted,0
Buchanan,21- FRAZIER,President,,REP,DONALD J TRUMP,72
Buchanan,21- FRAZIER,President,,REP,BOB ELY,0
Buchanan,21- FRAZIER,President,,REP,BILL WELD,0
Buchanan,21- FRAZIER,President,,REP,JOE WALSH,0
Buchanan,21- FRAZIER,President,,REP,MATTHEW JOHN MATERN,0
Buchanan,21- FRAZIER,President,,REP,Uncommitted,1
Buchanan,22- RUSHVILLE,Registered Voters,,,,642
Buchanan,22- RUSHVILLE,Ballots Cast,,DEM,,65
Buchanan,22- RUSHVILLE,Ballots Cast,,REP,,58
Buchanan,22- RUSHVILLE,President,,DEM,AMY KLOBUCHAR,0
Buchanan,22- RUSHVILLE,President,,DEM,TOM STEYER,0
Buchanan,22- RUSHVILLE,President,,DEM,TULSI GABBARD,0
Buchanan,22- RUSHVILLE,President,,DEM,LEONARD J. STEINMAN II,0
Buchanan,22- RUSHVILLE,President,,DEM,CORY BOOKER,0
Buchanan,22- RUSHVILLE,President,,DEM,JOSEPH R. BIDEN,40
Buchanan,22- RUSHVILLE,President,,DEM,ELIZABETH WARREN,0
Buchanan,22- RUSHVILLE,President,,DEM,PETE BUTTIGIEG,0
Buchanan,22- RUSHVILLE,President,,DEM,BERNIE SANDERS,25
Buchanan,22- RUSHVILLE,President,,DEM,VELMA STEINMAN,0
Buchanan,22- RUSHVILLE,President,,DEM,HENRY HEWES,0
Buchanan,22- RUSHVILLE,President,,DEM,ANDREW YANG,0
Buchanan,22- RUSHVILLE,President,,DEM,ROQUE DE LA FUENTE,0
Buchanan,22- RUSHVILLE,President,,DEM,JOHN K. DELANEY,0
Buchanan,22- RUSHVILLE,President,,DEM,JULIAN CASTRO,0
Buchanan,22- RUSHVILLE,President,,DEM,DEVAL PATRICK,0
Buchanan,22- RUSHVILLE,President,,DEM,MARIANNE WILLIAMSON,0
Buchanan,22- RUSHVILLE,President,,DEM,MICHAEL BENNET,0
Buchanan,22- RUSHVILLE,President,,DEM,MICHAEL R. BLOOMBERG,0
Buchanan,22- RUSHVILLE,President,,DEM,STEVE BURKE,0
Buchanan,22- RUSHVILLE,President,,DEM,ROBBY WELLS,0
Buchanan,22- RUSHVILLE,President,,DEM,WILLIAM C. (BILL) HAAS,0
Buchanan,22- RUSHVILLE,President,,DEM,Uncommitted,0
Buchanan,22- RUSHVILLE,President,,REP,DONALD J TRUMP,57
Buchanan,22- RUSHVILLE,President,,REP,BOB ELY,0
Buchanan,22- RUSHVILLE,President,,REP,BILL WELD,0
Buchanan,22- RUSHVILLE,President,,REP,JOE WALSH,0
Buchanan,22- RUSHVILLE,President,,REP,MATTHEW JOHN MATERN,0
Buchanan,22- RUSHVILLE,President,,REP,Uncommitted,1
Buchanan,23- GRACE,Registered Voters,,,,1020
Buchanan,23- GRACE,Ballots Cast,,DEM,,132
Buchanan,23- GRACE,Ballots Cast,,REP,,99
Buchanan,23- GRACE,President,,DEM,AMY KLOBUCHAR,0
Buchanan,23- GRACE,President,,DEM,TOM STEYER,0
Buchanan,23- GRACE,President,,DEM,TULSI GABBARD,2
Buchanan,23- GRACE,President,,DEM,LEONARD J. STEINMAN II,0
Buchanan,23- GRACE,President,,DEM,CORY BOOKER,0
Buchanan,23- GRACE,President,,DEM,JOSEPH R. BIDEN,89
Buchanan,23- GRACE,President,,DEM,ELIZABETH WARREN,0
Buchanan,23- GRACE,President,,DEM,PETE BUTTIGIEG,1
Buchanan,23- GRACE,President,,DEM,BERNIE SANDERS,39
Buchanan,23- GRACE,President,,DEM,VELMA STEINMAN,0
Buchanan,23- GRACE,President,,DEM,HENRY HEWES,0
Buchanan,23- GRACE,President,,DEM,ANDREW YANG,0
Buchanan,23- GRACE,President,,DEM,ROQUE DE LA FUENTE,0
Buchanan,23- GRACE,President,,DEM,JOHN K. DELANEY,0
Buchanan,23- GRACE,President,,DEM,JULIAN CASTRO,0
Buchanan,23- GRACE,President,,DEM,DEVAL PATRICK,0
Buchanan,23- GRACE,President,,DEM,MARIANNE WILLIAMSON,0
Buchanan,23- GRACE,President,,DEM,MICHAEL BENNET,0
Buchanan,23- GRACE,President,,DEM,MICHAEL R. BLOOMBERG,1
Buchanan,23- GRACE,President,,DEM,STEVE BURKE,0
Buchanan,23- GRACE,President,,DEM,ROBBY WELLS,0
Buchanan,23- GRACE,President,,DEM,WILLIAM C. (BILL) HAAS,0
Buchanan,23- GRACE,President,,DEM,Uncommitted,0
Buchanan,23- GRACE,President,,REP,DONALD J TRUMP,96
Buchanan,23- GRACE,President,,REP,BOB ELY,0
Buchanan,23- GRACE,President,,REP,BILL WELD,1
Buchanan,23- GRACE,President,,REP,JOE WALSH,1
Buchanan,23- GRACE,President,,REP,MATTHEW JOHN MATERN,0
Buchanan,23- GRACE,President,,REP,Uncommitted,1
Buchanan,ABSENTEE,Ballots Cast,,DEM,,514
Buchanan,ABSENTEE,Ballots Cast,,REP,,335
Buchanan,ABSENTEE,President,,CON,uncommitted,2
Buchanan,ABSENTEE,President,,GRN,Howie Hawkins,1
Buchanan,ABSENTEE,President,,GRN,David Rolde,1
Buchanan,ABSENTEE,President,,LIB,uncommitted,2
Buchanan,ABSENTEE,President,,DEM,AMY KLOBUCHAR,16
Buchanan,ABSENTEE,President,,DEM,TOM STEYER,9
Buchanan,ABSENTEE,President,,DEM,TULSI GABBARD,2
Buchanan,ABSENTEE,President,,DEM,LEONARD J. STEINMAN II,1
Buchanan,ABSENTEE,President,,DEM,CORY BOOKER,1
Buchanan,ABSENTEE,President,,DEM,JOSEPH R. BIDEN,241
Buchanan,ABSENTEE,President,,DEM,ELIZABETH WARREN,40
Buchanan,ABSENTEE,President,,DEM,PETE BUTTIGIEG,39
Buchanan,ABSENTEE,President,,DEM,BERNIE SANDERS,64
Buchanan,ABSENTEE,President,,DEM,VELMA STEINMAN,2
Buchanan,ABSENTEE,President,,DEM,HENRY HEWES,0
Buchanan,ABSENTEE,President,,DEM,ANDREW YANG,4
Buchanan,ABSENTEE,President,,DEM,ROQUE DE LA FUENTE,0
Buchanan,ABSENTEE,President,,DEM,JOHN K. DELANEY,0
Buchanan,ABSENTEE,President,,DEM,JULIAN CASTRO,2
Buchanan,ABSENTEE,President,,DEM,DEVAL PATRICK,0
Buchanan,ABSENTEE,President,,DEM,MARIANNE WILLIAMSON,0
Buchanan,ABSENTEE,President,,DEM,MICHAEL BENNET,1
Buchanan,ABSENTEE,President,,DEM,MICHAEL R. BLOOMBERG,64
Buchanan,ABSENTEE,President,,DEM,STEVE BURKE,0
Buchanan,ABSENTEE,President,,DEM,ROBBY WELLS,1
Buchanan,ABSENTEE,President,,DEM,WILLIAM C. (BILL) HAAS,0
Buchanan,ABSENTEE,President,,DEM,Uncommitted,25
Buchanan,ABSENTEE,President,,REP,DONALD J TRUMP,304
Buchanan,ABSENTEE,President,,REP,BOB ELY,0
Buchanan,ABSENTEE,President,,REP,BILL WELD,2
Buchanan,ABSENTEE,President,,REP,JOE WALSH,3
Buchanan,ABSENTEE,President,,REP,MATTHEW JOHN MATERN,4
Buchanan,ABSENTEE,President,,REP,Uncommitted,22