county,precinct,office,district,party,candidate,votes
Butler,BROSELEY,GOVERNOR ,,REP,Raleigh Ritter,8
Butler,CANE CREEK/MOARK,GOVERNOR ,,REP,Raleigh Ritter,29
Butler,COON ISLAND,GOVERNOR ,,REP,Raleigh Ritter,2
Butler,FISK,GOVERNOR ,,REP,Raleigh Ritter,8
Butler,HENDRICKSON,GOVERNOR ,,REP,Raleigh Ritter,9
Butler,HILLVIEW,GOVERNOR ,,REP,Raleigh Ritter,22
Butler,KINYON,GOVERNOR ,,REP,Raleigh Ritter,20
Butler,LAKE ROAD,GOVERNOR ,,REP,Raleigh Ritter,15
Butler,NEELYVILLE,GOVERNOR ,,REP,Raleigh Ritter,7
Butler,OAK BRIER,GOVERNOR ,,REP,Raleigh Ritter,2
Butler,OAK GROVE,GOVERNOR ,,REP,Raleigh Ritter,26
Butler,POPLAR BLUFF WARD 1,GOVERNOR ,,REP,Raleigh Ritter,7
Butler,POPLAR BLUFF WARD 2,GOVERNOR ,,REP,Raleigh Ritter,11
Butler,POPLAR BLUFF WARD 3,GOVERNOR ,,REP,Raleigh Ritter,12
Butler,POPLAR BLUFF WARD 4,GOVERNOR ,,REP,Raleigh Ritter,22
Butler,POPLAR BLUFF WARD 5,GOVERNOR ,,REP,Raleigh Ritter,14
Butler,QULIN/OGLESVILLE/FAGUS,GOVERNOR ,,REP,Raleigh Ritter,15
Butler,ROMBAUER,GOVERNOR ,,REP,Raleigh Ritter,5
Butler,SALE BARN,GOVERNOR ,,REP,Raleigh Ritter,5
Butler,TWIN SPRINGS,GOVERNOR ,,REP,Raleigh Ritter,21
Butler,WALTON CHAPEL,GOVERNOR ,,REP,Raleigh Ritter,5
Butler,WAPPAPELLO,GOVERNOR ,,REP,Raleigh Ritter,16
Butler,FEDERAL,GOVERNOR ,,REP,Raleigh Ritter,0
Butler,CENTRAL POLLING LOCATION,GOVERNOR ,,REP,Raleigh Ritter,0
Butler,ABSENTEE,GOVERNOR ,,REP,Raleigh Ritter,20
Butler,BROSELEY,GOVERNOR ,,REP,Mike Parson,150
Butler,CANE CREEK/MOARK,GOVERNOR ,,REP,Mike Parson,590
Butler,COON ISLAND,GOVERNOR ,,REP,Mike Parson,48
Butler,FISK,GOVERNOR ,,REP,Mike Parson,127
Butler,HENDRICKSON,GOVERNOR ,,REP,Mike Parson,182
Butler,HILLVIEW,GOVERNOR ,,REP,Mike Parson,301
Butler,KINYON,GOVERNOR ,,REP,Mike Parson,330
Butler,LAKE ROAD,GOVERNOR ,,REP,Mike Parson,264
Butler,NEELYVILLE,GOVERNOR ,,REP,Mike Parson,81
Butler,OAK BRIER,GOVERNOR ,,REP,Mike Parson,89
Butler,OAK GROVE,GOVERNOR ,,REP,Mike Parson,439
Butler,POPLAR BLUFF WARD 1,GOVERNOR ,,REP,Mike Parson,185
Butler,POPLAR BLUFF WARD 2,GOVERNOR ,,REP,Mike Parson,310
Butler,POPLAR BLUFF WARD 3,GOVERNOR ,,REP,Mike Parson,115
Butler,POPLAR BLUFF WARD 4,GOVERNOR ,,REP,Mike Parson,470
Butler,POPLAR BLUFF WARD 5,GOVERNOR ,,REP,Mike Parson,163
Butler,QULIN/OGLESVILLE/FAGUS,GOVERNOR ,,REP,Mike Parson,204
Butler,ROMBAUER,GOVERNOR ,,REP,Mike Parson,32
Butler,SALE BARN,GOVERNOR ,,REP,Mike Parson,169
Butler,TWIN SPRINGS,GOVERNOR ,,REP,Mike Parson,454
Butler,WALTON CHAPEL,GOVERNOR ,,REP,Mike Parson,84
Butler,WAPPAPELLO,GOVERNOR ,,REP,Mike Parson,183
Butler,FEDERAL,GOVERNOR ,,REP,Mike Parson,1
Butler,CENTRAL POLLING LOCATION,GOVERNOR ,,REP,Mike Parson,2
Butler,ABSENTEE,GOVERNOR ,,REP,Mike Parson,322
Butler,BROSELEY,GOVERNOR ,,REP,James W. (Jim) Neely,24
Butler,CANE CREEK/MOARK,GOVERNOR ,,REP,James W. (Jim) Neely,78
Butler,COON ISLAND,GOVERNOR ,,REP,James W. (Jim) Neely,6
Butler,FISK,GOVERNOR ,,REP,James W. (Jim) Neely,24
Butler,HENDRICKSON,GOVERNOR ,,REP,James W. (Jim) Neely,16
Butler,HILLVIEW,GOVERNOR ,,REP,James W. (Jim) Neely,56
Butler,KINYON,GOVERNOR ,,REP,James W. (Jim) Neely,36
Butler,LAKE ROAD,GOVERNOR ,,REP,James W. (Jim) Neely,32
Butler,NEELYVILLE,GOVERNOR ,,REP,James W. (Jim) Neely,13
Butler,OAK BRIER,GOVERNOR ,,REP,James W. (Jim) Neely,15
Butler,OAK GROVE,GOVERNOR ,,REP,James W. (Jim) Neely,50
Butler,POPLAR BLUFF WARD 1,GOVERNOR ,,REP,James W. (Jim) Neely,34
Butler,POPLAR BLUFF WARD 2,GOVERNOR ,,REP,James W. (Jim) Neely,45
Butler,POPLAR BLUFF WARD 3,GOVERNOR ,,REP,James W. (Jim) Neely,13
Butler,POPLAR BLUFF WARD 4,GOVERNOR ,,REP,James W. (Jim) Neely,40
Butler,POPLAR BLUFF WARD 5,GOVERNOR ,,REP,James W. (Jim) Neely,20
Butler,QULIN/OGLESVILLE/FAGUS,GOVERNOR ,,REP,James W. (Jim) Neely,23
Butler,ROMBAUER,GOVERNOR ,,REP,James W. (Jim) Neely,3
Butler,SALE BARN,GOVERNOR ,,REP,James W. (Jim) Neely,21
Butler,TWIN SPRINGS,GOVERNOR ,,REP,James W. (Jim) Neely,63
Butler,WALTON CHAPEL,GOVERNOR ,,REP,James W. (Jim) Neely,6
Butler,WAPPAPELLO,GOVERNOR ,,REP,James W. (Jim) Neely,29
Butler,FEDERAL,GOVERNOR ,,REP,James W. (Jim) Neely,1
Butler,CENTRAL POLLING LOCATION,GOVERNOR ,,REP,James W. (Jim) Neely,0
Butler,ABSENTEE,GOVERNOR ,,REP,James W. (Jim) Neely,15
Butler,BROSELEY,GOVERNOR ,,REP,Saundra McDowell,33
Butler,CANE CREEK/MOARK,GOVERNOR ,,REP,Saundra McDowell,154
Butler,COON ISLAND,GOVERNOR ,,REP,Saundra McDowell,9
Butler,FISK,GOVERNOR ,,REP,Saundra McDowell,33
Butler,HENDRICKSON,GOVERNOR ,,REP,Saundra McDowell,47
Butler,HILLVIEW,GOVERNOR ,,REP,Saundra McDowell,93
Butler,KINYON,GOVERNOR ,,REP,Saundra McDowell,67
Butler,LAKE ROAD,GOVERNOR ,,REP,Saundra McDowell,55
Butler,NEELYVILLE,GOVERNOR ,,REP,Saundra McDowell,29
Butler,OAK BRIER,GOVERNOR ,,REP,Saundra McDowell,21
Butler,OAK GROVE,GOVERNOR ,,REP,Saundra McDowell,96
Butler,POPLAR BLUFF WARD 1,GOVERNOR ,,REP,Saundra McDowell,43
Butler,POPLAR BLUFF WARD 2,GOVERNOR ,,REP,Saundra McDowell,79
Butler,POPLAR BLUFF WARD 3,GOVERNOR ,,REP,Saundra McDowell,27
Butler,POPLAR BLUFF WARD 4,GOVERNOR ,,REP,Saundra McDowell,87
Butler,POPLAR BLUFF WARD 5,GOVERNOR ,,REP,Saundra McDowell,43
Butler,QULIN/OGLESVILLE/FAGUS,GOVERNOR ,,REP,Saundra McDowell,54
Butler,ROMBAUER,GOVERNOR ,,REP,Saundra McDowell,13
Butler,SALE BARN,GOVERNOR ,,REP,Saundra McDowell,41
Butler,TWIN SPRINGS,GOVERNOR ,,REP,Saundra McDowell,103
Butler,WALTON CHAPEL,GOVERNOR ,,REP,Saundra McDowell,22
Butler,WAPPAPELLO,GOVERNOR ,,REP,Saundra McDowell,35
Butler,FEDERAL,GOVERNOR ,,REP,Saundra McDowell,0
Butler,CENTRAL POLLING LOCATION,GOVERNOR ,,REP,Saundra McDowell,0
Butler,ABSENTEE,GOVERNOR ,,REP,Saundra McDowell,61
Butler,BROSELEY,GOVERNOR ,,DEM,Nicole Galloway,7
Butler,CANE CREEK/MOARK,GOVERNOR ,,DEM,Nicole Galloway,33
Butler,COON ISLAND,GOVERNOR ,,DEM,Nicole Galloway,2
Butler,FISK,GOVERNOR ,,DEM,Nicole Galloway,17
Butler,HENDRICKSON,GOVERNOR ,,DEM,Nicole Galloway,18
Butler,HILLVIEW,GOVERNOR ,,DEM,Nicole Galloway,16
Butler,KINYON,GOVERNOR ,,DEM,Nicole Galloway,26
Butler,LAKE ROAD,GOVERNOR ,,DEM,Nicole Galloway,19
Butler,NEELYVILLE,GOVERNOR ,,DEM,Nicole Galloway,5
Butler,OAK BRIER,GOVERNOR ,,DEM,Nicole Galloway,4
Butler,OAK GROVE,GOVERNOR ,,DEM,Nicole Galloway,41
Butler,POPLAR BLUFF WARD 1,GOVERNOR ,,DEM,Nicole Galloway,34
Butler,POPLAR BLUFF WARD 2,GOVERNOR ,,DEM,Nicole Galloway,42
Butler,POPLAR BLUFF WARD 3,GOVERNOR ,,DEM,Nicole Galloway,29
Butler,POPLAR BLUFF WARD 4,GOVERNOR ,,DEM,Nicole Galloway,67
Butler,POPLAR BLUFF WARD 5,GOVERNOR ,,DEM,Nicole Galloway,39
Butler,QULIN/OGLESVILLE/FAGUS,GOVERNOR ,,DEM,Nicole Galloway,5
Butler,ROMBAUER,GOVERNOR ,,DEM,Nicole Galloway,5
Butler,SALE BARN,GOVERNOR ,,DEM,Nicole Galloway,17
Butler,TWIN SPRINGS,GOVERNOR ,,DEM,Nicole Galloway,31
Butler,WALTON CHAPEL,GOVERNOR ,,DEM,Nicole Galloway,0
Butler,WAPPAPELLO,GOVERNOR ,,DEM,Nicole Galloway,14
Butler,FEDERAL,GOVERNOR ,,DEM,Nicole Galloway,0
Butler,CENTRAL POLLING LOCATION,GOVERNOR ,,DEM,Nicole Galloway,1
Butler,ABSENTEE,GOVERNOR ,,DEM,Nicole Galloway,92
Butler,BROSELEY,GOVERNOR ,,DEM,Jimmie Matthews,2
Butler,CANE CREEK/MOARK,GOVERNOR ,,DEM,Jimmie Matthews,3
Butler,COON ISLAND,GOVERNOR ,,DEM,Jimmie Matthews,0
Butler,FISK,GOVERNOR ,,DEM,Jimmie Matthews,4
Butler,HENDRICKSON,GOVERNOR ,,DEM,Jimmie Matthews,3
Butler,HILLVIEW,GOVERNOR ,,DEM,Jimmie Matthews,3
Butler,KINYON,GOVERNOR ,,DEM,Jimmie Matthews,3
Butler,LAKE ROAD,GOVERNOR ,,DEM,Jimmie Matthews,3
Butler,NEELYVILLE,GOVERNOR ,,DEM,Jimmie Matthews,2
Butler,OAK BRIER,GOVERNOR ,,DEM,Jimmie Matthews,0
Butler,OAK GROVE,GOVERNOR ,,DEM,Jimmie Matthews,3
Butler,POPLAR BLUFF WARD 1,GOVERNOR ,,DEM,Jimmie Matthews,2
Butler,POPLAR BLUFF WARD 2,GOVERNOR ,,DEM,Jimmie Matthews,3
Butler,POPLAR BLUFF WARD 3,GOVERNOR ,,DEM,Jimmie Matthews,7
Butler,POPLAR BLUFF WARD 4,GOVERNOR ,,DEM,Jimmie Matthews,9
Butler,POPLAR BLUFF WARD 5,GOVERNOR ,,DEM,Jimmie Matthews,4
Butler,QULIN/OGLESVILLE/FAGUS,GOVERNOR ,,DEM,Jimmie Matthews,1
Butler,ROMBAUER,GOVERNOR ,,DEM,Jimmie Matthews,0
Butler,SALE BARN,GOVERNOR ,,DEM,Jimmie Matthews,6
Butler,TWIN SPRINGS,GOVERNOR ,,DEM,Jimmie Matthews,5
Butler,WALTON CHAPEL,GOVERNOR ,,DEM,Jimmie Matthews,0
Butler,WAPPAPELLO,GOVERNOR ,,DEM,Jimmie Matthews,4
Butler,FEDERAL,GOVERNOR ,,DEM,Jimmie Matthews,0
Butler,CENTRAL POLLING LOCATION,GOVERNOR ,,DEM,Jimmie Matthews,0
Butler,ABSENTEE,GOVERNOR ,,DEM,Jimmie Matthews,13
Butler,BROSELEY,GOVERNOR ,,DEM,Antoin Johnson,1
Butler,CANE CREEK/MOARK,GOVERNOR ,,DEM,Antoin Johnson,5
Butler,COON ISLAND,GOVERNOR ,,DEM,Antoin Johnson,0
Butler,FISK,GOVERNOR ,,DEM,Antoin Johnson,1
Butler,HENDRICKSON,GOVERNOR ,,DEM,Antoin Johnson,3
Butler,HILLVIEW,GOVERNOR ,,DEM,Antoin Johnson,1
Butler,KINYON,GOVERNOR ,,DEM,Antoin Johnson,1
Butler,LAKE ROAD,GOVERNOR ,,DEM,Antoin Johnson,1
Butler,NEELYVILLE,GOVERNOR ,,DEM,Antoin Johnson,0
Butler,OAK BRIER,GOVERNOR ,,DEM,Antoin Johnson,1
Butler,OAK GROVE,GOVERNOR ,,DEM,Antoin Johnson,4
Butler,POPLAR BLUFF WARD 1,GOVERNOR ,,DEM,Antoin Johnson,4
Butler,POPLAR BLUFF WARD 2,GOVERNOR ,,DEM,Antoin Johnson,4
Butler,POPLAR BLUFF WARD 3,GOVERNOR ,,DEM,Antoin Johnson,6
Butler,POPLAR BLUFF WARD 4,GOVERNOR ,,DEM,Antoin Johnson,3
Butler,POPLAR BLUFF WARD 5,GOVERNOR ,,DEM,Antoin Johnson,4
Butler,QULIN/OGLESVILLE/FAGUS,GOVERNOR ,,DEM,Antoin Johnson,0
Butler,ROMBAUER,GOVERNOR ,,DEM,Antoin Johnson,0
Butler,SALE BARN,GOVERNOR ,,DEM,Antoin Johnson,0
Butler,TWIN SPRINGS,GOVERNOR ,,DEM,Antoin Johnson,3
Butler,WALTON CHAPEL,GOVERNOR ,,DEM,Antoin Johnson,0
Butler,WAPPAPELLO,GOVERNOR ,,DEM,Antoin Johnson,1
Butler,FEDERAL,GOVERNOR ,,DEM,Antoin Johnson,0
Butler,CENTRAL POLLING LOCATION,GOVERNOR ,,DEM,Antoin Johnson,1
Butler,ABSENTEE,GOVERNOR ,,DEM,Antoin Johnson,3
Butler,BROSELEY,GOVERNOR ,,DEM,Eric Morrison,1
Butler,CANE CREEK/MOARK,GOVERNOR ,,DEM,Eric Morrison,9
Butler,COON ISLAND,GOVERNOR ,,DEM,Eric Morrison,0
Butler,FISK,GOVERNOR ,,DEM,Eric Morrison,4
Butler,HENDRICKSON,GOVERNOR ,,DEM,Eric Morrison,4
Butler,HILLVIEW,GOVERNOR ,,DEM,Eric Morrison,1
Butler,KINYON,GOVERNOR ,,DEM,Eric Morrison,2
Butler,LAKE ROAD,GOVERNOR ,,DEM,Eric Morrison,4
Butler,NEELYVILLE,GOVERNOR ,,DEM,Eric Morrison,0
Butler,OAK BRIER,GOVERNOR ,,DEM,Eric Morrison,2
Butler,OAK GROVE,GOVERNOR ,,DEM,Eric Morrison,6
Butler,POPLAR BLUFF WARD 1,GOVERNOR ,,DEM,Eric Morrison,11
Butler,POPLAR BLUFF WARD 2,GOVERNOR ,,DEM,Eric Morrison,5
Butler,POPLAR BLUFF WARD 3,GOVERNOR ,,DEM,Eric Morrison,2
Butler,POPLAR BLUFF WARD 4,GOVERNOR ,,DEM,Eric Morrison,7
Butler,POPLAR BLUFF WARD 5,GOVERNOR ,,DEM,Eric Morrison,9
Butler,QULIN/OGLESVILLE/FAGUS,GOVERNOR ,,DEM,Eric Morrison,1
Butler,ROMBAUER,GOVERNOR ,,DEM,Eric Morrison,0
Butler,SALE BARN,GOVERNOR ,,DEM,Eric Morrison,4
Butler,TWIN SPRINGS,GOVERNOR ,,DEM,Eric Morrison,9
Butler,WALTON CHAPEL,GOVERNOR ,,DEM,Eric Morrison,0
Butler,WAPPAPELLO,GOVERNOR ,,DEM,Eric Morrison,1
Butler,FEDERAL,GOVERNOR ,,DEM,Eric Morrison,0
Butler,CENTRAL POLLING LOCATION,GOVERNOR ,,DEM,Eric Morrison,0
Butler,ABSENTEE,GOVERNOR ,,DEM,Eric Morrison,3
Butler,BROSELEY,GOVERNOR ,,DEM,Robin John Daniel Van Quaethem,1
Butler,CANE CREEK/MOARK,GOVERNOR ,,DEM,Robin John Daniel Van Quaethem,0
Butler,COON ISLAND,GOVERNOR ,,DEM,Robin John Daniel Van Quaethem,0
Butler,FISK,GOVERNOR ,,DEM,Robin John Daniel Van Quaethem,0
Butler,HENDRICKSON,GOVERNOR ,,DEM,Robin John Daniel Van Quaethem,0
Butler,HILLVIEW,GOVERNOR ,,DEM,Robin John Daniel Van Quaethem,0
Butler,KINYON,GOVERNOR ,,DEM,Robin John Daniel Van Quaethem,0
Butler,LAKE ROAD,GOVERNOR ,,DEM,Robin John Daniel Van Quaethem,2
Butler,NEELYVILLE,GOVERNOR ,,DEM,Robin John Daniel Van Quaethem,0
Butler,OAK BRIER,GOVERNOR ,,DEM,Robin John Daniel Van Quaethem,0
Butler,OAK GROVE,GOVERNOR ,,DEM,Robin John Daniel Van Quaethem,2
Butler,POPLAR BLUFF WARD 1,GOVERNOR ,,DEM,Robin John Daniel Van Quaethem,1
Butler,POPLAR BLUFF WARD 2,GOVERNOR ,,DEM,Robin John Daniel Van Quaethem,0
Butler,POPLAR BLUFF WARD 3,GOVERNOR ,,DEM,Robin John Daniel Van Quaethem,0
Butler,POPLAR BLUFF WARD 4,GOVERNOR ,,DEM,Robin John Daniel Van Quaethem,1
Butler,POPLAR BLUFF WARD 5,GOVERNOR ,,DEM,Robin John Daniel Van Quaethem,2
Butler,QULIN/OGLESVILLE/FAGUS,GOVERNOR ,,DEM,Robin John Daniel Van Quaethem,1
Butler,ROMBAUER,GOVERNOR ,,DEM,Robin John Daniel Van Quaethem,0
Butler,SALE BARN,GOVERNOR ,,DEM,Robin John Daniel Van Quaethem,4
Butler,TWIN SPRINGS,GOVERNOR ,,DEM,Robin John Daniel Van Quaethem,1
Butler,WALTON CHAPEL,GOVERNOR ,,DEM,Robin John Daniel Van Quaethem,0
Butler,WAPPAPELLO,GOVERNOR ,,DEM,Robin John Daniel Van Quaethem,1
Butler,FEDERAL,GOVERNOR ,,DEM,Robin John Daniel Van Quaethem,0
Butler,CENTRAL POLLING LOCATION,GOVERNOR ,,DEM,Robin John Daniel Van Quaethem,0
Butler,ABSENTEE,GOVERNOR ,,DEM,Robin John Daniel Van Quaethem,0
Butler,BROSELEY,GOVERNOR ,,LIB,Rik Combs,1
Butler,CANE CREEK/MOARK,GOVERNOR ,,LIB,Rik Combs,0
Butler,COON ISLAND,GOVERNOR ,,LIB,Rik Combs,0
Butler,FISK,GOVERNOR ,,LIB,Rik Combs,0
Butler,HENDRICKSON,GOVERNOR ,,LIB,Rik Combs,0
Butler,HILLVIEW,GOVERNOR ,,LIB,Rik Combs,0
Butler,KINYON,GOVERNOR ,,LIB,Rik Combs,2
Butler,LAKE ROAD,GOVERNOR ,,LIB,Rik Combs,0
Butler,NEELYVILLE,GOVERNOR ,,LIB,Rik Combs,0
Butler,OAK BRIER,GOVERNOR ,,LIB,Rik Combs,0
Butler,OAK GROVE,GOVERNOR ,,LIB,Rik Combs,1
Butler,POPLAR BLUFF WARD 1,GOVERNOR ,,LIB,Rik Combs,0
Butler,POPLAR BLUFF WARD 2,GOVERNOR ,,LIB,Rik Combs,0
Butler,POPLAR BLUFF WARD 3,GOVERNOR ,,LIB,Rik Combs,1
Butler,POPLAR BLUFF WARD 4,GOVERNOR ,,LIB,Rik Combs,0
Butler,POPLAR BLUFF WARD 5,GOVERNOR ,,LIB,Rik Combs,0
Butler,QULIN/OGLESVILLE/FAGUS,GOVERNOR ,,LIB,Rik Combs,0
Butler,ROMBAUER,GOVERNOR ,,LIB,Rik Combs,0
Butler,SALE BARN,GOVERNOR ,,LIB,Rik Combs,0
Butler,TWIN SPRINGS,GOVERNOR ,,LIB,Rik Combs,0
Butler,WALTON CHAPEL,GOVERNOR ,,LIB,Rik Combs,0
Butler,WAPPAPELLO,GOVERNOR ,,LIB,Rik Combs,0
Butler,FEDERAL,GOVERNOR ,,LIB,Rik Combs,0
Butler,CENTRAL POLLING LOCATION,GOVERNOR ,,LIB,Rik Combs,0
Butler,ABSENTEE,GOVERNOR ,,LIB,Rik Combs,0
Butler,BROSELEY,GOVERNOR ,,GRN,Jerome Howard Bauer,0
Butler,CANE CREEK/MOARK,GOVERNOR ,,GRN,Jerome Howard Bauer,0
Butler,COON ISLAND,GOVERNOR ,,GRN,Jerome Howard Bauer,0
Butler,FISK,GOVERNOR ,,GRN,Jerome Howard Bauer,0
Butler,HENDRICKSON,GOVERNOR ,,GRN,Jerome Howard Bauer,0
Butler,HILLVIEW,GOVERNOR ,,GRN,Jerome Howard Bauer,0
Butler,KINYON,GOVERNOR ,,GRN,Jerome Howard Bauer,0
Butler,LAKE ROAD,GOVERNOR ,,GRN,Jerome Howard Bauer,0
Butler,NEELYVILLE,GOVERNOR ,,GRN,Jerome Howard Bauer,0
Butler,OAK BRIER,GOVERNOR ,,GRN,Jerome Howard Bauer,0
Butler,OAK GROVE,GOVERNOR ,,GRN,Jerome Howard Bauer,0
Butler,POPLAR BLUFF WARD 1,GOVERNOR ,,GRN,Jerome Howard Bauer,0
Butler,POPLAR BLUFF WARD 2,GOVERNOR ,,GRN,Jerome Howard Bauer,0
Butler,POPLAR BLUFF WARD 3,GOVERNOR ,,GRN,Jerome Howard Bauer,0
Butler,POPLAR BLUFF WARD 4,GOVERNOR ,,GRN,Jerome Howard Bauer,0
Butler,POPLAR BLUFF WARD 5,GOVERNOR ,,GRN,Jerome Howard Bauer,0
Butler,QULIN/OGLESVILLE/FAGUS,GOVERNOR ,,GRN,Jerome Howard Bauer,0
Butler,ROMBAUER,GOVERNOR ,,GRN,Jerome Howard Bauer,0
Butler,SALE BARN,GOVERNOR ,,GRN,Jerome Howard Bauer,0
Butler,TWIN SPRINGS,GOVERNOR ,,GRN,Jerome Howard Bauer,0
Butler,WALTON CHAPEL,GOVERNOR ,,GRN,Jerome Howard Bauer,0
Butler,WAPPAPELLO,GOVERNOR ,,GRN,Jerome Howard Bauer,0
Butler,FEDERAL,GOVERNOR ,,GRN,Jerome Howard Bauer,0
Butler,CENTRAL POLLING LOCATION,GOVERNOR ,,GRN,Jerome Howard Bauer,0
Butler,ABSENTEE,GOVERNOR ,,GRN,Jerome Howard Bauer,0
Butler,BROSELEY,LIEUTENANT GOVERNOR ,,REP,Arnie C. AC Dienoff,13
Butler,CANE CREEK/MOARK,LIEUTENANT GOVERNOR ,,REP,Arnie C. AC Dienoff,57
Butler,COON ISLAND,LIEUTENANT GOVERNOR ,,REP,Arnie C. AC Dienoff,1
Butler,FISK,LIEUTENANT GOVERNOR ,,REP,Arnie C. AC Dienoff,15
Butler,HENDRICKSON,LIEUTENANT GOVERNOR ,,REP,Arnie C. AC Dienoff,8
Butler,HILLVIEW,LIEUTENANT GOVERNOR ,,REP,Arnie C. AC Dienoff,36
Butler,KINYON,LIEUTENANT GOVERNOR ,,REP,Arnie C. AC Dienoff,35
Butler,LAKE ROAD,LIEUTENANT GOVERNOR ,,REP,Arnie C. AC Dienoff,33
Butler,NEELYVILLE,LIEUTENANT GOVERNOR ,,REP,Arnie C. AC Dienoff,15
Butler,OAK BRIER,LIEUTENANT GOVERNOR ,,REP,Arnie C. AC Dienoff,13
Butler,OAK GROVE,LIEUTENANT GOVERNOR ,,REP,Arnie C. AC Dienoff,56
Butler,POPLAR BLUFF WARD 1,LIEUTENANT GOVERNOR ,,REP,Arnie C. AC Dienoff,18
Butler,POPLAR BLUFF WARD 2,LIEUTENANT GOVERNOR ,,REP,Arnie C. AC Dienoff,30
Butler,POPLAR BLUFF WARD 3,LIEUTENANT GOVERNOR ,,REP,Arnie C. AC Dienoff,10
Butler,POPLAR BLUFF WARD 4,LIEUTENANT GOVERNOR ,,REP,Arnie C. AC Dienoff,36
Butler,POPLAR BLUFF WARD 5,LIEUTENANT GOVERNOR ,,REP,Arnie C. AC Dienoff,16
Butler,QULIN/OGLESVILLE/FAGUS,LIEUTENANT GOVERNOR ,,REP,Arnie C. AC Dienoff,26
Butler,ROMBAUER,LIEUTENANT GOVERNOR ,,REP,Arnie C. AC Dienoff,4
Butler,SALE BARN,LIEUTENANT GOVERNOR ,,REP,Arnie C. AC Dienoff,24
Butler,TWIN SPRINGS,LIEUTENANT GOVERNOR ,,REP,Arnie C. AC Dienoff,35
Butler,WALTON CHAPEL,LIEUTENANT GOVERNOR ,,REP,Arnie C. AC Dienoff,12
Butler,WAPPAPELLO,LIEUTENANT GOVERNOR ,,REP,Arnie C. AC Dienoff,17
Butler,FEDERAL,LIEUTENANT GOVERNOR ,,REP,Arnie C. AC Dienoff,0
Butler,CENTRAL POLLING LOCATION,LIEUTENANT GOVERNOR ,,REP,Arnie C. AC Dienoff,0
Butler,ABSENTEE,LIEUTENANT GOVERNOR ,,REP,Arnie C. AC Dienoff,21
Butler,BROSELEY,LIEUTENANT GOVERNOR ,,REP,Mike Kehoe,63
Butler,CANE CREEK/MOARK,LIEUTENANT GOVERNOR ,,REP,Mike Kehoe,348
Butler,COON ISLAND,LIEUTENANT GOVERNOR ,,REP,Mike Kehoe,18
Butler,FISK,LIEUTENANT GOVERNOR ,,REP,Mike Kehoe,54
Butler,HENDRICKSON,LIEUTENANT GOVERNOR ,,REP,Mike Kehoe,114
Butler,HILLVIEW,LIEUTENANT GOVERNOR ,,REP,Mike Kehoe,156
Butler,KINYON,LIEUTENANT GOVERNOR ,,REP,Mike Kehoe,169
Butler,LAKE ROAD,LIEUTENANT GOVERNOR ,,REP,Mike Kehoe,133
Butler,NEELYVILLE,LIEUTENANT GOVERNOR ,,REP,Mike Kehoe,30
Butler,OAK BRIER,LIEUTENANT GOVERNOR ,,REP,Mike Kehoe,37
Butler,OAK GROVE,LIEUTENANT GOVERNOR ,,REP,Mike Kehoe,258
Butler,POPLAR BLUFF WARD 1,LIEUTENANT GOVERNOR ,,REP,Mike Kehoe,93
Butler,POPLAR BLUFF WARD 2,LIEUTENANT GOVERNOR ,,REP,Mike Kehoe,190
Butler,POPLAR BLUFF WARD 3,LIEUTENANT GOVERNOR ,,REP,Mike Kehoe,58
Butler,POPLAR BLUFF WARD 4,LIEUTENANT GOVERNOR ,,REP,Mike Kehoe,266
Butler,POPLAR BLUFF WARD 5,LIEUTENANT GOVERNOR ,,REP,Mike Kehoe,89
Butler,QULIN/OGLESVILLE/FAGUS,LIEUTENANT GOVERNOR ,,REP,Mike Kehoe,90
Butler,ROMBAUER,LIEUTENANT GOVERNOR ,,REP,Mike Kehoe,20
Butler,SALE BARN,LIEUTENANT GOVERNOR ,,REP,Mike Kehoe,78
Butler,TWIN SPRINGS,LIEUTENANT GOVERNOR ,,REP,Mike Kehoe,250
Butler,WALTON CHAPEL,LIEUTENANT GOVERNOR ,,REP,Mike Kehoe,49
Butler,WAPPAPELLO,LIEUTENANT GOVERNOR ,,REP,Mike Kehoe,97
Butler,FEDERAL,LIEUTENANT GOVERNOR ,,REP,Mike Kehoe,1
Butler,CENTRAL POLLING LOCATION,LIEUTENANT GOVERNOR ,,REP,Mike Kehoe,0
Butler,ABSENTEE,LIEUTENANT GOVERNOR ,,REP,Mike Kehoe,225
Butler,BROSELEY,LIEUTENANT GOVERNOR ,,REP,Aaron T Wisdom,27
Butler,CANE CREEK/MOARK,LIEUTENANT GOVERNOR ,,REP,Aaron T Wisdom,113
Butler,COON ISLAND,LIEUTENANT GOVERNOR ,,REP,Aaron T Wisdom,14
Butler,FISK,LIEUTENANT GOVERNOR ,,REP,Aaron T Wisdom,30
Butler,HENDRICKSON,LIEUTENANT GOVERNOR ,,REP,Aaron T Wisdom,27
Butler,HILLVIEW,LIEUTENANT GOVERNOR ,,REP,Aaron T Wisdom,79
Butler,KINYON,LIEUTENANT GOVERNOR ,,REP,Aaron T Wisdom,64
Butler,LAKE ROAD,LIEUTENANT GOVERNOR ,,REP,Aaron T Wisdom,52
Butler,NEELYVILLE,LIEUTENANT GOVERNOR ,,REP,Aaron T Wisdom,20
Butler,OAK BRIER,LIEUTENANT GOVERNOR ,,REP,Aaron T Wisdom,15
Butler,OAK GROVE,LIEUTENANT GOVERNOR ,,REP,Aaron T Wisdom,77
Butler,POPLAR BLUFF WARD 1,LIEUTENANT GOVERNOR ,,REP,Aaron T Wisdom,41
Butler,POPLAR BLUFF WARD 2,LIEUTENANT GOVERNOR ,,REP,Aaron T Wisdom,55
Butler,POPLAR BLUFF WARD 3,LIEUTENANT GOVERNOR ,,REP,Aaron T Wisdom,25
Butler,POPLAR BLUFF WARD 4,LIEUTENANT GOVERNOR ,,REP,Aaron T Wisdom,77
Butler,POPLAR BLUFF WARD 5,LIEUTENANT GOVERNOR ,,REP,Aaron T Wisdom,42
Butler,QULIN/OGLESVILLE/FAGUS,LIEUTENANT GOVERNOR ,,REP,Aaron T Wisdom,38
Butler,ROMBAUER,LIEUTENANT GOVERNOR ,,REP,Aaron T Wisdom,9
Butler,SALE BARN,LIEUTENANT GOVERNOR ,,REP,Aaron T Wisdom,37
Butler,TWIN SPRINGS,LIEUTENANT GOVERNOR ,,REP,Aaron T Wisdom,86
Butler,WALTON CHAPEL,LIEUTENANT GOVERNOR ,,REP,Aaron T Wisdom,7
Butler,WAPPAPELLO,LIEUTENANT GOVERNOR ,,REP,Aaron T Wisdom,34
Butler,FEDERAL,LIEUTENANT GOVERNOR ,,REP,Aaron T Wisdom,1
Butler,CENTRAL POLLING LOCATION,LIEUTENANT GOVERNOR ,,REP,Aaron T Wisdom,0
Butler,ABSENTEE,LIEUTENANT GOVERNOR ,,REP,Aaron T Wisdom,38
Butler,BROSELEY,LIEUTENANT GOVERNOR ,,REP,Mike Carter,82
Butler,CANE CREEK/MOARK,LIEUTENANT GOVERNOR ,,REP,Mike Carter,205
Butler,COON ISLAND,LIEUTENANT GOVERNOR ,,REP,Mike Carter,21
Butler,FISK,LIEUTENANT GOVERNOR ,,REP,Mike Carter,65
Butler,HENDRICKSON,LIEUTENANT GOVERNOR ,,REP,Mike Carter,66
Butler,HILLVIEW,LIEUTENANT GOVERNOR ,,REP,Mike Carter,149
Butler,KINYON,LIEUTENANT GOVERNOR ,,REP,Mike Carter,122
Butler,LAKE ROAD,LIEUTENANT GOVERNOR ,,REP,Mike Carter,90
Butler,NEELYVILLE,LIEUTENANT GOVERNOR ,,REP,Mike Carter,42
Butler,OAK BRIER,LIEUTENANT GOVERNOR ,,REP,Mike Carter,37
Butler,OAK GROVE,LIEUTENANT GOVERNOR ,,REP,Mike Carter,118
Butler,POPLAR BLUFF WARD 1,LIEUTENANT GOVERNOR ,,REP,Mike Carter,86
Butler,POPLAR BLUFF WARD 2,LIEUTENANT GOVERNOR ,,REP,Mike Carter,98
Butler,POPLAR BLUFF WARD 3,LIEUTENANT GOVERNOR ,,REP,Mike Carter,63
Butler,POPLAR BLUFF WARD 4,LIEUTENANT GOVERNOR ,,REP,Mike Carter,153
Butler,POPLAR BLUFF WARD 5,LIEUTENANT GOVERNOR ,,REP,Mike Carter,60
Butler,QULIN/OGLESVILLE/FAGUS,LIEUTENANT GOVERNOR ,,REP,Mike Carter,98
Butler,ROMBAUER,LIEUTENANT GOVERNOR ,,REP,Mike Carter,15
Butler,SALE BARN,LIEUTENANT GOVERNOR ,,REP,Mike Carter,61
Butler,TWIN SPRINGS,LIEUTENANT GOVERNOR ,,REP,Mike Carter,180
Butler,WALTON CHAPEL,LIEUTENANT GOVERNOR ,,REP,Mike Carter,39
Butler,WAPPAPELLO,LIEUTENANT GOVERNOR ,,REP,Mike Carter,92
Butler,FEDERAL,LIEUTENANT GOVERNOR ,,REP,Mike Carter,0
Butler,CENTRAL POLLING LOCATION,LIEUTENANT GOVERNOR ,,REP,Mike Carter,1
Butler,ABSENTEE,LIEUTENANT GOVERNOR ,,REP,Mike Carter,89
Butler,BROSELEY,LIEUTENANT GOVERNOR ,,DEM,Gregory A Upchurch,4
Butler,CANE CREEK/MOARK,LIEUTENANT GOVERNOR ,,DEM,Gregory A Upchurch,12
Butler,COON ISLAND,LIEUTENANT GOVERNOR ,,DEM,Gregory A Upchurch,0
Butler,FISK,LIEUTENANT GOVERNOR ,,DEM,Gregory A Upchurch,5
Butler,HENDRICKSON,LIEUTENANT GOVERNOR ,,DEM,Gregory A Upchurch,8
Butler,HILLVIEW,LIEUTENANT GOVERNOR ,,DEM,Gregory A Upchurch,5
Butler,KINYON,LIEUTENANT GOVERNOR ,,DEM,Gregory A Upchurch,8
Butler,LAKE ROAD,LIEUTENANT GOVERNOR ,,DEM,Gregory A Upchurch,9
Butler,NEELYVILLE,LIEUTENANT GOVERNOR ,,DEM,Gregory A Upchurch,1
Butler,OAK BRIER,LIEUTENANT GOVERNOR ,,DEM,Gregory A Upchurch,1
Butler,OAK GROVE,LIEUTENANT GOVERNOR ,,DEM,Gregory A Upchurch,15
Butler,POPLAR BLUFF WARD 1,LIEUTENANT GOVERNOR ,,DEM,Gregory A Upchurch,16
Butler,POPLAR BLUFF WARD 2,LIEUTENANT GOVERNOR ,,DEM,Gregory A Upchurch,17
Butler,POPLAR BLUFF WARD 3,LIEUTENANT GOVERNOR ,,DEM,Gregory A Upchurch,14
Butler,POPLAR BLUFF WARD 4,LIEUTENANT GOVERNOR ,,DEM,Gregory A Upchurch,20
Butler,POPLAR BLUFF WARD 5,LIEUTENANT GOVERNOR ,,DEM,Gregory A Upchurch,15
Butler,QULIN/OGLESVILLE/FAGUS,LIEUTENANT GOVERNOR ,,DEM,Gregory A Upchurch,4
Butler,ROMBAUER,LIEUTENANT GOVERNOR ,,DEM,Gregory A Upchurch,1
Butler,SALE BARN,LIEUTENANT GOVERNOR ,,DEM,Gregory A Upchurch,12
Butler,TWIN SPRINGS,LIEUTENANT GOVERNOR ,,DEM,Gregory A Upchurch,13
Butler,WALTON CHAPEL,LIEUTENANT GOVERNOR ,,DEM,Gregory A Upchurch,0
Butler,WAPPAPELLO,LIEUTENANT GOVERNOR ,,DEM,Gregory A Upchurch,7
Butler,FEDERAL,LIEUTENANT GOVERNOR ,,DEM,Gregory A Upchurch,0
Butler,CENTRAL POLLING LOCATION,LIEUTENANT GOVERNOR ,,DEM,Gregory A Upchurch,2
Butler,ABSENTEE,LIEUTENANT GOVERNOR ,,DEM,Gregory A Upchurch,35
Butler,BROSELEY,LIEUTENANT GOVERNOR ,,DEM,Alissia Canady,8
Butler,CANE CREEK/MOARK,LIEUTENANT GOVERNOR ,,DEM,Alissia Canady,39
Butler,COON ISLAND,LIEUTENANT GOVERNOR ,,DEM,Alissia Canady,2
Butler,FISK,LIEUTENANT GOVERNOR ,,DEM,Alissia Canady,2
Butler,HENDRICKSON,LIEUTENANT GOVERNOR ,,DEM,Alissia Canady,20
Butler,HILLVIEW,LIEUTENANT GOVERNOR ,,DEM,Alissia Canady,15
Butler,KINYON,LIEUTENANT GOVERNOR ,,DEM,Alissia Canady,24
Butler,LAKE ROAD,LIEUTENANT GOVERNOR ,,DEM,Alissia Canady,20
Butler,NEELYVILLE,LIEUTENANT GOVERNOR ,,DEM,Alissia Canady,6
Butler,OAK BRIER,LIEUTENANT GOVERNOR ,,DEM,Alissia Canady,6
Butler,OAK GROVE,LIEUTENANT GOVERNOR ,,DEM,Alissia Canady,40
Butler,POPLAR BLUFF WARD 1,LIEUTENANT GOVERNOR ,,DEM,Alissia Canady,37
Butler,POPLAR BLUFF WARD 2,LIEUTENANT GOVERNOR ,,DEM,Alissia Canady,35
Butler,POPLAR BLUFF WARD 3,LIEUTENANT GOVERNOR ,,DEM,Alissia Canady,28
Butler,POPLAR BLUFF WARD 4,LIEUTENANT GOVERNOR ,,DEM,Alissia Canady,66
Butler,POPLAR BLUFF WARD 5,LIEUTENANT GOVERNOR ,,DEM,Alissia Canady,42
Butler,QULIN/OGLESVILLE/FAGUS,LIEUTENANT GOVERNOR ,,DEM,Alissia Canady,4
Butler,ROMBAUER,LIEUTENANT GOVERNOR ,,DEM,Alissia Canady,4
Butler,SALE BARN,LIEUTENANT GOVERNOR ,,DEM,Alissia Canady,19
Butler,TWIN SPRINGS,LIEUTENANT GOVERNOR ,,DEM,Alissia Canady,35
Butler,WALTON CHAPEL,LIEUTENANT GOVERNOR ,,DEM,Alissia Canady,0
Butler,WAPPAPELLO,LIEUTENANT GOVERNOR ,,DEM,Alissia Canady,12
Butler,FEDERAL,LIEUTENANT GOVERNOR ,,DEM,Alissia Canady,0
Butler,CENTRAL POLLING LOCATION,LIEUTENANT GOVERNOR ,,DEM,Alissia Canady,0
Butler,ABSENTEE,LIEUTENANT GOVERNOR ,,DEM,Alissia Canady,73
Butler,BROSELEY,LIEUTENANT GOVERNOR ,,LIB,Bill Slantz,1
Butler,CANE CREEK/MOARK,LIEUTENANT GOVERNOR ,,LIB,Bill Slantz,0
Butler,COON ISLAND,LIEUTENANT GOVERNOR ,,LIB,Bill Slantz,0
Butler,FISK,LIEUTENANT GOVERNOR ,,LIB,Bill Slantz,0
Butler,HENDRICKSON,LIEUTENANT GOVERNOR ,,LIB,Bill Slantz,0
Butler,HILLVIEW,LIEUTENANT GOVERNOR ,,LIB,Bill Slantz,0
Butler,KINYON,LIEUTENANT GOVERNOR ,,LIB,Bill Slantz,2
Butler,LAKE ROAD,LIEUTENANT GOVERNOR ,,LIB,Bill Slantz,0
Butler,NEELYVILLE,LIEUTENANT GOVERNOR ,,LIB,Bill Slantz,0
Butler,OAK BRIER,LIEUTENANT GOVERNOR ,,LIB,Bill Slantz,0
Butler,OAK GROVE,LIEUTENANT GOVERNOR ,,LIB,Bill Slantz,1
Butler,POPLAR BLUFF WARD 1,LIEUTENANT GOVERNOR ,,LIB,Bill Slantz,0
Butler,POPLAR BLUFF WARD 2,LIEUTENANT GOVERNOR ,,LIB,Bill Slantz,0
Butler,POPLAR BLUFF WARD 3,LIEUTENANT GOVERNOR ,,LIB,Bill Slantz,1
Butler,POPLAR BLUFF WARD 4,LIEUTENANT GOVERNOR ,,LIB,Bill Slantz,0
Butler,POPLAR BLUFF WARD 5,LIEUTENANT GOVERNOR ,,LIB,Bill Slantz,0
Butler,QULIN/OGLESVILLE/FAGUS,LIEUTENANT GOVERNOR ,,LIB,Bill Slantz,0
Butler,ROMBAUER,LIEUTENANT GOVERNOR ,,LIB,Bill Slantz,0
Butler,SALE BARN,LIEUTENANT GOVERNOR ,,LIB,Bill Slantz,0
Butler,TWIN SPRINGS,LIEUTENANT GOVERNOR ,,LIB,Bill Slantz,0
Butler,WALTON CHAPEL,LIEUTENANT GOVERNOR ,,LIB,Bill Slantz,0
Butler,WAPPAPELLO,LIEUTENANT GOVERNOR ,,LIB,Bill Slantz,0
Butler,FEDERAL,LIEUTENANT GOVERNOR ,,LIB,Bill Slantz,0
Butler,CENTRAL POLLING LOCATION,LIEUTENANT GOVERNOR ,,LIB,Bill Slantz,0
Butler,ABSENTEE,LIEUTENANT GOVERNOR ,,LIB,Bill Slantz,0
Butler,BROSELEY,LIEUTENANT GOVERNOR ,,GRN,Kelley Dragoo,0
Butler,CANE CREEK/MOARK,LIEUTENANT GOVERNOR ,,GRN,Kelley Dragoo,0
Butler,COON ISLAND,LIEUTENANT GOVERNOR ,,GRN,Kelley Dragoo,0
Butler,FISK,LIEUTENANT GOVERNOR ,,GRN,Kelley Dragoo,0
Butler,HENDRICKSON,LIEUTENANT GOVERNOR ,,GRN,Kelley Dragoo,0
Butler,HILLVIEW,LIEUTENANT GOVERNOR ,,GRN,Kelley Dragoo,0
Butler,KINYON,LIEUTENANT GOVERNOR ,,GRN,Kelley Dragoo,0
Butler,LAKE ROAD,LIEUTENANT GOVERNOR ,,GRN,Kelley Dragoo,0
Butler,NEELYVILLE,LIEUTENANT GOVERNOR ,,GRN,Kelley Dragoo,0
Butler,OAK BRIER,LIEUTENANT GOVERNOR ,,GRN,Kelley Dragoo,0
Butler,OAK GROVE,LIEUTENANT GOVERNOR ,,GRN,Kelley Dragoo,0
Butler,POPLAR BLUFF WARD 1,LIEUTENANT GOVERNOR ,,GRN,Kelley Dragoo,0
Butler,POPLAR BLUFF WARD 2,LIEUTENANT GOVERNOR ,,GRN,Kelley Dragoo,0
Butler,POPLAR BLUFF WARD 3,LIEUTENANT GOVERNOR ,,GRN,Kelley Dragoo,0
Butler,POPLAR BLUFF WARD 4,LIEUTENANT GOVERNOR ,,GRN,Kelley Dragoo,0
Butler,POPLAR BLUFF WARD 5,LIEUTENANT GOVERNOR ,,GRN,Kelley Dragoo,0
Butler,QULIN/OGLESVILLE/FAGUS,LIEUTENANT GOVERNOR ,,GRN,Kelley Dragoo,0
Butler,ROMBAUER,LIEUTENANT GOVERNOR ,,GRN,Kelley Dragoo,0
Butler,SALE BARN,LIEUTENANT GOVERNOR ,,GRN,Kelley Dragoo,0
Butler,TWIN SPRINGS,LIEUTENANT GOVERNOR ,,GRN,Kelley Dragoo,0
Butler,WALTON CHAPEL,LIEUTENANT GOVERNOR ,,GRN,Kelley Dragoo,0
Butler,WAPPAPELLO,LIEUTENANT GOVERNOR ,,GRN,Kelley Dragoo,0
Butler,FEDERAL,LIEUTENANT GOVERNOR ,,GRN,Kelley Dragoo,0
Butler,CENTRAL POLLING LOCATION,LIEUTENANT GOVERNOR ,,GRN,Kelley Dragoo,0
Butler,ABSENTEE,LIEUTENANT GOVERNOR ,,GRN,Kelley Dragoo,0
Butler,BROSELEY,SECRETARY OF STATE ,,REP,John R. (Jay) Ashcroft,191
Butler,CANE CREEK/MOARK,SECRETARY OF STATE ,,REP,John R. (Jay) Ashcroft,791
Butler,COON ISLAND,SECRETARY OF STATE ,,REP,John R. (Jay) Ashcroft,64
Butler,FISK,SECRETARY OF STATE ,,REP,John R. (Jay) Ashcroft,176
Butler,HENDRICKSON,SECRETARY OF STATE ,,REP,John R. (Jay) Ashcroft,239
Butler,HILLVIEW,SECRETARY OF STATE ,,REP,John R. (Jay) Ashcroft,441
Butler,KINYON,SECRETARY OF STATE ,,REP,John R. (Jay) Ashcroft,431
Butler,LAKE ROAD,SECRETARY OF STATE ,,REP,John R. (Jay) Ashcroft,340
Butler,NEELYVILLE,SECRETARY OF STATE ,,REP,John R. (Jay) Ashcroft,112
Butler,OAK BRIER,SECRETARY OF STATE ,,REP,John R. (Jay) Ashcroft,119
Butler,OAK GROVE,SECRETARY OF STATE ,,REP,John R. (Jay) Ashcroft,569
Butler,POPLAR BLUFF WARD 1,SECRETARY OF STATE ,,REP,John R. (Jay) Ashcroft,249
Butler,POPLAR BLUFF WARD 2,SECRETARY OF STATE ,,REP,John R. (Jay) Ashcroft,409
Butler,POPLAR BLUFF WARD 3,SECRETARY OF STATE ,,REP,John R. (Jay) Ashcroft,151
Butler,POPLAR BLUFF WARD 4,SECRETARY OF STATE ,,REP,John R. (Jay) Ashcroft,569
Butler,POPLAR BLUFF WARD 5,SECRETARY OF STATE ,,REP,John R. (Jay) Ashcroft,224
Butler,QULIN/OGLESVILLE/FAGUS,SECRETARY OF STATE ,,REP,John R. (Jay) Ashcroft,276
Butler,ROMBAUER,SECRETARY OF STATE ,,REP,John R. (Jay) Ashcroft,48
Butler,SALE BARN,SECRETARY OF STATE ,,REP,John R. (Jay) Ashcroft,225
Butler,TWIN SPRINGS,SECRETARY OF STATE ,,REP,John R. (Jay) Ashcroft,597
Butler,WALTON CHAPEL,SECRETARY OF STATE ,,REP,John R. (Jay) Ashcroft,112
Butler,WAPPAPELLO,SECRETARY OF STATE ,,REP,John R. (Jay) Ashcroft,245
Butler,FEDERAL,SECRETARY OF STATE ,,REP,John R. (Jay) Ashcroft,1
Butler,CENTRAL POLLING LOCATION,SECRETARY OF STATE ,,REP,John R. (Jay) Ashcroft,1
Butler,ABSENTEE,SECRETARY OF STATE ,,REP,John R. (Jay) Ashcroft,394
Butler,BROSELEY,SECRETARY OF STATE ,,DEM,Yinka Faleti,11
Butler,CANE CREEK/MOARK,SECRETARY OF STATE ,,DEM,Yinka Faleti,48
Butler,COON ISLAND,SECRETARY OF STATE ,,DEM,Yinka Faleti,2
Butler,FISK,SECRETARY OF STATE ,,DEM,Yinka Faleti,21
Butler,HENDRICKSON,SECRETARY OF STATE ,,DEM,Yinka Faleti,28
Butler,HILLVIEW,SECRETARY OF STATE ,,DEM,Yinka Faleti,19
Butler,KINYON,SECRETARY OF STATE ,,DEM,Yinka Faleti,31
Butler,LAKE ROAD,SECRETARY OF STATE ,,DEM,Yinka Faleti,26
Butler,NEELYVILLE,SECRETARY OF STATE ,,DEM,Yinka Faleti,7
Butler,OAK BRIER,SECRETARY OF STATE ,,DEM,Yinka Faleti,7
Butler,OAK GROVE,SECRETARY OF STATE ,,DEM,Yinka Faleti,52
Butler,POPLAR BLUFF WARD 1,SECRETARY OF STATE ,,DEM,Yinka Faleti,48
Butler,POPLAR BLUFF WARD 2,SECRETARY OF STATE ,,DEM,Yinka Faleti,49
Butler,POPLAR BLUFF WARD 3,SECRETARY OF STATE ,,DEM,Yinka Faleti,43
Butler,POPLAR BLUFF WARD 4,SECRETARY OF STATE ,,DEM,Yinka Faleti,80
Butler,POPLAR BLUFF WARD 5,SECRETARY OF STATE ,,DEM,Yinka Faleti,49
Butler,QULIN/OGLESVILLE/FAGUS,SECRETARY OF STATE ,,DEM,Yinka Faleti,8
Butler,ROMBAUER,SECRETARY OF STATE ,,DEM,Yinka Faleti,4
Butler,SALE BARN,SECRETARY OF STATE ,,DEM,Yinka Faleti,28
Butler,TWIN SPRINGS,SECRETARY OF STATE ,,DEM,Yinka Faleti,47
Butler,WALTON CHAPEL,SECRETARY OF STATE ,,DEM,Yinka Faleti,0
Butler,WAPPAPELLO,SECRETARY OF STATE ,,DEM,Yinka Faleti,19
Butler,FEDERAL,SECRETARY OF STATE ,,DEM,Yinka Faleti,0
Butler,CENTRAL POLLING LOCATION,SECRETARY OF STATE ,,DEM,Yinka Faleti,2
Butler,ABSENTEE,SECRETARY OF STATE ,,DEM,Yinka Faleti,100
Butler,BROSELEY,SECRETARY OF STATE ,,LIB,Carl Herman Freese,1
Butler,CANE CREEK/MOARK,SECRETARY OF STATE ,,LIB,Carl Herman Freese,0
Butler,COON ISLAND,SECRETARY OF STATE ,,LIB,Carl Herman Freese,0
Butler,FISK,SECRETARY OF STATE ,,LIB,Carl Herman Freese,0
Butler,HENDRICKSON,SECRETARY OF STATE ,,LIB,Carl Herman Freese,0
Butler,HILLVIEW,SECRETARY OF STATE ,,LIB,Carl Herman Freese,0
Butler,KINYON,SECRETARY OF STATE ,,LIB,Carl Herman Freese,2
Butler,LAKE ROAD,SECRETARY OF STATE ,,LIB,Carl Herman Freese,0
Butler,NEELYVILLE,SECRETARY OF STATE ,,LIB,Carl Herman Freese,0
Butler,OAK BRIER,SECRETARY OF STATE ,,LIB,Carl Herman Freese,0
Butler,OAK GROVE,SECRETARY OF STATE ,,LIB,Carl Herman Freese,1
Butler,POPLAR BLUFF WARD 1,SECRETARY OF STATE ,,LIB,Carl Herman Freese,0
Butler,POPLAR BLUFF WARD 2,SECRETARY OF STATE ,,LIB,Carl Herman Freese,0
Butler,POPLAR BLUFF WARD 3,SECRETARY OF STATE ,,LIB,Carl Herman Freese,1
Butler,POPLAR BLUFF WARD 4,SECRETARY OF STATE ,,LIB,Carl Herman Freese,0
Butler,POPLAR BLUFF WARD 5,SECRETARY OF STATE ,,LIB,Carl Herman Freese,0
Butler,QULIN/OGLESVILLE/FAGUS,SECRETARY OF STATE ,,LIB,Carl Herman Freese,0
Butler,ROMBAUER,SECRETARY OF STATE ,,LIB,Carl Herman Freese,0
Butler,SALE BARN,SECRETARY OF STATE ,,LIB,Carl Herman Freese,0
Butler,TWIN SPRINGS,SECRETARY OF STATE ,,LIB,Carl Herman Freese,0
Butler,WALTON CHAPEL,SECRETARY OF STATE ,,LIB,Carl Herman Freese,0
Butler,WAPPAPELLO,SECRETARY OF STATE ,,LIB,Carl Herman Freese,0
Butler,FEDERAL,SECRETARY OF STATE ,,LIB,Carl Herman Freese,0
Butler,CENTRAL POLLING LOCATION,SECRETARY OF STATE ,,LIB,Carl Herman Freese,0
Butler,ABSENTEE,SECRETARY OF STATE ,,LIB,Carl Herman Freese,0
Butler,BROSELEY,SECRETARY OF STATE ,,GRN,Paul Lehmann,0
Butler,CANE CREEK/MOARK,SECRETARY OF STATE ,,GRN,Paul Lehmann,0
Butler,COON ISLAND,SECRETARY OF STATE ,,GRN,Paul Lehmann,0
Butler,FISK,SECRETARY OF STATE ,,GRN,Paul Lehmann,0
Butler,HENDRICKSON,SECRETARY OF STATE ,,GRN,Paul Lehmann,0
Butler,HILLVIEW,SECRETARY OF STATE ,,GRN,Paul Lehmann,0
Butler,KINYON,SECRETARY OF STATE ,,GRN,Paul Lehmann,0
Butler,LAKE ROAD,SECRETARY OF STATE ,,GRN,Paul Lehmann,0
Butler,NEELYVILLE,SECRETARY OF STATE ,,GRN,Paul Lehmann,0
Butler,OAK BRIER,SECRETARY OF STATE ,,GRN,Paul Lehmann,0
Butler,OAK GROVE,SECRETARY OF STATE ,,GRN,Paul Lehmann,0
Butler,POPLAR BLUFF WARD 1,SECRETARY OF STATE ,,GRN,Paul Lehmann,0
Butler,POPLAR BLUFF WARD 2,SECRETARY OF STATE ,,GRN,Paul Lehmann,0
Butler,POPLAR BLUFF WARD 3,SECRETARY OF STATE ,,GRN,Paul Lehmann,0
Butler,POPLAR BLUFF WARD 4,SECRETARY OF STATE ,,GRN,Paul Lehmann,0
Butler,POPLAR BLUFF WARD 5,SECRETARY OF STATE ,,GRN,Paul Lehmann,0
Butler,QULIN/OGLESVILLE/FAGUS,SECRETARY OF STATE ,,GRN,Paul Lehmann,0
Butler,ROMBAUER,SECRETARY OF STATE ,,GRN,Paul Lehmann,0
Butler,SALE BARN,SECRETARY OF STATE ,,GRN,Paul Lehmann,0
Butler,TWIN SPRINGS,SECRETARY OF STATE ,,GRN,Paul Lehmann,0
Butler,WALTON CHAPEL,SECRETARY OF STATE ,,GRN,Paul Lehmann,0
Butler,WAPPAPELLO,SECRETARY OF STATE ,,GRN,Paul Lehmann,0
Butler,FEDERAL,SECRETARY OF STATE ,,GRN,Paul Lehmann,0
Butler,CENTRAL POLLING LOCATION,SECRETARY OF STATE ,,GRN,Paul Lehmann,0
Butler,ABSENTEE,SECRETARY OF STATE ,,GRN,Paul Lehmann,0
Butler,BROSELEY,SECRETARY OF STATE ,,CST,Paul Venable,0
Butler,CANE CREEK/MOARK,SECRETARY OF STATE ,,CST,Paul Venable,0
Butler,COON ISLAND,SECRETARY OF STATE ,,CST,Paul Venable,0
Butler,FISK,SECRETARY OF STATE ,,CST,Paul Venable,1
Butler,HENDRICKSON,SECRETARY OF STATE ,,CST,Paul Venable,0
Butler,HILLVIEW,SECRETARY OF STATE ,,CST,Paul Venable,0
Butler,KINYON,SECRETARY OF STATE ,,CST,Paul Venable,0
Butler,LAKE ROAD,SECRETARY OF STATE ,,CST,Paul Venable,0
Butler,NEELYVILLE,SECRETARY OF STATE ,,CST,Paul Venable,0
Butler,OAK BRIER,SECRETARY OF STATE ,,CST,Paul Venable,0
Butler,OAK GROVE,SECRETARY OF STATE ,,CST,Paul Venable,0
Butler,POPLAR BLUFF WARD 1,SECRETARY OF STATE ,,CST,Paul Venable,0
Butler,POPLAR BLUFF WARD 2,SECRETARY OF STATE ,,CST,Paul Venable,0
Butler,POPLAR BLUFF WARD 3,SECRETARY OF STATE ,,CST,Paul Venable,0
Butler,POPLAR BLUFF WARD 4,SECRETARY OF STATE ,,CST,Paul Venable,0
Butler,POPLAR BLUFF WARD 5,SECRETARY OF STATE ,,CST,Paul Venable,0
Butler,QULIN/OGLESVILLE/FAGUS,SECRETARY OF STATE ,,CST,Paul Venable,0
Butler,ROMBAUER,SECRETARY OF STATE ,,CST,Paul Venable,0
Butler,SALE BARN,SECRETARY OF STATE ,,CST,Paul Venable,0
Butler,TWIN SPRINGS,SECRETARY OF STATE ,,CST,Paul Venable,0
Butler,WALTON CHAPEL,SECRETARY OF STATE ,,CST,Paul Venable,1
Butler,WAPPAPELLO,SECRETARY OF STATE ,,CST,Paul Venable,0
Butler,FEDERAL,SECRETARY OF STATE ,,CST,Paul Venable,0
Butler,CENTRAL POLLING LOCATION,SECRETARY OF STATE ,,CST,Paul Venable,0
Butler,ABSENTEE,SECRETARY OF STATE ,,CST,Paul Venable,0
Butler,BROSELEY,STATE TREASURER ,,REP,Scott Fitzpatrick,177
Butler,CANE CREEK/MOARK,STATE TREASURER ,,REP,Scott Fitzpatrick,476
Butler,COON ISLAND,STATE TREASURER ,,REP,Scott Fitzpatrick,60
Butler,FISK,STATE TREASURER ,,REP,Scott Fitzpatrick,166
Butler,HENDRICKSON,STATE TREASURER ,,REP,Scott Fitzpatrick,222
Butler,HILLVIEW,STATE TREASURER ,,REP,Scott Fitzpatrick,416
Butler,KINYON,STATE TREASURER ,,REP,Scott Fitzpatrick,405
Butler,LAKE ROAD,STATE TREASURER ,,REP,Scott Fitzpatrick,322
Butler,NEELYVILLE,STATE TREASURER ,,REP,Scott Fitzpatrick,109
Butler,OAK BRIER,STATE TREASURER ,,REP,Scott Fitzpatrick,112
Butler,OAK GROVE,STATE TREASURER ,,REP,Scott Fitzpatrick,542
Butler,POPLAR BLUFF WARD 1,STATE TREASURER ,,REP,Scott Fitzpatrick,234
Butler,POPLAR BLUFF WARD 2,STATE TREASURER ,,REP,Scott Fitzpatrick,388
Butler,POPLAR BLUFF WARD 3,STATE TREASURER ,,REP,Scott Fitzpatrick,145
Butler,POPLAR BLUFF WARD 4,STATE TREASURER ,,REP,Scott Fitzpatrick,553
Butler,POPLAR BLUFF WARD 5,STATE TREASURER ,,REP,Scott Fitzpatrick,213
Butler,QULIN/OGLESVILLE/FAGUS,STATE TREASURER ,,REP,Scott Fitzpatrick,261
Butler,ROMBAUER,STATE TREASURER ,,REP,Scott Fitzpatrick,48
Butler,SALE BARN,STATE TREASURER ,,REP,Scott Fitzpatrick,212
Butler,TWIN SPRINGS,STATE TREASURER ,,REP,Scott Fitzpatrick,570
Butler,WALTON CHAPEL,STATE TREASURER ,,REP,Scott Fitzpatrick,106
Butler,WAPPAPELLO,STATE TREASURER ,,REP,Scott Fitzpatrick,238
Butler,FEDERAL,STATE TREASURER ,,REP,Scott Fitzpatrick,1
Butler,CENTRAL POLLING LOCATION,STATE TREASURER ,,REP,Scott Fitzpatrick,1
Butler,ABSENTEE,STATE TREASURER ,,REP,Scott Fitzpatrick,362
Butler,BROSELEY,STATE TREASURER ,,DEM,Vicki Lorenz Englund,11
Butler,CANE CREEK/MOARK,STATE TREASURER ,,DEM,Vicki Lorenz Englund,48
Butler,COON ISLAND,STATE TREASURER ,,DEM,Vicki Lorenz Englund,2
Butler,FISK,STATE TREASURER ,,DEM,Vicki Lorenz Englund,21
Butler,HENDRICKSON,STATE TREASURER ,,DEM,Vicki Lorenz Englund,28
Butler,HILLVIEW,STATE TREASURER ,,DEM,Vicki Lorenz Englund,20
Butler,KINYON,STATE TREASURER ,,DEM,Vicki Lorenz Englund,31
Butler,LAKE ROAD,STATE TREASURER ,,DEM,Vicki Lorenz Englund,28
Butler,NEELYVILLE,STATE TREASURER ,,DEM,Vicki Lorenz Englund,7
Butler,OAK BRIER,STATE TREASURER ,,DEM,Vicki Lorenz Englund,7
Butler,OAK GROVE,STATE TREASURER ,,DEM,Vicki Lorenz Englund,52
Butler,POPLAR BLUFF WARD 1,STATE TREASURER ,,DEM,Vicki Lorenz Englund,49
Butler,POPLAR BLUFF WARD 2,STATE TREASURER ,,DEM,Vicki Lorenz Englund,51
Butler,POPLAR BLUFF WARD 3,STATE TREASURER ,,DEM,Vicki Lorenz Englund,44
Butler,POPLAR BLUFF WARD 4,STATE TREASURER ,,DEM,Vicki Lorenz Englund,82
Butler,POPLAR BLUFF WARD 5,STATE TREASURER ,,DEM,Vicki Lorenz Englund,54
Butler,QULIN/OGLESVILLE/FAGUS,STATE TREASURER ,,DEM,Vicki Lorenz Englund,8
Butler,ROMBAUER,STATE TREASURER ,,DEM,Vicki Lorenz Englund,4
Butler,SALE BARN,STATE TREASURER ,,DEM,Vicki Lorenz Englund,30
Butler,TWIN SPRINGS,STATE TREASURER ,,DEM,Vicki Lorenz Englund,46
Butler,WALTON CHAPEL,STATE TREASURER ,,DEM,Vicki Lorenz Englund,0
Butler,WAPPAPELLO,STATE TREASURER ,,DEM,Vicki Lorenz Englund,18
Butler,FEDERAL,STATE TREASURER ,,DEM,Vicki Lorenz Englund,0
Butler,CENTRAL POLLING LOCATION,STATE TREASURER ,,DEM,Vicki Lorenz Englund,2
Butler,ABSENTEE,STATE TREASURER ,,DEM,Vicki Lorenz Englund,102
Butler,BROSELEY,STATE TREASURER ,,LIB,Nicholas (Nick) Kasoff,1
Butler,CANE CREEK/MOARK,STATE TREASURER ,,LIB,Nicholas (Nick) Kasoff,0
Butler,COON ISLAND,STATE TREASURER ,,LIB,Nicholas (Nick) Kasoff,0
Butler,FISK,STATE TREASURER ,,LIB,Nicholas (Nick) Kasoff,0
Butler,HENDRICKSON,STATE TREASURER ,,LIB,Nicholas (Nick) Kasoff,0
Butler,HILLVIEW,STATE TREASURER ,,LIB,Nicholas (Nick) Kasoff,0
Butler,KINYON,STATE TREASURER ,,LIB,Nicholas (Nick) Kasoff,2
Butler,LAKE ROAD,STATE TREASURER ,,LIB,Nicholas (Nick) Kasoff,0
Butler,NEELYVILLE,STATE TREASURER ,,LIB,Nicholas (Nick) Kasoff,0
Butler,OAK BRIER,STATE TREASURER ,,LIB,Nicholas (Nick) Kasoff,0
Butler,OAK GROVE,STATE TREASURER ,,LIB,Nicholas (Nick) Kasoff,1
Butler,POPLAR BLUFF WARD 1,STATE TREASURER ,,LIB,Nicholas (Nick) Kasoff,0
Butler,POPLAR BLUFF WARD 2,STATE TREASURER ,,LIB,Nicholas (Nick) Kasoff,0
Butler,POPLAR BLUFF WARD 3,STATE TREASURER ,,LIB,Nicholas (Nick) Kasoff,1
Butler,POPLAR BLUFF WARD 4,STATE TREASURER ,,LIB,Nicholas (Nick) Kasoff,0
Butler,POPLAR BLUFF WARD 5,STATE TREASURER ,,LIB,Nicholas (Nick) Kasoff,0
Butler,QULIN/OGLESVILLE/FAGUS,STATE TREASURER ,,LIB,Nicholas (Nick) Kasoff,0
Butler,ROMBAUER,STATE TREASURER ,,LIB,Nicholas (Nick) Kasoff,0
Butler,SALE BARN,STATE TREASURER ,,LIB,Nicholas (Nick) Kasoff,0
Butler,TWIN SPRINGS,STATE TREASURER ,,LIB,Nicholas (Nick) Kasoff,0
Butler,WALTON CHAPEL,STATE TREASURER ,,LIB,Nicholas (Nick) Kasoff,0
Butler,WAPPAPELLO,STATE TREASURER ,,LIB,Nicholas (Nick) Kasoff,0
Butler,FEDERAL,STATE TREASURER ,,LIB,Nicholas (Nick) Kasoff,0
Butler,CENTRAL POLLING LOCATION,STATE TREASURER ,,LIB,Nicholas (Nick) Kasoff,0
Butler,ABSENTEE,STATE TREASURER ,,LIB,Nicholas (Nick) Kasoff,0
Butler,BROSELEY,STATE TREASURER ,,GRN,Joseph Civettini,0
Butler,CANE CREEK/MOARK,STATE TREASURER ,,GRN,Joseph Civettini,0
Butler,COON ISLAND,STATE TREASURER ,,GRN,Joseph Civettini,0
Butler,FISK,STATE TREASURER ,,GRN,Joseph Civettini,0
Butler,HENDRICKSON,STATE TREASURER ,,GRN,Joseph Civettini,0
Butler,HILLVIEW,STATE TREASURER ,,GRN,Joseph Civettini,0
Butler,KINYON,STATE TREASURER ,,GRN,Joseph Civettini,0
Butler,LAKE ROAD,STATE TREASURER ,,GRN,Joseph Civettini,0
Butler,NEELYVILLE,STATE TREASURER ,,GRN,Joseph Civettini,0
Butler,OAK BRIER,STATE TREASURER ,,GRN,Joseph Civettini,0
Butler,OAK GROVE,STATE TREASURER ,,GRN,Joseph Civettini,0
Butler,POPLAR BLUFF WARD 1,STATE TREASURER ,,GRN,Joseph Civettini,0
Butler,POPLAR BLUFF WARD 2,STATE TREASURER ,,GRN,Joseph Civettini,0
Butler,POPLAR BLUFF WARD 3,STATE TREASURER ,,GRN,Joseph Civettini,0
Butler,POPLAR BLUFF WARD 4,STATE TREASURER ,,GRN,Joseph Civettini,0
Butler,POPLAR BLUFF WARD 5,STATE TREASURER ,,GRN,Joseph Civettini,0
Butler,QULIN/OGLESVILLE/FAGUS,STATE TREASURER ,,GRN,Joseph Civettini,0
Butler,ROMBAUER,STATE TREASURER ,,GRN,Joseph Civettini,0
Butler,SALE BARN,STATE TREASURER ,,GRN,Joseph Civettini,0
Butler,TWIN SPRINGS,STATE TREASURER ,,GRN,Joseph Civettini,0
Butler,WALTON CHAPEL,STATE TREASURER ,,GRN,Joseph Civettini,0
Butler,WAPPAPELLO,STATE TREASURER ,,GRN,Joseph Civettini,0
Butler,FEDERAL,STATE TREASURER ,,GRN,Joseph Civettini,0
Butler,CENTRAL POLLING LOCATION,STATE TREASURER ,,GRN,Joseph Civettini,0
Butler,ABSENTEE,STATE TREASURER ,,GRN,Joseph Civettini,0
Butler,BROSELEY,ATTORNEY GENERAL ,,REP,Eric Schmitt,183
Butler,CANE CREEK/MOARK,ATTORNEY GENERAL ,,REP,Eric Schmitt,759
Butler,COON ISLAND,ATTORNEY GENERAL ,,REP,Eric Schmitt,60
Butler,FISK,ATTORNEY GENERAL ,,REP,Eric Schmitt,167
Butler,HENDRICKSON,ATTORNEY GENERAL ,,REP,Eric Schmitt,228
Butler,HILLVIEW,ATTORNEY GENERAL ,,REP,Eric Schmitt,429
Butler,KINYON,ATTORNEY GENERAL ,,REP,Eric Schmitt,406
Butler,LAKE ROAD,ATTORNEY GENERAL ,,REP,Eric Schmitt,323
Butler,NEELYVILLE,ATTORNEY GENERAL ,,REP,Eric Schmitt,105
Butler,OAK BRIER,ATTORNEY GENERAL ,,REP,Eric Schmitt,111
Butler,OAK GROVE,ATTORNEY GENERAL ,,REP,Eric Schmitt,541
Butler,POPLAR BLUFF WARD 1,ATTORNEY GENERAL ,,REP,Eric Schmitt,237
Butler,POPLAR BLUFF WARD 2,ATTORNEY GENERAL ,,REP,Eric Schmitt,389
Butler,POPLAR BLUFF WARD 3,ATTORNEY GENERAL ,,REP,Eric Schmitt,143
Butler,POPLAR BLUFF WARD 4,ATTORNEY GENERAL ,,REP,Eric Schmitt,556
Butler,POPLAR BLUFF WARD 5,ATTORNEY GENERAL ,,REP,Eric Schmitt,212
Butler,QULIN/OGLESVILLE/FAGUS,ATTORNEY GENERAL ,,REP,Eric Schmitt,261
Butler,ROMBAUER,ATTORNEY GENERAL ,,REP,Eric Schmitt,45
Butler,SALE BARN,ATTORNEY GENERAL ,,REP,Eric Schmitt,212
Butler,TWIN SPRINGS,ATTORNEY GENERAL ,,REP,Eric Schmitt,581
Butler,WALTON CHAPEL,ATTORNEY GENERAL ,,REP,Eric Schmitt,103
Butler,WAPPAPELLO,ATTORNEY GENERAL ,,REP,Eric Schmitt,244
Butler,FEDERAL,ATTORNEY GENERAL ,,REP,Eric Schmitt,1
Butler,CENTRAL POLLING LOCATION,ATTORNEY GENERAL ,,REP,Eric Schmitt,1
Butler,ABSENTEE,ATTORNEY GENERAL ,,REP,Eric Schmitt,371
Butler,BROSELEY,ATTORNEY GENERAL ,,DEM,Rich Finneran,3
Butler,CANE CREEK/MOARK,ATTORNEY GENERAL ,,DEM,Rich Finneran,31
Butler,COON ISLAND,ATTORNEY GENERAL ,,DEM,Rich Finneran,1
Butler,FISK,ATTORNEY GENERAL ,,DEM,Rich Finneran,15
Butler,HENDRICKSON,ATTORNEY GENERAL ,,DEM,Rich Finneran,16
Butler,HILLVIEW,ATTORNEY GENERAL ,,DEM,Rich Finneran,10
Butler,KINYON,ATTORNEY GENERAL ,,DEM,Rich Finneran,19
Butler,LAKE ROAD,ATTORNEY GENERAL ,,DEM,Rich Finneran,17
Butler,NEELYVILLE,ATTORNEY GENERAL ,,DEM,Rich Finneran,6
Butler,OAK BRIER,ATTORNEY GENERAL ,,DEM,Rich Finneran,4
Butler,OAK GROVE,ATTORNEY GENERAL ,,DEM,Rich Finneran,28
Butler,POPLAR BLUFF WARD 1,ATTORNEY GENERAL ,,DEM,Rich Finneran,27
Butler,POPLAR BLUFF WARD 2,ATTORNEY GENERAL ,,DEM,Rich Finneran,32
Butler,POPLAR BLUFF WARD 3,ATTORNEY GENERAL ,,DEM,Rich Finneran,26
Butler,POPLAR BLUFF WARD 4,ATTORNEY GENERAL ,,DEM,Rich Finneran,46
Butler,POPLAR BLUFF WARD 5,ATTORNEY GENERAL ,,DEM,Rich Finneran,23
Butler,QULIN/OGLESVILLE/FAGUS,ATTORNEY GENERAL ,,DEM,Rich Finneran,4
Butler,ROMBAUER,ATTORNEY GENERAL ,,DEM,Rich Finneran,5
Butler,SALE BARN,ATTORNEY GENERAL ,,DEM,Rich Finneran,22
Butler,TWIN SPRINGS,ATTORNEY GENERAL ,,DEM,Rich Finneran,28
Butler,WALTON CHAPEL,ATTORNEY GENERAL ,,DEM,Rich Finneran,0
Butler,WAPPAPELLO,ATTORNEY GENERAL ,,DEM,Rich Finneran,11
Butler,FEDERAL,ATTORNEY GENERAL ,,DEM,Rich Finneran,0
Butler,CENTRAL POLLING LOCATION,ATTORNEY GENERAL ,,DEM,Rich Finneran,2
Butler,ABSENTEE,ATTORNEY GENERAL ,,DEM,Rich Finneran,58
Butler,BROSELEY,ATTORNEY GENERAL ,,DEM,Elad Gross,9
Butler,CANE CREEK/MOARK,ATTORNEY GENERAL ,,DEM,Elad Gross,18
Butler,COON ISLAND,ATTORNEY GENERAL ,,DEM,Elad Gross,1
Butler,FISK,ATTORNEY GENERAL ,,DEM,Elad Gross,8
Butler,HENDRICKSON,ATTORNEY GENERAL ,,DEM,Elad Gross,12
Butler,HILLVIEW,ATTORNEY GENERAL ,,DEM,Elad Gross,9
Butler,KINYON,ATTORNEY GENERAL ,,DEM,Elad Gross,11
Butler,LAKE ROAD,ATTORNEY GENERAL ,,DEM,Elad Gross,11
Butler,NEELYVILLE,ATTORNEY GENERAL ,,DEM,Elad Gross,0
Butler,OAK BRIER,ATTORNEY GENERAL ,,DEM,Elad Gross,3
Butler,OAK GROVE,ATTORNEY GENERAL ,,DEM,Elad Gross,26
Butler,POPLAR BLUFF WARD 1,ATTORNEY GENERAL ,,DEM,Elad Gross,25
Butler,POPLAR BLUFF WARD 2,ATTORNEY GENERAL ,,DEM,Elad Gross,20
Butler,POPLAR BLUFF WARD 3,ATTORNEY GENERAL ,,DEM,Elad Gross,17
Butler,POPLAR BLUFF WARD 4,ATTORNEY GENERAL ,,DEM,Elad Gross,37
Butler,POPLAR BLUFF WARD 5,ATTORNEY GENERAL ,,DEM,Elad Gross,31
Butler,QULIN/OGLESVILLE/FAGUS,ATTORNEY GENERAL ,,DEM,Elad Gross,4
Butler,ROMBAUER,ATTORNEY GENERAL ,,DEM,Elad Gross,0
Butler,SALE BARN,ATTORNEY GENERAL ,,DEM,Elad Gross,8
Butler,TWIN SPRINGS,ATTORNEY GENERAL ,,DEM,Elad Gross,16
Butler,WALTON CHAPEL,ATTORNEY GENERAL ,,DEM,Elad Gross,0
Butler,WAPPAPELLO,ATTORNEY GENERAL ,,DEM,Elad Gross,10
Butler,FEDERAL,ATTORNEY GENERAL ,,DEM,Elad Gross,0
Butler,CENTRAL POLLING LOCATION,ATTORNEY GENERAL ,,DEM,Elad Gross,0
Butler,ABSENTEE,ATTORNEY GENERAL ,,DEM,Elad Gross,48
Butler,BROSELEY,ATTORNEY GENERAL ,,LIB,Kevin C Babcock,1
Butler,CANE CREEK/MOARK,ATTORNEY GENERAL ,,LIB,Kevin C Babcock,0
Butler,COON ISLAND,ATTORNEY GENERAL ,,LIB,Kevin C Babcock,0
Butler,FISK,ATTORNEY GENERAL ,,LIB,Kevin C Babcock,0
Butler,HENDRICKSON,ATTORNEY GENERAL ,,LIB,Kevin C Babcock,0
Butler,HILLVIEW,ATTORNEY GENERAL ,,LIB,Kevin C Babcock,0
Butler,KINYON,ATTORNEY GENERAL ,,LIB,Kevin C Babcock,2
Butler,LAKE ROAD,ATTORNEY GENERAL ,,LIB,Kevin C Babcock,0
Butler,NEELYVILLE,ATTORNEY GENERAL ,,LIB,Kevin C Babcock,0
Butler,OAK BRIER,ATTORNEY GENERAL ,,LIB,Kevin C Babcock,0
Butler,OAK GROVE,ATTORNEY GENERAL ,,LIB,Kevin C Babcock,1
Butler,POPLAR BLUFF WARD 1,ATTORNEY GENERAL ,,LIB,Kevin C Babcock,0
Butler,POPLAR BLUFF WARD 2,ATTORNEY GENERAL ,,LIB,Kevin C Babcock,0
Butler,POPLAR BLUFF WARD 3,ATTORNEY GENERAL ,,LIB,Kevin C Babcock,1
Butler,POPLAR BLUFF WARD 4,ATTORNEY GENERAL ,,LIB,Kevin C Babcock,0
Butler,POPLAR BLUFF WARD 5,ATTORNEY GENERAL ,,LIB,Kevin C Babcock,0
Butler,QULIN/OGLESVILLE/FAGUS,ATTORNEY GENERAL ,,LIB,Kevin C Babcock,0
Butler,ROMBAUER,ATTORNEY GENERAL ,,LIB,Kevin C Babcock,0
Butler,SALE BARN,ATTORNEY GENERAL ,,LIB,Kevin C Babcock,0
Butler,TWIN SPRINGS,ATTORNEY GENERAL ,,LIB,Kevin C Babcock,0
Butler,WALTON CHAPEL,ATTORNEY GENERAL ,,LIB,Kevin C Babcock,0
Butler,WAPPAPELLO,ATTORNEY GENERAL ,,LIB,Kevin C Babcock,0
Butler,FEDERAL,ATTORNEY GENERAL ,,LIB,Kevin C Babcock,0
Butler,CENTRAL POLLING LOCATION,ATTORNEY GENERAL ,,LIB,Kevin C Babcock,0
Butler,ABSENTEE,ATTORNEY GENERAL ,,LIB,Kevin C Babcock,0
Butler,BROSELEY,UNITED STATES REPRESENTATIVE IN CONGRESS ,8,REP,Jason Smith,186
Butler,CANE CREEK/MOARK,UNITED STATES REPRESENTATIVE IN CONGRESS ,8,REP,Jason Smith,781
Butler,COON ISLAND,UNITED STATES REPRESENTATIVE IN CONGRESS ,8,REP,Jason Smith,63
Butler,FISK,UNITED STATES REPRESENTATIVE IN CONGRESS ,8,REP,Jason Smith,168
Butler,HENDRICKSON,UNITED STATES REPRESENTATIVE IN CONGRESS ,8,REP,Jason Smith,236
Butler,HILLVIEW,UNITED STATES REPRESENTATIVE IN CONGRESS ,8,REP,Jason Smith,441
Butler,KINYON,UNITED STATES REPRESENTATIVE IN CONGRESS ,8,REP,Jason Smith,421
Butler,LAKE ROAD,UNITED STATES REPRESENTATIVE IN CONGRESS ,8,REP,Jason Smith,338
Butler,NEELYVILLE,UNITED STATES REPRESENTATIVE IN CONGRESS ,8,REP,Jason Smith,110
Butler,OAK BRIER,UNITED STATES REPRESENTATIVE IN CONGRESS ,8,REP,Jason Smith,118
Butler,OAK GROVE,UNITED STATES REPRESENTATIVE IN CONGRESS ,8,REP,Jason Smith,560
Butler,POPLAR BLUFF WARD 1,UNITED STATES REPRESENTATIVE IN CONGRESS ,8,REP,Jason Smith,247
Butler,POPLAR BLUFF WARD 2,UNITED STATES REPRESENTATIVE IN CONGRESS ,8,REP,Jason Smith,393
Butler,POPLAR BLUFF WARD 3,UNITED STATES REPRESENTATIVE IN CONGRESS ,8,REP,Jason Smith,145
Butler,POPLAR BLUFF WARD 4,UNITED STATES REPRESENTATIVE IN CONGRESS ,8,REP,Jason Smith,564
Butler,POPLAR BLUFF WARD 5,UNITED STATES REPRESENTATIVE IN CONGRESS ,8,REP,Jason Smith,221
Butler,QULIN/OGLESVILLE/FAGUS,UNITED STATES REPRESENTATIVE IN CONGRESS ,8,REP,Jason Smith,268
Butler,ROMBAUER,UNITED STATES REPRESENTATIVE IN CONGRESS ,8,REP,Jason Smith,50
Butler,SALE BARN,UNITED STATES REPRESENTATIVE IN CONGRESS ,8,REP,Jason Smith,218
Butler,TWIN SPRINGS,UNITED STATES REPRESENTATIVE IN CONGRESS ,8,REP,Jason Smith,592
Butler,WALTON CHAPEL,UNITED STATES REPRESENTATIVE IN CONGRESS ,8,REP,Jason Smith,109
Butler,WAPPAPELLO,UNITED STATES REPRESENTATIVE IN CONGRESS ,8,REP,Jason Smith,249
Butler,FEDERAL,UNITED STATES REPRESENTATIVE IN CONGRESS ,8,REP,Jason Smith,1
Butler,CENTRAL POLLING LOCATION,UNITED STATES REPRESENTATIVE IN CONGRESS ,8,REP,Jason Smith,1
Butler,ABSENTEE,UNITED STATES REPRESENTATIVE IN CONGRESS ,8,REP,Jason Smith,377
Butler,BROSELEY,UNITED STATES REPRESENTATIVE IN CONGRESS ,8,DEM,Kathy Ellis,10
Butler,CANE CREEK/MOARK,UNITED STATES REPRESENTATIVE IN CONGRESS ,8,DEM,Kathy Ellis,48
Butler,COON ISLAND,UNITED STATES REPRESENTATIVE IN CONGRESS ,8,DEM,Kathy Ellis,2
Butler,FISK,UNITED STATES REPRESENTATIVE IN CONGRESS ,8,DEM,Kathy Ellis,21
Butler,HENDRICKSON,UNITED STATES REPRESENTATIVE IN CONGRESS ,8,DEM,Kathy Ellis,29
Butler,HILLVIEW,UNITED STATES REPRESENTATIVE IN CONGRESS ,8,DEM,Kathy Ellis,19
Butler,KINYON,UNITED STATES REPRESENTATIVE IN CONGRESS ,8,DEM,Kathy Ellis,29
Butler,LAKE ROAD,UNITED STATES REPRESENTATIVE IN CONGRESS ,8,DEM,Kathy Ellis,25
Butler,NEELYVILLE,UNITED STATES REPRESENTATIVE IN CONGRESS ,8,DEM,Kathy Ellis,7
Butler,OAK BRIER,UNITED STATES REPRESENTATIVE IN CONGRESS ,8,DEM,Kathy Ellis,6
Butler,OAK GROVE,UNITED STATES REPRESENTATIVE IN CONGRESS ,8,DEM,Kathy Ellis,51
Butler,POPLAR BLUFF WARD 1,UNITED STATES REPRESENTATIVE IN CONGRESS ,8,DEM,Kathy Ellis,50
Butler,POPLAR BLUFF WARD 2,UNITED STATES REPRESENTATIVE IN CONGRESS ,8,DEM,Kathy Ellis,51
Butler,POPLAR BLUFF WARD 3,UNITED STATES REPRESENTATIVE IN CONGRESS ,8,DEM,Kathy Ellis,39
Butler,POPLAR BLUFF WARD 4,UNITED STATES REPRESENTATIVE IN CONGRESS ,8,DEM,Kathy Ellis,82
Butler,POPLAR BLUFF WARD 5,UNITED STATES REPRESENTATIVE IN CONGRESS ,8,DEM,Kathy Ellis,50
Butler,QULIN/OGLESVILLE/FAGUS,UNITED STATES REPRESENTATIVE IN CONGRESS ,8,DEM,Kathy Ellis,8
Butler,ROMBAUER,UNITED STATES REPRESENTATIVE IN CONGRESS ,8,DEM,Kathy Ellis,4
Butler,SALE BARN,UNITED STATES REPRESENTATIVE IN CONGRESS ,8,DEM,Kathy Ellis,29
Butler,TWIN SPRINGS,UNITED STATES REPRESENTATIVE IN CONGRESS ,8,DEM,Kathy Ellis,42
Butler,WALTON CHAPEL,UNITED STATES REPRESENTATIVE IN CONGRESS ,8,DEM,Kathy Ellis,0
Butler,WAPPAPELLO,UNITED STATES REPRESENTATIVE IN CONGRESS ,8,DEM,Kathy Ellis,21
Butler,FEDERAL,UNITED STATES REPRESENTATIVE IN CONGRESS ,8,DEM,Kathy Ellis,0
Butler,CENTRAL POLLING LOCATION,UNITED STATES REPRESENTATIVE IN CONGRESS ,8,DEM,Kathy Ellis,2
Butler,ABSENTEE,UNITED STATES REPRESENTATIVE IN CONGRESS ,8,DEM,Kathy Ellis,104
Butler,BROSELEY,UNITED STATES REPRESENTATIVE IN CONGRESS ,8,LIB,Tom Schmitz,1
Butler,CANE CREEK/MOARK,UNITED STATES REPRESENTATIVE IN CONGRESS ,8,LIB,Tom Schmitz,0
Butler,COON ISLAND,UNITED STATES REPRESENTATIVE IN CONGRESS ,8,LIB,Tom Schmitz,0
Butler,FISK,UNITED STATES REPRESENTATIVE IN CONGRESS ,8,LIB,Tom Schmitz,0
Butler,HENDRICKSON,UNITED STATES REPRESENTATIVE IN CONGRESS ,8,LIB,Tom Schmitz,0
Butler,HILLVIEW,UNITED STATES REPRESENTATIVE IN CONGRESS ,8,LIB,Tom Schmitz,0
Butler,KINYON,UNITED STATES REPRESENTATIVE IN CONGRESS ,8,LIB,Tom Schmitz,2
Butler,LAKE ROAD,UNITED STATES REPRESENTATIVE IN CONGRESS ,8,LIB,Tom Schmitz,0
Butler,NEELYVILLE,UNITED STATES REPRESENTATIVE IN CONGRESS ,8,LIB,Tom Schmitz,0
Butler,OAK BRIER,UNITED STATES REPRESENTATIVE IN CONGRESS ,8,LIB,Tom Schmitz,0
Butler,OAK GROVE,UNITED STATES REPRESENTATIVE IN CONGRESS ,8,LIB,Tom Schmitz,1
Butler,POPLAR BLUFF WARD 1,UNITED STATES REPRESENTATIVE IN CONGRESS ,8,LIB,Tom Schmitz,0
Butler,POPLAR BLUFF WARD 2,UNITED STATES REPRESENTATIVE IN CONGRESS ,8,LIB,Tom Schmitz,0
Butler,POPLAR BLUFF WARD 3,UNITED STATES REPRESENTATIVE IN CONGRESS ,8,LIB,Tom Schmitz,1
Butler,POPLAR BLUFF WARD 4,UNITED STATES REPRESENTATIVE IN CONGRESS ,8,LIB,Tom Schmitz,0
Butler,POPLAR BLUFF WARD 5,UNITED STATES REPRESENTATIVE IN CONGRESS ,8,LIB,Tom Schmitz,0
Butler,QULIN/OGLESVILLE/FAGUS,UNITED STATES REPRESENTATIVE IN CONGRESS ,8,LIB,Tom Schmitz,0
Butler,ROMBAUER,UNITED STATES REPRESENTATIVE IN CONGRESS ,8,LIB,Tom Schmitz,0
Butler,SALE BARN,UNITED STATES REPRESENTATIVE IN CONGRESS ,8,LIB,Tom Schmitz,0
Butler,TWIN SPRINGS,UNITED STATES REPRESENTATIVE IN CONGRESS ,8,LIB,Tom Schmitz,0
Butler,WALTON CHAPEL,UNITED STATES REPRESENTATIVE IN CONGRESS ,8,LIB,Tom Schmitz,0
Butler,WAPPAPELLO,UNITED STATES REPRESENTATIVE IN CONGRESS ,8,LIB,Tom Schmitz,0
Butler,FEDERAL,UNITED STATES REPRESENTATIVE IN CONGRESS ,8,LIB,Tom Schmitz,0
Butler,CENTRAL POLLING LOCATION,UNITED STATES REPRESENTATIVE IN CONGRESS ,8,LIB,Tom Schmitz,0
Butler,ABSENTEE,UNITED STATES REPRESENTATIVE IN CONGRESS ,8,LIB,Tom Schmitz,0
Butler,BROSELEY,STATE SENATOR ,25,REP,Jeff Shawan,50
Butler,CANE CREEK/MOARK,STATE SENATOR ,25,REP,Jeff Shawan,319
Butler,COON ISLAND,STATE SENATOR ,25,REP,Jeff Shawan,17
Butler,FISK,STATE SENATOR ,25,REP,Jeff Shawan,45
Butler,HENDRICKSON,STATE SENATOR ,25,REP,Jeff Shawan,104
Butler,HILLVIEW,STATE SENATOR ,25,REP,Jeff Shawan,195
Butler,KINYON,STATE SENATOR ,25,REP,Jeff Shawan,185
Butler,LAKE ROAD,STATE SENATOR ,25,REP,Jeff Shawan,134
Butler,NEELYVILLE,STATE SENATOR ,25,REP,Jeff Shawan,50
Butler,OAK BRIER,STATE SENATOR ,25,REP,Jeff Shawan,53
Butler,OAK GROVE,STATE SENATOR ,25,REP,Jeff Shawan,274
Butler,POPLAR BLUFF WARD 1,STATE SENATOR ,25,REP,Jeff Shawan,98
Butler,POPLAR BLUFF WARD 2,STATE SENATOR ,25,REP,Jeff Shawan,183
Butler,POPLAR BLUFF WARD 3,STATE SENATOR ,25,REP,Jeff Shawan,67
Butler,POPLAR BLUFF WARD 4,STATE SENATOR ,25,REP,Jeff Shawan,239
Butler,POPLAR BLUFF WARD 5,STATE SENATOR ,25,REP,Jeff Shawan,105
Butler,QULIN/OGLESVILLE/FAGUS,STATE SENATOR ,25,REP,Jeff Shawan,85
Butler,ROMBAUER,STATE SENATOR ,25,REP,Jeff Shawan,13
Butler,SALE BARN,STATE SENATOR ,25,REP,Jeff Shawan,86
Butler,TWIN SPRINGS,STATE SENATOR ,25,REP,Jeff Shawan,265
Butler,WALTON CHAPEL,STATE SENATOR ,25,REP,Jeff Shawan,37
Butler,WAPPAPELLO,STATE SENATOR ,25,REP,Jeff Shawan,77
Butler,FEDERAL,STATE SENATOR ,25,REP,Jeff Shawan,0
Butler,CENTRAL POLLING LOCATION,STATE SENATOR ,25,REP,Jeff Shawan,1
Butler,ABSENTEE,STATE SENATOR ,25,REP,Jeff Shawan,161
Butler,BROSELEY,STATE SENATOR ,25,REP,Jason Bean,65
Butler,CANE CREEK/MOARK,STATE SENATOR ,25,REP,Jason Bean,173
Butler,COON ISLAND,STATE SENATOR ,25,REP,Jason Bean,35
Butler,FISK,STATE SENATOR ,25,REP,Jason Bean,45
Butler,HENDRICKSON,STATE SENATOR ,25,REP,Jason Bean,41
Butler,HILLVIEW,STATE SENATOR ,25,REP,Jason Bean,81
Butler,KINYON,STATE SENATOR ,25,REP,Jason Bean,99
Butler,LAKE ROAD,STATE SENATOR ,25,REP,Jason Bean,92
Butler,NEELYVILLE,STATE SENATOR ,25,REP,Jason Bean,22
Butler,OAK BRIER,STATE SENATOR ,25,REP,Jason Bean,17
Butler,OAK GROVE,STATE SENATOR ,25,REP,Jason Bean,115
Butler,POPLAR BLUFF WARD 1,STATE SENATOR ,25,REP,Jason Bean,46
Butler,POPLAR BLUFF WARD 2,STATE SENATOR ,25,REP,Jason Bean,100
Butler,POPLAR BLUFF WARD 3,STATE SENATOR ,25,REP,Jason Bean,29
Butler,POPLAR BLUFF WARD 4,STATE SENATOR ,25,REP,Jason Bean,109
Butler,POPLAR BLUFF WARD 5,STATE SENATOR ,25,REP,Jason Bean,34
Butler,QULIN/OGLESVILLE/FAGUS,STATE SENATOR ,25,REP,Jason Bean,107
Butler,ROMBAUER,STATE SENATOR ,25,REP,Jason Bean,13
Butler,SALE BARN,STATE SENATOR ,25,REP,Jason Bean,49
Butler,TWIN SPRINGS,STATE SENATOR ,25,REP,Jason Bean,132
Butler,WALTON CHAPEL,STATE SENATOR ,25,REP,Jason Bean,20
Butler,WAPPAPELLO,STATE SENATOR ,25,REP,Jason Bean,72
Butler,FEDERAL,STATE SENATOR ,25,REP,Jason Bean,0
Butler,CENTRAL POLLING LOCATION,STATE SENATOR ,25,REP,Jason Bean,0
Butler,ABSENTEE,STATE SENATOR ,25,REP,Jason Bean,76
Butler,BROSELEY,STATE SENATOR ,25,REP,Eddy Justice,44
Butler,CANE CREEK/MOARK,STATE SENATOR ,25,REP,Eddy Justice,167
Butler,COON ISLAND,STATE SENATOR ,25,REP,Eddy Justice,12
Butler,FISK,STATE SENATOR ,25,REP,Eddy Justice,54
Butler,HENDRICKSON,STATE SENATOR ,25,REP,Eddy Justice,65
Butler,HILLVIEW,STATE SENATOR ,25,REP,Eddy Justice,107
Butler,KINYON,STATE SENATOR ,25,REP,Eddy Justice,84
Butler,LAKE ROAD,STATE SENATOR ,25,REP,Eddy Justice,72
Butler,NEELYVILLE,STATE SENATOR ,25,REP,Eddy Justice,24
Butler,OAK BRIER,STATE SENATOR ,25,REP,Eddy Justice,33
Butler,OAK GROVE,STATE SENATOR ,25,REP,Eddy Justice,122
Butler,POPLAR BLUFF WARD 1,STATE SENATOR ,25,REP,Eddy Justice,81
Butler,POPLAR BLUFF WARD 2,STATE SENATOR ,25,REP,Eddy Justice,85
Butler,POPLAR BLUFF WARD 3,STATE SENATOR ,25,REP,Eddy Justice,40
Butler,POPLAR BLUFF WARD 4,STATE SENATOR ,25,REP,Eddy Justice,151
Butler,POPLAR BLUFF WARD 5,STATE SENATOR ,25,REP,Eddy Justice,49
Butler,QULIN/OGLESVILLE/FAGUS,STATE SENATOR ,25,REP,Eddy Justice,64
Butler,ROMBAUER,STATE SENATOR ,25,REP,Eddy Justice,14
Butler,SALE BARN,STATE SENATOR ,25,REP,Eddy Justice,59
Butler,TWIN SPRINGS,STATE SENATOR ,25,REP,Eddy Justice,140
Butler,WALTON CHAPEL,STATE SENATOR ,25,REP,Eddy Justice,20
Butler,WAPPAPELLO,STATE SENATOR ,25,REP,Eddy Justice,46
Butler,FEDERAL,STATE SENATOR ,25,REP,Eddy Justice,0
Butler,CENTRAL POLLING LOCATION,STATE SENATOR ,25,REP,Eddy Justice,1
Butler,ABSENTEE,STATE SENATOR ,25,REP,Eddy Justice,108
Butler,BROSELEY,STATE SENATOR ,25,REP,Stephen Carroll Cookson,59
Butler,CANE CREEK/MOARK,STATE SENATOR ,25,REP,Stephen Carroll Cookson,203
Butler,COON ISLAND,STATE SENATOR ,25,REP,Stephen Carroll Cookson,5
Butler,FISK,STATE SENATOR ,25,REP,Stephen Carroll Cookson,47
Butler,HENDRICKSON,STATE SENATOR ,25,REP,Stephen Carroll Cookson,47
Butler,HILLVIEW,STATE SENATOR ,25,REP,Stephen Carroll Cookson,100
Butler,KINYON,STATE SENATOR ,25,REP,Stephen Carroll Cookson,89
Butler,LAKE ROAD,STATE SENATOR ,25,REP,Stephen Carroll Cookson,76
Butler,NEELYVILLE,STATE SENATOR ,25,REP,Stephen Carroll Cookson,38
Butler,OAK BRIER,STATE SENATOR ,25,REP,Stephen Carroll Cookson,25
Butler,OAK GROVE,STATE SENATOR ,25,REP,Stephen Carroll Cookson,106
Butler,POPLAR BLUFF WARD 1,STATE SENATOR ,25,REP,Stephen Carroll Cookson,51
Butler,POPLAR BLUFF WARD 2,STATE SENATOR ,25,REP,Stephen Carroll Cookson,84
Butler,POPLAR BLUFF WARD 3,STATE SENATOR ,25,REP,Stephen Carroll Cookson,34
Butler,POPLAR BLUFF WARD 4,STATE SENATOR ,25,REP,Stephen Carroll Cookson,137
Butler,POPLAR BLUFF WARD 5,STATE SENATOR ,25,REP,Stephen Carroll Cookson,53
Butler,QULIN/OGLESVILLE/FAGUS,STATE SENATOR ,25,REP,Stephen Carroll Cookson,43
Butler,ROMBAUER,STATE SENATOR ,25,REP,Stephen Carroll Cookson,16
Butler,SALE BARN,STATE SENATOR ,25,REP,Stephen Carroll Cookson,46
Butler,TWIN SPRINGS,STATE SENATOR ,25,REP,Stephen Carroll Cookson,112
Butler,WALTON CHAPEL,STATE SENATOR ,25,REP,Stephen Carroll Cookson,43
Butler,WAPPAPELLO,STATE SENATOR ,25,REP,Stephen Carroll Cookson,72
Butler,FEDERAL,STATE SENATOR ,25,REP,Stephen Carroll Cookson,0
Butler,CENTRAL POLLING LOCATION,STATE SENATOR ,25,REP,Stephen Carroll Cookson,0
Butler,ABSENTEE,STATE SENATOR ,25,REP,Stephen Carroll Cookson,81
Butler,BROSELEY,STATE REPRESENTATIVE ,152,REP,Hardy Billington,186
Butler,COON ISLAND,STATE REPRESENTATIVE ,152,REP,Hardy Billington,61
Butler,HILLVIEW,STATE REPRESENTATIVE ,152,REP,Hardy Billington,428
Butler,KINYON,STATE REPRESENTATIVE ,152,REP,Hardy Billington,427
Butler,NEELYVILLE,STATE REPRESENTATIVE ,152,REP,Hardy Billington,113
Butler,POPLAR BLUFF WARD 1,STATE REPRESENTATIVE ,152,REP,Hardy Billington,237
Butler,POPLAR BLUFF WARD 2,STATE REPRESENTATIVE ,152,REP,Hardy Billington,390
Butler,POPLAR BLUFF WARD 3,STATE REPRESENTATIVE ,152,REP,Hardy Billington,145
Butler,POPLAR BLUFF WARD 4,STATE REPRESENTATIVE ,152,REP,Hardy Billington,541
Butler,POPLAR BLUFF WARD 5,STATE REPRESENTATIVE ,152,REP,Hardy Billington,218
Butler,QULIN/OGLESVILLE/FAGUS,STATE REPRESENTATIVE ,152,REP,Hardy Billington,268
Butler,SALE BARN,STATE REPRESENTATIVE ,152,REP,Hardy Billington,221
Butler,TWIN SPRINGS,STATE REPRESENTATIVE ,152,REP,Hardy Billington,582
Butler,FEDERAL,STATE REPRESENTATIVE ,152,REP,Hardy Billington,0
Butler,CENTRAL POLLING LOCATION,STATE REPRESENTATIVE ,152,REP,Hardy Billington,1
Butler,ABSENTEE,STATE REPRESENTATIVE ,152,REP,Hardy Billington,249
Butler,CANE CREEK/MOARK,STATE REPRESENTATIVE ,153,REP,Larry Kimbrow,367
Butler,FISK,STATE REPRESENTATIVE ,153,REP,Larry Kimbrow,88
Butler,HENDRICKSON,STATE REPRESENTATIVE ,153,REP,Larry Kimbrow,104
Butler,LAKE ROAD,STATE REPRESENTATIVE ,153,REP,Larry Kimbrow,200
Butler,OAK BRIER,STATE REPRESENTATIVE ,153,REP,Larry Kimbrow,63
Butler,OAK GROVE,STATE REPRESENTATIVE ,153,REP,Larry Kimbrow,305
Butler,ROMBAUER,STATE REPRESENTATIVE ,153,REP,Larry Kimbrow,22
Butler,WALTON CHAPEL,STATE REPRESENTATIVE ,153,REP,Larry Kimbrow,52
Butler,WAPPAPELLO,STATE REPRESENTATIVE ,153,REP,Larry Kimbrow,117
Butler,FEDERAL,STATE REPRESENTATIVE ,153,REP,Larry Kimbrow,0
Butler,CENTRAL POLLING LOCATION,STATE REPRESENTATIVE ,153,REP,Larry Kimbrow,0
Butler,ABSENTEE,STATE REPRESENTATIVE ,153,REP,Larry Kimbrow,70
Butler,CANE CREEK/MOARK,STATE REPRESENTATIVE ,153,REP,Jack (Skip) Johnson,56
Butler,FISK,STATE REPRESENTATIVE ,153,REP,Jack (Skip) Johnson,19
Butler,HENDRICKSON,STATE REPRESENTATIVE ,153,REP,Jack (Skip) Johnson,14
Butler,LAKE ROAD,STATE REPRESENTATIVE ,153,REP,Jack (Skip) Johnson,25
Butler,OAK BRIER,STATE REPRESENTATIVE ,153,REP,Jack (Skip) Johnson,7
Butler,OAK GROVE,STATE REPRESENTATIVE ,153,REP,Jack (Skip) Johnson,58
Butler,ROMBAUER,STATE REPRESENTATIVE ,153,REP,Jack (Skip) Johnson,8
Butler,WALTON CHAPEL,STATE REPRESENTATIVE ,153,REP,Jack (Skip) Johnson,7
Butler,WAPPAPELLO,STATE REPRESENTATIVE ,153,REP,Jack (Skip) Johnson,27
Butler,FEDERAL,STATE REPRESENTATIVE ,153,REP,Jack (Skip) Johnson,0
Butler,CENTRAL POLLING LOCATION,STATE REPRESENTATIVE ,153,REP,Jack (Skip) Johnson,0
Butler,ABSENTEE,STATE REPRESENTATIVE ,153,REP,Jack (Skip) Johnson,12
Butler,CANE CREEK/MOARK,STATE REPRESENTATIVE ,153,REP,Darrell Atchison,411
Butler,FISK,STATE REPRESENTATIVE ,153,REP,Darrell Atchison,80
Butler,HENDRICKSON,STATE REPRESENTATIVE ,153,REP,Darrell Atchison,130
Butler,LAKE ROAD,STATE REPRESENTATIVE ,153,REP,Darrell Atchison,138
Butler,OAK BRIER,STATE REPRESENTATIVE ,153,REP,Darrell Atchison,51
Butler,OAK GROVE,STATE REPRESENTATIVE ,153,REP,Darrell Atchison,239
Butler,ROMBAUER,STATE REPRESENTATIVE ,153,REP,Darrell Atchison,22
Butler,WALTON CHAPEL,STATE REPRESENTATIVE ,153,REP,Darrell Atchison,58
Butler,WAPPAPELLO,STATE REPRESENTATIVE ,153,REP,Darrell Atchison,114
Butler,FEDERAL,STATE REPRESENTATIVE ,153,REP,Darrell Atchison,0
Butler,CENTRAL POLLING LOCATION,STATE REPRESENTATIVE ,153,REP,Darrell Atchison,0
Butler,ABSENTEE,STATE REPRESENTATIVE ,153,REP,Darrell Atchison,64
Butler,BROSELEY,CIRUIT JUDGE ,,REP,Michael Pritchett,191
Butler,CANE CREEK/MOARK,CIRUIT JUDGE ,,REP,Michael Pritchett,773
Butler,COON ISLAND,CIRUIT JUDGE ,,REP,Michael Pritchett,60
Butler,FISK,CIRUIT JUDGE ,,REP,Michael Pritchett,168
Butler,HENDRICKSON,CIRUIT JUDGE ,,REP,Michael Pritchett,236
Butler,HILLVIEW,CIRUIT JUDGE ,,REP,Michael Pritchett,424
Butler,KINYON,CIRUIT JUDGE ,,REP,Michael Pritchett,417
Butler,LAKE ROAD,CIRUIT JUDGE ,,REP,Michael Pritchett,336
Butler,NEELYVILLE,CIRUIT JUDGE ,,REP,Michael Pritchett,112
Butler,OAK BRIER,CIRUIT JUDGE ,,REP,Michael Pritchett,116
Butler,OAK GROVE,CIRUIT JUDGE ,,REP,Michael Pritchett,554
Butler,POPLAR BLUFF WARD 1,CIRUIT JUDGE ,,REP,Michael Pritchett,245
Butler,POPLAR BLUFF WARD 2,CIRUIT JUDGE ,,REP,Michael Pritchett,403
Butler,POPLAR BLUFF WARD 3,CIRUIT JUDGE ,,REP,Michael Pritchett,154
Butler,POPLAR BLUFF WARD 4,CIRUIT JUDGE ,,REP,Michael Pritchett,566
Butler,POPLAR BLUFF WARD 5,CIRUIT JUDGE ,,REP,Michael Pritchett,217
Butler,QULIN/OGLESVILLE/FAGUS,CIRUIT JUDGE ,,REP,Michael Pritchett,267
Butler,ROMBAUER,CIRUIT JUDGE ,,REP,Michael Pritchett,46
Butler,SALE BARN,CIRUIT JUDGE ,,REP,Michael Pritchett,215
Butler,TWIN SPRINGS,CIRUIT JUDGE ,,REP,Michael Pritchett,584
Butler,WALTON CHAPEL,CIRUIT JUDGE ,,REP,Michael Pritchett,108
Butler,WAPPAPELLO,CIRUIT JUDGE ,,REP,Michael Pritchett,241
Butler,CENTRAL POLLING LOCATION,CIRUIT JUDGE ,,REP,Michael Pritchett,2
Butler,ABSENTEE,CIRUIT JUDGE ,,REP,Michael Pritchett,383
Butler,BROSELEY,COUNTY COMMISSIONER ,,REP,John Edwin Ross DeGaris,57
Butler,FISK,COUNTY COMMISSIONER ,,REP,John Edwin Ross DeGaris,57
Butler,KINYON,COUNTY COMMISSIONER ,,REP,John Edwin Ross DeGaris,180
Butler,LAKE ROAD,COUNTY COMMISSIONER ,,REP,John Edwin Ross DeGaris,145
Butler,OAK GROVE,COUNTY COMMISSIONER ,,REP,John Edwin Ross DeGaris,243
Butler,POPLAR BLUFF WARD 1,COUNTY COMMISSIONER ,,REP,John Edwin Ross DeGaris,139
Butler,POPLAR BLUFF WARD 2,COUNTY COMMISSIONER ,,REP,John Edwin Ross DeGaris,196
Butler,POPLAR BLUFF WARD 3,COUNTY COMMISSIONER ,,REP,John Edwin Ross DeGaris,84
Butler,POPLAR BLUFF WARD 4,COUNTY COMMISSIONER ,,REP,John Edwin Ross DeGaris,240
Butler,POPLAR BLUFF WARD 5,COUNTY COMMISSIONER ,,REP,John Edwin Ross DeGaris,106
Butler,QULIN/OGLESVILLE/FAGUS,COUNTY COMMISSIONER ,,REP,John Edwin Ross DeGaris,72
Butler,ROMBAUER,COUNTY COMMISSIONER ,,REP,John Edwin Ross DeGaris,18
Butler,SALE BARN,COUNTY COMMISSIONER ,,REP,John Edwin Ross DeGaris,93
Butler,WAPPAPELLO,COUNTY COMMISSIONER ,,REP,John Edwin Ross DeGaris,93
Butler,CENTRAL POLLING LOCATION,COUNTY COMMISSIONER ,,REP,John Edwin Ross DeGaris,1
Butler,ABSENTEE,COUNTY COMMISSIONER ,,REP,John Edwin Ross DeGaris,104
Butler,BROSELEY,COUNTY COMMISSIONER ,,REP,"Don ""Butch"" Anderson",149
Butler,FISK,COUNTY COMMISSIONER ,,REP,"Don ""Butch"" Anderson",123
Butler,KINYON,COUNTY COMMISSIONER ,,REP,"Don ""Butch"" Anderson",250
Butler,LAKE ROAD,COUNTY COMMISSIONER ,,REP,"Don ""Butch"" Anderson",215
Butler,OAK GROVE,COUNTY COMMISSIONER ,,REP,"Don ""Butch"" Anderson",344
Butler,POPLAR BLUFF WARD 1,COUNTY COMMISSIONER ,,REP,"Don ""Butch"" Anderson",120
Butler,POPLAR BLUFF WARD 2,COUNTY COMMISSIONER ,,REP,"Don ""Butch"" Anderson",229
Butler,POPLAR BLUFF WARD 3,COUNTY COMMISSIONER ,,REP,"Don ""Butch"" Anderson",79
Butler,POPLAR BLUFF WARD 4,COUNTY COMMISSIONER ,,REP,"Don ""Butch"" Anderson",356
Butler,POPLAR BLUFF WARD 5,COUNTY COMMISSIONER ,,REP,"Don ""Butch"" Anderson",122
Butler,QULIN/OGLESVILLE/FAGUS,COUNTY COMMISSIONER ,,REP,"Don ""Butch"" Anderson",212
Butler,ROMBAUER,COUNTY COMMISSIONER ,,REP,"Don ""Butch"" Anderson",37
Butler,SALE BARN,COUNTY COMMISSIONER ,,REP,"Don ""Butch"" Anderson",137
Butler,WAPPAPELLO,COUNTY COMMISSIONER ,,REP,"Don ""Butch"" Anderson",167
Butler,CENTRAL POLLING LOCATION,COUNTY COMMISSIONER ,,REP,"Don ""Butch"" Anderson",1
Butler,ABSENTEE,COUNTY COMMISSIONER ,,REP,"Don ""Butch"" Anderson",184
Butler,CANE CREEK/MOARK,COUNTY COMMISSIONER ,,REP,"Dennis ""Boots"" LeGrand",787
Butler,COON ISLAND,COUNTY COMMISSIONER ,,REP,"Dennis ""Boots"" LeGrand",62
Butler,HENDRICKSON,COUNTY COMMISSIONER ,,REP,"Dennis ""Boots"" LeGrand",234
Butler,HILLVIEW,COUNTY COMMISSIONER ,,REP,"Dennis ""Boots"" LeGrand",435
Butler,NEELYVILLE,COUNTY COMMISSIONER ,,REP,"Dennis ""Boots"" LeGrand",108
Butler,OAK BRIER,COUNTY COMMISSIONER ,,REP,"Dennis ""Boots"" LeGrand",115
Butler,TWIN SPRINGS,COUNTY COMMISSIONER ,,REP,"Dennis ""Boots"" LeGrand",595
Butler,WALTON CHAPEL,COUNTY COMMISSIONER ,,REP,"Dennis ""Boots"" LeGrand",111
Butler,CENTRAL POLLING LOCATION,COUNTY COMMISSIONER ,,REP,"Dennis ""Boots"" LeGrand",0
Butler,ABSENTEE,COUNTY COMMISSIONER ,,REP,"Dennis ""Boots"" LeGrand",115
Butler,BROSELEY,SHERIFF ,,REP,Mark Dobbs,179
Butler,CANE CREEK/MOARK,SHERIFF ,,REP,Mark Dobbs,793
Butler,COON ISLAND,SHERIFF ,,REP,Mark Dobbs,57
Butler,FISK,SHERIFF ,,REP,Mark Dobbs,167
Butler,HENDRICKSON,SHERIFF ,,REP,Mark Dobbs,239
Butler,HILLVIEW,SHERIFF ,,REP,Mark Dobbs,436
Butler,KINYON,SHERIFF ,,REP,Mark Dobbs,427
Butler,LAKE ROAD,SHERIFF ,,REP,Mark Dobbs,339
Butler,NEELYVILLE,SHERIFF ,,REP,Mark Dobbs,111
Butler,OAK BRIER,SHERIFF ,,REP,Mark Dobbs,112
Butler,OAK GROVE,SHERIFF ,,REP,Mark Dobbs,536
Butler,POPLAR BLUFF WARD 1,SHERIFF ,,REP,Mark Dobbs,255
Butler,POPLAR BLUFF WARD 2,SHERIFF ,,REP,Mark Dobbs,406
Butler,POPLAR BLUFF WARD 3,SHERIFF ,,REP,Mark Dobbs,156
Butler,POPLAR BLUFF WARD 4,SHERIFF ,,REP,Mark Dobbs,581
Butler,POPLAR BLUFF WARD 5,SHERIFF ,,REP,Mark Dobbs,224
Butler,QULIN/OGLESVILLE/FAGUS,SHERIFF ,,REP,Mark Dobbs,263
Butler,ROMBAUER,SHERIFF ,,REP,Mark Dobbs,44
Butler,SALE BARN,SHERIFF ,,REP,Mark Dobbs,224
Butler,TWIN SPRINGS,SHERIFF ,,REP,Mark Dobbs,597
Butler,WALTON CHAPEL,SHERIFF ,,REP,Mark Dobbs,111
Butler,WAPPAPELLO,SHERIFF ,,REP,Mark Dobbs,253
Butler,CENTRAL POLLING LOCATION,SHERIFF ,,REP,Mark Dobbs,2
Butler,ABSENTEE,SHERIFF ,,REP,Mark Dobbs,381
Butler,BROSELEY,ASSESSOR ,,REP,Chris Rickman,186
Butler,CANE CREEK/MOARK,ASSESSOR ,,REP,Chris Rickman,773
Butler,COON ISLAND,ASSESSOR ,,REP,Chris Rickman,63
Butler,FISK,ASSESSOR ,,REP,Chris Rickman,167
Butler,HENDRICKSON,ASSESSOR ,,REP,Chris Rickman,228
Butler,HILLVIEW,ASSESSOR ,,REP,Chris Rickman,427
Butler,KINYON,ASSESSOR ,,REP,Chris Rickman,418
Butler,LAKE ROAD,ASSESSOR ,,REP,Chris Rickman,329
Butler,NEELYVILLE,ASSESSOR ,,REP,Chris Rickman,108
Butler,OAK BRIER,ASSESSOR ,,REP,Chris Rickman,110
Butler,OAK GROVE,ASSESSOR ,,REP,Chris Rickman,547
Butler,POPLAR BLUFF WARD 1,ASSESSOR ,,REP,Chris Rickman,243
Butler,POPLAR BLUFF WARD 2,ASSESSOR ,,REP,Chris Rickman,392
Butler,POPLAR BLUFF WARD 3,ASSESSOR ,,REP,Chris Rickman,151
Butler,POPLAR BLUFF WARD 4,ASSESSOR ,,REP,Chris Rickman,564
Butler,POPLAR BLUFF WARD 5,ASSESSOR ,,REP,Chris Rickman,214
Butler,QULIN/OGLESVILLE/FAGUS,ASSESSOR ,,REP,Chris Rickman,268
Butler,ROMBAUER,ASSESSOR ,,REP,Chris Rickman,46
Butler,SALE BARN,ASSESSOR ,,REP,Chris Rickman,223
Butler,TWIN SPRINGS,ASSESSOR ,,REP,Chris Rickman,586
Butler,WALTON CHAPEL,ASSESSOR ,,REP,Chris Rickman,104
Butler,WAPPAPELLO,ASSESSOR ,,REP,Chris Rickman,246
Butler,CENTRAL POLLING LOCATION,ASSESSOR ,,REP,Chris Rickman,2
Butler,ABSENTEE,ASSESSOR ,,REP,Chris Rickman,371
Butler,BROSELEY,PUBLIC ADMINISTRATOR ,,REP,Sharron Payne,50
Butler,CANE CREEK/MOARK,PUBLIC ADMINISTRATOR ,,REP,Sharron Payne,220
Butler,COON ISLAND,PUBLIC ADMINISTRATOR ,,REP,Sharron Payne,24
Butler,FISK,PUBLIC ADMINISTRATOR ,,REP,Sharron Payne,40
Butler,HENDRICKSON,PUBLIC ADMINISTRATOR ,,REP,Sharron Payne,69
Butler,HILLVIEW,PUBLIC ADMINISTRATOR ,,REP,Sharron Payne,114
Butler,KINYON,PUBLIC ADMINISTRATOR ,,REP,Sharron Payne,114
Butler,LAKE ROAD,PUBLIC ADMINISTRATOR ,,REP,Sharron Payne,81
Butler,NEELYVILLE,PUBLIC ADMINISTRATOR ,,REP,Sharron Payne,38
Butler,OAK BRIER,PUBLIC ADMINISTRATOR ,,REP,Sharron Payne,28
Butler,OAK GROVE,PUBLIC ADMINISTRATOR ,,REP,Sharron Payne,163
Butler,POPLAR BLUFF WARD 1,PUBLIC ADMINISTRATOR ,,REP,Sharron Payne,67
Butler,POPLAR BLUFF WARD 2,PUBLIC ADMINISTRATOR ,,REP,Sharron Payne,127
Butler,POPLAR BLUFF WARD 3,PUBLIC ADMINISTRATOR ,,REP,Sharron Payne,47
Butler,POPLAR BLUFF WARD 4,PUBLIC ADMINISTRATOR ,,REP,Sharron Payne,182
Butler,POPLAR BLUFF WARD 5,PUBLIC ADMINISTRATOR ,,REP,Sharron Payne,62
Butler,QULIN/OGLESVILLE/FAGUS,PUBLIC ADMINISTRATOR ,,REP,Sharron Payne,61
Butler,ROMBAUER,PUBLIC ADMINISTRATOR ,,REP,Sharron Payne,13
Butler,SALE BARN,PUBLIC ADMINISTRATOR ,,REP,Sharron Payne,47
Butler,TWIN SPRINGS,PUBLIC ADMINISTRATOR ,,REP,Sharron Payne,162
Butler,WALTON CHAPEL,PUBLIC ADMINISTRATOR ,,REP,Sharron Payne,41
Butler,WAPPAPELLO,PUBLIC ADMINISTRATOR ,,REP,Sharron Payne,73
Butler,CENTRAL POLLING LOCATION,PUBLIC ADMINISTRATOR ,,REP,Sharron Payne,0
Butler,ABSENTEE,PUBLIC ADMINISTRATOR ,,REP,Sharron Payne,156
Butler,BROSELEY,PUBLIC ADMINISTRATOR ,,REP,Cheryl Baker,31
Butler,CANE CREEK/MOARK,PUBLIC ADMINISTRATOR ,,REP,Cheryl Baker,282
Butler,COON ISLAND,PUBLIC ADMINISTRATOR ,,REP,Cheryl Baker,9
Butler,FISK,PUBLIC ADMINISTRATOR ,,REP,Cheryl Baker,32
Butler,HENDRICKSON,PUBLIC ADMINISTRATOR ,,REP,Cheryl Baker,72
Butler,HILLVIEW,PUBLIC ADMINISTRATOR ,,REP,Cheryl Baker,122
Butler,KINYON,PUBLIC ADMINISTRATOR ,,REP,Cheryl Baker,129
Butler,LAKE ROAD,PUBLIC ADMINISTRATOR ,,REP,Cheryl Baker,90
Butler,NEELYVILLE,PUBLIC ADMINISTRATOR ,,REP,Cheryl Baker,15
Butler,OAK BRIER,PUBLIC ADMINISTRATOR ,,REP,Cheryl Baker,28
Butler,OAK GROVE,PUBLIC ADMINISTRATOR ,,REP,Cheryl Baker,195
Butler,POPLAR BLUFF WARD 1,PUBLIC ADMINISTRATOR ,,REP,Cheryl Baker,68
Butler,POPLAR BLUFF WARD 2,PUBLIC ADMINISTRATOR ,,REP,Cheryl Baker,140
Butler,POPLAR BLUFF WARD 3,PUBLIC ADMINISTRATOR ,,REP,Cheryl Baker,45
Butler,POPLAR BLUFF WARD 4,PUBLIC ADMINISTRATOR ,,REP,Cheryl Baker,192
Butler,POPLAR BLUFF WARD 5,PUBLIC ADMINISTRATOR ,,REP,Cheryl Baker,70
Butler,QULIN/OGLESVILLE/FAGUS,PUBLIC ADMINISTRATOR ,,REP,Cheryl Baker,42
Butler,ROMBAUER,PUBLIC ADMINISTRATOR ,,REP,Cheryl Baker,15
Butler,SALE BARN,PUBLIC ADMINISTRATOR ,,REP,Cheryl Baker,63
Butler,TWIN SPRINGS,PUBLIC ADMINISTRATOR ,,REP,Cheryl Baker,183
Butler,WALTON CHAPEL,PUBLIC ADMINISTRATOR ,,REP,Cheryl Baker,21
Butler,WAPPAPELLO,PUBLIC ADMINISTRATOR ,,REP,Cheryl Baker,55
Butler,CENTRAL POLLING LOCATION,PUBLIC ADMINISTRATOR ,,REP,Cheryl Baker,1
Butler,ABSENTEE,PUBLIC ADMINISTRATOR ,,REP,Cheryl Baker,86
Butler,BROSELEY,PUBLIC ADMINISTRATOR ,,REP,Margie Shipman,28
Butler,CANE CREEK/MOARK,PUBLIC ADMINISTRATOR ,,REP,Margie Shipman,124
Butler,COON ISLAND,PUBLIC ADMINISTRATOR ,,REP,Margie Shipman,13
Butler,FISK,PUBLIC ADMINISTRATOR ,,REP,Margie Shipman,33
Butler,HENDRICKSON,PUBLIC ADMINISTRATOR ,,REP,Margie Shipman,40
Butler,HILLVIEW,PUBLIC ADMINISTRATOR ,,REP,Margie Shipman,69
Butler,KINYON,PUBLIC ADMINISTRATOR ,,REP,Margie Shipman,83
Butler,LAKE ROAD,PUBLIC ADMINISTRATOR ,,REP,Margie Shipman,95
Butler,NEELYVILLE,PUBLIC ADMINISTRATOR ,,REP,Margie Shipman,25
Butler,OAK BRIER,PUBLIC ADMINISTRATOR ,,REP,Margie Shipman,20
Butler,OAK GROVE,PUBLIC ADMINISTRATOR ,,REP,Margie Shipman,82
Butler,POPLAR BLUFF WARD 1,PUBLIC ADMINISTRATOR ,,REP,Margie Shipman,62
Butler,POPLAR BLUFF WARD 2,PUBLIC ADMINISTRATOR ,,REP,Margie Shipman,79
Butler,POPLAR BLUFF WARD 3,PUBLIC ADMINISTRATOR ,,REP,Margie Shipman,36
Butler,POPLAR BLUFF WARD 4,PUBLIC ADMINISTRATOR ,,REP,Margie Shipman,117
Butler,POPLAR BLUFF WARD 5,PUBLIC ADMINISTRATOR ,,REP,Margie Shipman,56
Butler,QULIN/OGLESVILLE/FAGUS,PUBLIC ADMINISTRATOR ,,REP,Margie Shipman,48
Butler,ROMBAUER,PUBLIC ADMINISTRATOR ,,REP,Margie Shipman,7
Butler,SALE BARN,PUBLIC ADMINISTRATOR ,,REP,Margie Shipman,47
Butler,TWIN SPRINGS,PUBLIC ADMINISTRATOR ,,REP,Margie Shipman,101
Butler,WALTON CHAPEL,PUBLIC ADMINISTRATOR ,,REP,Margie Shipman,12
Butler,WAPPAPELLO,PUBLIC ADMINISTRATOR ,,REP,Margie Shipman,44
Butler,CENTRAL POLLING LOCATION,PUBLIC ADMINISTRATOR ,,REP,Margie Shipman,0
Butler,ABSENTEE,PUBLIC ADMINISTRATOR ,,REP,Margie Shipman,49
Butler,BROSELEY,PUBLIC ADMINISTRATOR ,,REP,Jeff Darnell,106
Butler,CANE CREEK/MOARK,PUBLIC ADMINISTRATOR ,,REP,Jeff Darnell,229
Butler,COON ISLAND,PUBLIC ADMINISTRATOR ,,REP,Jeff Darnell,21
Butler,FISK,PUBLIC ADMINISTRATOR ,,REP,Jeff Darnell,83
Butler,HENDRICKSON,PUBLIC ADMINISTRATOR ,,REP,Jeff Darnell,68
Butler,HILLVIEW,PUBLIC ADMINISTRATOR ,,REP,Jeff Darnell,176
Butler,KINYON,PUBLIC ADMINISTRATOR ,,REP,Jeff Darnell,129
Butler,LAKE ROAD,PUBLIC ADMINISTRATOR ,,REP,Jeff Darnell,111
Butler,NEELYVILLE,PUBLIC ADMINISTRATOR ,,REP,Jeff Darnell,55
Butler,OAK BRIER,PUBLIC ADMINISTRATOR ,,REP,Jeff Darnell,47
Butler,OAK GROVE,PUBLIC ADMINISTRATOR ,,REP,Jeff Darnell,173
Butler,POPLAR BLUFF WARD 1,PUBLIC ADMINISTRATOR ,,REP,Jeff Darnell,77
Butler,POPLAR BLUFF WARD 2,PUBLIC ADMINISTRATOR ,,REP,Jeff Darnell,101
Butler,POPLAR BLUFF WARD 3,PUBLIC ADMINISTRATOR ,,REP,Jeff Darnell,42
Butler,POPLAR BLUFF WARD 4,PUBLIC ADMINISTRATOR ,,REP,Jeff Darnell,140
Butler,POPLAR BLUFF WARD 5,PUBLIC ADMINISTRATOR ,,REP,Jeff Darnell,57
Butler,QULIN/OGLESVILLE/FAGUS,PUBLIC ADMINISTRATOR ,,REP,Jeff Darnell,144
Butler,ROMBAUER,PUBLIC ADMINISTRATOR ,,REP,Jeff Darnell,22
Butler,SALE BARN,PUBLIC ADMINISTRATOR ,,REP,Jeff Darnell,81
Butler,TWIN SPRINGS,PUBLIC ADMINISTRATOR ,,REP,Jeff Darnell,200
Butler,WALTON CHAPEL,PUBLIC ADMINISTRATOR ,,REP,Jeff Darnell,45
Butler,WAPPAPELLO,PUBLIC ADMINISTRATOR ,,REP,Jeff Darnell,94
Butler,CENTRAL POLLING LOCATION,PUBLIC ADMINISTRATOR ,,REP,Jeff Darnell,1
Butler,ABSENTEE,PUBLIC ADMINISTRATOR ,,REP,Jeff Darnell,133
Butler,BROSELEY,CORONER ,,REP,Andy Moore,118
Butler,CANE CREEK/MOARK,CORONER ,,REP,Andy Moore,407
Butler,COON ISLAND,CORONER ,,REP,Andy Moore,29
Butler,FISK,CORONER ,,REP,Andy Moore,89
Butler,HENDRICKSON,CORONER ,,REP,Andy Moore,118
Butler,HILLVIEW,CORONER ,,REP,Andy Moore,212
Butler,KINYON,CORONER ,,REP,Andy Moore,227
Butler,LAKE ROAD,CORONER ,,REP,Andy Moore,171
Butler,NEELYVILLE,CORONER ,,REP,Andy Moore,56
Butler,OAK BRIER,CORONER ,,REP,Andy Moore,54
Butler,OAK GROVE,CORONER ,,REP,Andy Moore,339
Butler,POPLAR BLUFF WARD 1,CORONER ,,REP,Andy Moore,171
Butler,POPLAR BLUFF WARD 2,CORONER ,,REP,Andy Moore,246
Butler,POPLAR BLUFF WARD 3,CORONER ,,REP,Andy Moore,68
Butler,POPLAR BLUFF WARD 4,CORONER ,,REP,Andy Moore,348
Butler,POPLAR BLUFF WARD 5,CORONER ,,REP,Andy Moore,132
Butler,QULIN/OGLESVILLE/FAGUS,CORONER ,,REP,Andy Moore,161
Butler,ROMBAUER,CORONER ,,REP,Andy Moore,33
Butler,SALE BARN,CORONER ,,REP,Andy Moore,119
Butler,TWIN SPRINGS,CORONER ,,REP,Andy Moore,303
Butler,WALTON CHAPEL,CORONER ,,REP,Andy Moore,55
Butler,WAPPAPELLO,CORONER ,,REP,Andy Moore,126
Butler,CENTRAL POLLING LOCATION,CORONER ,,REP,Andy Moore,2
Butler,ABSENTEE,CORONER ,,REP,Andy Moore,215
Butler,BROSELEY,CORONER ,,REP,Jim Akers,93
Butler,CANE CREEK/MOARK,CORONER ,,REP,Jim Akers,452
Butler,COON ISLAND,CORONER ,,REP,Jim Akers,38
Butler,FISK,CORONER ,,REP,Jim Akers,101
Butler,HENDRICKSON,CORONER ,,REP,Jim Akers,138
Butler,HILLVIEW,CORONER ,,REP,Jim Akers,274
Butler,KINYON,CORONER ,,REP,Jim Akers,226
Butler,LAKE ROAD,CORONER ,,REP,Jim Akers,207
Butler,NEELYVILLE,CORONER ,,REP,Jim Akers,76
Butler,OAK BRIER,CORONER ,,REP,Jim Akers,76
Butler,OAK GROVE,CORONER ,,REP,Jim Akers,276
Butler,POPLAR BLUFF WARD 1,CORONER ,,REP,Jim Akers,107
Butler,POPLAR BLUFF WARD 2,CORONER ,,REP,Jim Akers,211
Butler,POPLAR BLUFF WARD 3,CORONER ,,REP,Jim Akers,101
Butler,POPLAR BLUFF WARD 4,CORONER ,,REP,Jim Akers,297
Butler,POPLAR BLUFF WARD 5,CORONER ,,REP,Jim Akers,112
Butler,QULIN/OGLESVILLE/FAGUS,CORONER ,,REP,Jim Akers,139
Butler,ROMBAUER,CORONER ,,REP,Jim Akers,24
Butler,SALE BARN,CORONER ,,REP,Jim Akers,123
Butler,TWIN SPRINGS,CORONER ,,REP,Jim Akers,345
Butler,WALTON CHAPEL,CORONER ,,REP,Jim Akers,62
Butler,WAPPAPELLO,CORONER ,,REP,Jim Akers,141
Butler,CENTRAL POLLING LOCATION,CORONER ,,REP,Jim Akers,0
Butler,ABSENTEE,CORONER ,,REP,Jim Akers,210
Butler,BROSELEY,CONSTITUTION AMENDMENT NO. 2 ,,NON,YES,56
Butler,CANE CREEK/MOARK,CONSTITUTION AMENDMENT NO. 2 ,,NON,YES,232
Butler,COON ISLAND,CONSTITUTION AMENDMENT NO. 2 ,,NON,YES,23
Butler,FISK,CONSTITUTION AMENDMENT NO. 2 ,,NON,YES,58
Butler,HENDRICKSON,CONSTITUTION AMENDMENT NO. 2 ,,NON,YES,64
Butler,HILLVIEW,CONSTITUTION AMENDMENT NO. 2 ,,NON,YES,106
Butler,KINYON,CONSTITUTION AMENDMENT NO. 2 ,,NON,YES,122
Butler,LAKE ROAD,CONSTITUTION AMENDMENT NO. 2 ,,NON,YES,99
Butler,NEELYVILLE,CONSTITUTION AMENDMENT NO. 2 ,,NON,YES,53
Butler,OAK BRIER,CONSTITUTION AMENDMENT NO. 2 ,,NON,YES,36
Butler,OAK GROVE,CONSTITUTION AMENDMENT NO. 2 ,,NON,YES,183
Butler,POPLAR BLUFF WARD 1,CONSTITUTION AMENDMENT NO. 2 ,,NON,YES,128
Butler,POPLAR BLUFF WARD 2,CONSTITUTION AMENDMENT NO. 2 ,,NON,YES,163
Butler,POPLAR BLUFF WARD 3,CONSTITUTION AMENDMENT NO. 2 ,,NON,YES,107
Butler,POPLAR BLUFF WARD 4,CONSTITUTION AMENDMENT NO. 2 ,,NON,YES,245
Butler,POPLAR BLUFF WARD 5,CONSTITUTION AMENDMENT NO. 2 ,,NON,YES,140
Butler,QULIN/OGLESVILLE/FAGUS,CONSTITUTION AMENDMENT NO. 2 ,,NON,YES,56
Butler,ROMBAUER,CONSTITUTION AMENDMENT NO. 2 ,,NON,YES,17
Butler,SALE BARN,CONSTITUTION AMENDMENT NO. 2 ,,NON,YES,75
Butler,TWIN SPRINGS,CONSTITUTION AMENDMENT NO. 2 ,,NON,YES,144
Butler,WALTON CHAPEL,CONSTITUTION AMENDMENT NO. 2 ,,NON,YES,21
Butler,WAPPAPELLO,CONSTITUTION AMENDMENT NO. 2 ,,NON,YES,57
Butler,FEDERAL,CONSTITUTION AMENDMENT NO. 2 ,,NON,YES,2
Butler,CENTRAL POLLING LOCATION,CONSTITUTION AMENDMENT NO. 2 ,,NON,YES,0
Butler,ABSENTEE,CONSTITUTION AMENDMENT NO. 2 ,,NON,YES,231
Butler,BROSELEY,CONSTITUTION AMENDMENT NO. 2 ,,NON,NO,160
Butler,CANE CREEK/MOARK,CONSTITUTION AMENDMENT NO. 2 ,,NON,NO,685
Butler,COON ISLAND,CONSTITUTION AMENDMENT NO. 2 ,,NON,NO,43
Butler,FISK,CONSTITUTION AMENDMENT NO. 2 ,,NON,NO,152
Butler,HENDRICKSON,CONSTITUTION AMENDMENT NO. 2 ,,NON,NO,210
Butler,HILLVIEW,CONSTITUTION AMENDMENT NO. 2 ,,NON,NO,387
Butler,KINYON,CONSTITUTION AMENDMENT NO. 2 ,,NON,NO,364
Butler,LAKE ROAD,CONSTITUTION AMENDMENT NO. 2 ,,NON,NO,303
Butler,NEELYVILLE,CONSTITUTION AMENDMENT NO. 2 ,,NON,NO,84
Butler,OAK BRIER,CONSTITUTION AMENDMENT NO. 2 ,,NON,NO,97
Butler,OAK GROVE,CONSTITUTION AMENDMENT NO. 2 ,,NON,NO,482
Butler,POPLAR BLUFF WARD 1,CONSTITUTION AMENDMENT NO. 2 ,,NON,NO,194
Butler,POPLAR BLUFF WARD 2,CONSTITUTION AMENDMENT NO. 2 ,,NON,NO,335
Butler,POPLAR BLUFF WARD 3,CONSTITUTION AMENDMENT NO. 2 ,,NON,NO,105
Butler,POPLAR BLUFF WARD 4,CONSTITUTION AMENDMENT NO. 2 ,,NON,NO,478
Butler,POPLAR BLUFF WARD 5,CONSTITUTION AMENDMENT NO. 2 ,,NON,NO,165
Butler,QULIN/OGLESVILLE/FAGUS,CONSTITUTION AMENDMENT NO. 2 ,,NON,NO,242
Butler,ROMBAUER,CONSTITUTION AMENDMENT NO. 2 ,,NON,NO,37
Butler,SALE BARN,CONSTITUTION AMENDMENT NO. 2 ,,NON,NO,189
Butler,TWIN SPRINGS,CONSTITUTION AMENDMENT NO. 2 ,,NON,NO,540
Butler,WALTON CHAPEL,CONSTITUTION AMENDMENT NO. 2 ,,NON,NO,100
Butler,WAPPAPELLO,CONSTITUTION AMENDMENT NO. 2 ,,NON,NO,219
Butler,FEDERAL,CONSTITUTION AMENDMENT NO. 2 ,,NON,NO,0
Butler,CENTRAL POLLING LOCATION,CONSTITUTION AMENDMENT NO. 2 ,,NON,NO,3
Butler,ABSENTEE,CONSTITUTION AMENDMENT NO. 2 ,,NON,NO,298
Butler,BROSELEY,COUNTY LAW ENFORCEMENT SALES TAX ,,NON,YES,138
Butler,CANE CREEK/MOARK,COUNTY LAW ENFORCEMENT SALES TAX ,,NON,YES,660
Butler,COON ISLAND,COUNTY LAW ENFORCEMENT SALES TAX ,,NON,YES,48
Butler,FISK,COUNTY LAW ENFORCEMENT SALES TAX ,,NON,YES,146
Butler,HENDRICKSON,COUNTY LAW ENFORCEMENT SALES TAX ,,NON,YES,206
Butler,HILLVIEW,COUNTY LAW ENFORCEMENT SALES TAX ,,NON,YES,343
Butler,KINYON,COUNTY LAW ENFORCEMENT SALES TAX ,,NON,YES,350
Butler,LAKE ROAD,COUNTY LAW ENFORCEMENT SALES TAX ,,NON,YES,273
Butler,NEELYVILLE,COUNTY LAW ENFORCEMENT SALES TAX ,,NON,YES,97
Butler,OAK BRIER,COUNTY LAW ENFORCEMENT SALES TAX ,,NON,YES,96
Butler,OAK GROVE,COUNTY LAW ENFORCEMENT SALES TAX ,,NON,YES,489
Butler,POPLAR BLUFF WARD 1,COUNTY LAW ENFORCEMENT SALES TAX ,,NON,YES,212
Butler,POPLAR BLUFF WARD 2,COUNTY LAW ENFORCEMENT SALES TAX ,,NON,YES,334
Butler,POPLAR BLUFF WARD 3,COUNTY LAW ENFORCEMENT SALES TAX ,,NON,YES,135
Butler,POPLAR BLUFF WARD 4,COUNTY LAW ENFORCEMENT SALES TAX ,,NON,YES,505
Butler,POPLAR BLUFF WARD 5,COUNTY LAW ENFORCEMENT SALES TAX ,,NON,YES,201
Butler,QULIN/OGLESVILLE/FAGUS,COUNTY LAW ENFORCEMENT SALES TAX ,,NON,YES,183
Butler,ROMBAUER,COUNTY LAW ENFORCEMENT SALES TAX ,,NON,YES,31
Butler,SALE BARN,COUNTY LAW ENFORCEMENT SALES TAX ,,NON,YES,184
Butler,TWIN SPRINGS,COUNTY LAW ENFORCEMENT SALES TAX ,,NON,YES,484
Butler,WALTON CHAPEL,COUNTY LAW ENFORCEMENT SALES TAX ,,NON,YES,79
Butler,WAPPAPELLO,COUNTY LAW ENFORCEMENT SALES TAX ,,NON,YES,184
Butler,CENTRAL POLLING LOCATION,COUNTY LAW ENFORCEMENT SALES TAX ,,NON,YES,3
Butler,ABSENTEE,COUNTY LAW ENFORCEMENT SALES TAX ,,NON,YES,356
Butler,BROSELEY,COUNTY LAW ENFORCEMENT SALES TAX ,,NON,NO,85
Butler,CANE CREEK/MOARK,COUNTY LAW ENFORCEMENT SALES TAX ,,NON,NO,264
Butler,COON ISLAND,COUNTY LAW ENFORCEMENT SALES TAX ,,NON,NO,21
Butler,FISK,COUNTY LAW ENFORCEMENT SALES TAX ,,NON,NO,65
Butler,HENDRICKSON,COUNTY LAW ENFORCEMENT SALES TAX ,,NON,NO,73
Butler,HILLVIEW,COUNTY LAW ENFORCEMENT SALES TAX ,,NON,NO,163
Butler,KINYON,COUNTY LAW ENFORCEMENT SALES TAX ,,NON,NO,142
Butler,LAKE ROAD,COUNTY LAW ENFORCEMENT SALES TAX ,,NON,NO,134
Butler,NEELYVILLE,COUNTY LAW ENFORCEMENT SALES TAX ,,NON,NO,43
Butler,OAK BRIER,COUNTY LAW ENFORCEMENT SALES TAX ,,NON,NO,39
Butler,OAK GROVE,COUNTY LAW ENFORCEMENT SALES TAX ,,NON,NO,186
Butler,POPLAR BLUFF WARD 1,COUNTY LAW ENFORCEMENT SALES TAX ,,NON,NO,111
Butler,POPLAR BLUFF WARD 2,COUNTY LAW ENFORCEMENT SALES TAX ,,NON,NO,173
Butler,POPLAR BLUFF WARD 3,COUNTY LAW ENFORCEMENT SALES TAX ,,NON,NO,79
Butler,POPLAR BLUFF WARD 4,COUNTY LAW ENFORCEMENT SALES TAX ,,NON,NO,231
Butler,POPLAR BLUFF WARD 5,COUNTY LAW ENFORCEMENT SALES TAX ,,NON,NO,104
Butler,QULIN/OGLESVILLE/FAGUS,COUNTY LAW ENFORCEMENT SALES TAX ,,NON,NO,117
Butler,ROMBAUER,COUNTY LAW ENFORCEMENT SALES TAX ,,NON,NO,23
Butler,SALE BARN,COUNTY LAW ENFORCEMENT SALES TAX ,,NON,NO,89
Butler,TWIN SPRINGS,COUNTY LAW ENFORCEMENT SALES TAX ,,NON,NO,208
Butler,WALTON CHAPEL,COUNTY LAW ENFORCEMENT SALES TAX ,,NON,NO,42
Butler,WAPPAPELLO,COUNTY LAW ENFORCEMENT SALES TAX ,,NON,NO,94
Butler,CENTRAL POLLING LOCATION,COUNTY LAW ENFORCEMENT SALES TAX ,,NON,NO,0
Butler,ABSENTEE,COUNTY LAW ENFORCEMENT SALES TAX ,,NON,NO,180